{
  "step": 22,
  "insect_id": "Ant",
  "timestamp": 1753377433.9854255,
  "behavior_type": "idle",
  "duration": 1.0,
  "success": false,
  "energy_cost": 0.01,
  "context": {
    "step": 22,
    "insect_id": "Ant",
    "timestamp": 1753377433.9822211,
    "case": "INS",
    "behavioral_state": "idle",
    "position": [
      0.0,
      0.0,
      0.0
    ],
    "sensory_data": {
      "visual": [
        0.7758809855317306,
        -0.6708378592717582,
        -0.14056924408939425,
        0.028383681699043945,
        -0.9720968820017265,
        -0.5496136879221601,
        -1.2992939316730234,
        0.748866433802936,
        -0.31639321055428954,
        -1.4211771270554654
      ],
      "olfactory": [
        -0.4501821904810915,
        -1.0551876661141943,
        -0.011213667068516515,
        -0.10981559473021779,
        -0.8464718269019115
      ],
      "pheromonal": [
        0.3316302881037127,
        0.0018156917711946937,
        -0.2932015488936734
      ],
      "mechanosensory": [
        0.8986179621605037,
        0.5746526313769188,
        -0.7026418021766251,
        1.1872029478475936
      ]
    },
    "processed_data": {
      "action_selected": "execute_method",
      "confidence": 0.8,
      "action_parameters": {
        "method": "path_integration",
        "parameters": {}
      },
      "total_actions": 45,
      "case_transformations": 1
    }
  },
  "performance_metrics": {
    "confidence": 0.0,
    "action_accuracy": 0.9296615758279964,
    "efficiency": 0.9652949750581122
  }
}