{
  "step": 79,
  "insect_id": "Fruit_Fly",
  "timestamp": 1753377493.364227,
  "behavior_type": "idle",
  "duration": 1.0,
  "success": false,
  "energy_cost": 0.01,
  "context": {
    "step": 79,
    "insect_id": "Fruit_Fly",
    "timestamp": 1753377493.359081,
    "case": "GEN",
    "behavioral_state": "idle",
    "position": [
      0.0,
      0.0,
      0.0
    ],
    "sensory_data": {
      "visual": [
        1.0201263219418428,
        -0.5022348865392126,
        1.3477508485939396,
        0.35540150743715104,
        -0.04526588818673767,
        0.6309684900781499,
        -1.8931878674875677,
        1.2834779733211603,
        0.0988443075111526,
        -0.4029442101424721
      ],
      "olfactory": [
        -1.314605633109136,
        -0.4322423120616101,
        -0.33479732959506525,
        0.9578979825975881,
        -0.013759999540123836
      ],
      "pheromonal": [
        0.7025134459029875,
        -0.010398618690379408,
        -0.08034723996098646
      ],
      "mechanosensory": [
        -0.45602243142940485,
        0.987789741611938,
        0.5365024649711616,
        0.42716310320240813
      ]
    },
    "processed_data": {
      "action_selected": "produce",
      "confidence": 0.8,
      "action_parameters": {
        "output_type": "pheromone",
        "concentration": 1.0
      },
      "total_actions": 159,
      "case_transformations": 79
    }
  },
  "performance_metrics": {
    "confidence": 0.0,
    "action_accuracy": 0.867065607236465,
    "efficiency": 0.9083038268531849
  }
}