{
  "step": 16,
  "insect_id": "Ant",
  "timestamp": 1753377433.9109313,
  "behavior_type": "idle",
  "duration": 1.0,
  "success": false,
  "energy_cost": 0.01,
  "context": {
    "step": 16,
    "insect_id": "Ant",
    "timestamp": 1753377433.9075558,
    "case": "NOM",
    "behavioral_state": "idle",
    "position": [
      0.0,
      0.0,
      0.0
    ],
    "sensory_data": {
      "visual": [
        0.615187480733024,
        0.4164717220098103,
        1.454827712285378,
        1.145127834117091,
        -0.8145810370322367,
        -0.3771121348016374,
        -1.2604672401135166,
        0.5675929894867918,
        -1.0159188130033099,
        -1.2657991489925413
      ],
      "olfactory": [
        -0.6437414291950136,
        -1.2306838027426492,
        -0.44968842262082553,
        -1.401530318440679,
        -0.7623618060932216
      ],
      "pheromonal": [
        -0.4623526629564503,
        -0.19657387677966603,
        -0.17776041589548913
      ],
      "mechanosensory": [
        0.7888030882066273,
        0.8805495101607299,
        -0.10888633489178227,
        2.977044785896514
      ]
    },
    "processed_data": {
      "action_selected": "explore",
      "confidence": 0.8,
      "action_parameters": {
        "direction": "forward",
        "speed": 1.0
      },
      "total_actions": 33,
      "case_transformations": 0
    }
  },
  "performance_metrics": {
    "confidence": 0.0,
    "action_accuracy": 0.8495469113268016,
    "efficiency": 0.8886040242583313
  }
}