{
  "step": 42,
  "insect_id": "Fruit_Fly",
  "timestamp": 1753377453.6640155,
  "behavior_type": "idle",
  "duration": 1.0,
  "success": false,
  "energy_cost": 0.01,
  "context": {
    "step": 42,
    "insect_id": "Fruit_Fly",
    "timestamp": 1753377453.6590426,
    "case": "LOC",
    "behavioral_state": "idle",
    "position": [
      0.0,
      0.0,
      0.0
    ],
    "sensory_data": {
      "visual": [
        0.7755971086035204,
        -0.2927416484018135,
        -0.8883648373920069,
        -1.1718543847218208,
        -1.6105818364626983,
        -0.8834041498339953,
        -0.09460199650314127,
        -0.1823423590730444,
        -0.040294202594503406,
        -0.7167842079864092
      ],
      "olfactory": [
        -0.686365609067808,
        0.10536480753018108,
        0.360547177655875,
        1.0510322830315542,
        0.8694271843529058
      ],
      "pheromonal": [
        1.9313042345926286,
        -1.8477878282605258,
        0.4384555249107225
      ],
      "mechanosensory": [
        -0.2688217230780535,
        0.9627136268946691,
        -1.0159977050808235,
        0.3931813691858656
      ]
    },
    "processed_data": {
      "action_selected": "navigate",
      "confidence": 0.9,
      "action_parameters": {
        "target": "home",
        "method": "path_integration"
      },
      "total_actions": 85,
      "case_transformations": 26
    }
  },
  "performance_metrics": {
    "confidence": 0.0,
    "action_accuracy": 0.8471079722400446,
    "efficiency": 0.8111157550063466
  }
}