{
  "step": 36,
  "insect_id": "Honeybee",
  "timestamp": 1753377453.5851514,
  "behavior_type": "idle",
  "duration": 1.0,
  "success": false,
  "energy_cost": 0.01,
  "context": {
    "step": 36,
    "insect_id": "Honeybee",
    "timestamp": 1753377453.5818677,
    "case": "LOC",
    "behavioral_state": "idle",
    "position": [
      0.0,
      0.0,
      0.0
    ],
    "sensory_data": {
      "visual": [
        0.16555868595575313,
        0.9869254757884954,
        0.5092298098303063,
        1.7592974151623104,
        -0.4151767765269911,
        0.05869636625076151,
        1.8789191542874746,
        -1.2563682814723887,
        -0.467615707416849,
        0.6889418831026229
      ],
      "olfactory": [
        1.1322715003258101,
        0.3816306237521322,
        0.5924234127269629,
        -0.8056252947339566,
        1.319278315326082
      ],
      "pheromonal": [
        -0.47427088456113153,
        -0.19695151545557202,
        -0.10626648128862995
      ],
      "mechanosensory": [
        -0.22800208813473477,
        -1.5410954169719484,
        -1.6578226528781617,
        -0.8619875541592478
      ]
    },
    "processed_data": {
      "action_selected": "navigate",
      "confidence": 0.9,
      "action_parameters": {
        "target": "home",
        "method": "path_integration"
      },
      "total_actions": 73,
      "case_transformations": 25
    }
  },
  "performance_metrics": {
    "confidence": 0.0,
    "action_accuracy": 0.8783764688901958,
    "efficiency": 0.7063157255765585
  }
}