{
  "step": 72,
  "insect_id": "Honeybee",
  "timestamp": 1753377473.7845418,
  "behavior_type": "idle",
  "duration": 1.0,
  "success": false,
  "energy_cost": 0.01,
  "context": {
    "step": 72,
    "insect_id": "Honeybee",
    "timestamp": 1753377473.781445,
    "case": "LOC",
    "behavioral_state": "idle",
    "position": [
      0.0,
      0.0,
      0.0
    ],
    "sensory_data": {
      "visual": [
        -0.4609871907391668,
        0.9144114599497292,
        0.17129831542091853,
        0.8808958123908477,
        -0.6104626108473842,
        -1.4654837315483031,
        -1.887947247913655,
        -0.01128383906978042,
        -0.32511046730590404,
        -0.5688629368167836
      ],
      "olfactory": [
        -1.0000585136880626,
        -1.177444368263957,
        -0.28462601255275755,
        0.13231304817221068,
        0.37916617875319303
      ],
      "pheromonal": [
        0.987976970417552,
        -0.7918697762303432,
        -0.03852771359020721
      ],
      "mechanosensory": [
        2.1627420327991382,
        -0.15516697109667182,
        1.0324285985703427,
        -0.00652594850546057
      ]
    },
    "processed_data": {
      "action_selected": "navigate",
      "confidence": 0.9,
      "action_parameters": {
        "target": "home",
        "method": "path_integration"
      },
      "total_actions": 145,
      "case_transformations": 51
    }
  },
  "performance_metrics": {
    "confidence": 0.0,
    "action_accuracy": 0.6744066880140179,
    "efficiency": 0.9492451438593736
  }
}