{
  "step": 56,
  "insect_id": "Honeybee",
  "timestamp": 1753377473.5682428,
  "behavior_type": "idle",
  "duration": 1.0,
  "success": false,
  "energy_cost": 0.01,
  "context": {
    "step": 56,
    "insect_id": "Honeybee",
    "timestamp": 1753377473.5646489,
    "case": "ACC",
    "behavioral_state": "idle",
    "position": [
      0.0,
      0.0,
      0.0
    ],
    "sensory_data": {
      "visual": [
        -1.434252888226033,
        -0.09464781745964658,
        -0.2523724260920908,
        1.613478768498248,
        0.5073761440263328,
        -1.0785214694863283,
        -0.05897122524773243,
        0.46861457787920374,
        0.8409915307091614,
        -0.006049007225193133
      ],
      "olfactory": [
        1.198219533658314,
        -1.6157474834499597,
        -0.3819185252503806,
        0.3351342050143274,
        -0.552286306027615
      ],
      "pheromonal": [
        0.049479991881637056,
        0.332055931369628,
        0.07599709640882113
      ],
      "mechanosensory": [
        -0.6807688061047326,
        0.23312602370749663,
        -1.7094036796060748,
        0.7111036296339885
      ]
    },
    "processed_data": {
      "action_selected": "observe",
      "confidence": 0.7,
      "action_parameters": {
        "focus": "sensory_input",
        "duration": 1.0
      },
      "total_actions": 113,
      "case_transformations": 50
    }
  },
  "performance_metrics": {
    "confidence": 0.0,
    "action_accuracy": 0.8209653817191813,
    "efficiency": 0.7357381310885156
  }
}