{
  "step": 27,
  "insect_id": "Honeybee",
  "timestamp": 1753377453.476324,
  "behavior_type": "idle",
  "duration": 1.0,
  "success": false,
  "energy_cost": 0.01,
  "context": {
    "step": 27,
    "insect_id": "Honeybee",
    "timestamp": 1753377453.473167,
    "case": "LOC",
    "behavioral_state": "idle",
    "position": [
      0.0,
      0.0,
      0.0
    ],
    "sensory_data": {
      "visual": [
        1.0822539323967506,
        0.7704115629380746,
        -1.0847401544708937,
        -1.038775113620814,
        -0.9805905829124193,
        -0.38322358962556474,
        -1.123638772203845,
        1.097125639492382,
        0.022862979524031567,
        1.3128851667212584
      ],
      "olfactory": [
        1.0373652357251197,
        -1.0092575750431774,
        0.5476312350266463,
        1.1617455407401076,
        -1.0118985413430224
      ],
      "pheromonal": [
        1.2035846490729925,
        -1.7964578262869662,
        1.5197268069941297
      ],
      "mechanosensory": [
        -1.1930825380648404,
        0.7191875412349469,
        0.20456098983723364,
        0.6059634157428258
      ]
    },
    "processed_data": {
      "action_selected": "navigate",
      "confidence": 0.9,
      "action_parameters": {
        "target": "home",
        "method": "path_integration"
      },
      "total_actions": 55,
      "case_transformations": 25
    }
  },
  "performance_metrics": {
    "confidence": 0.0,
    "action_accuracy": 0.9382815713005982,
    "efficiency": 0.7495460878868613
  }
}