{
  "step": 97,
  "insect_id": "Honeybee",
  "timestamp": 1753377493.5664623,
  "behavior_type": "idle",
  "duration": 1.0,
  "success": false,
  "energy_cost": 0.01,
  "context": {
    "step": 97,
    "insect_id": "Honeybee",
    "timestamp": 1753377493.5631938,
    "case": "INS",
    "behavioral_state": "idle",
    "position": [
      0.0,
      0.0,
      0.0
    ],
    "sensory_data": {
      "visual": [
        -1.1941861844680741,
        1.0811082804494454,
        0.037653499498964974,
        1.3276046520553975,
        -1.5419277089270182,
        0.5371913010862963,
        0.4221895711847795,
        -1.2752629251240604,
        -0.26861922215358086,
        -0.7822457336838075
      ],
      "olfactory": [
        1.6792559704820944,
        0.46526926388541034,
        0.034153398516276565,
        0.8997934848096655,
        -0.07273624619988174
      ],
      "pheromonal": [
        -3.149721444064004,
        -0.7631055695836193,
        -0.10883780983934659
      ],
      "mechanosensory": [
        -0.6149548639210419,
        0.5205605573973477,
        -0.6362948295640346,
        0.24310537064798307
      ]
    },
    "processed_data": {
      "action_selected": "execute_method",
      "confidence": 0.8,
      "action_parameters": {
        "method": "path_integration",
        "parameters": {}
      },
      "total_actions": 195,
      "case_transformations": 76
    }
  },
  "performance_metrics": {
    "confidence": 0.0,
    "action_accuracy": 0.8387831569979207,
    "efficiency": 0.7623609120548259
  }
}