{
  "step": 63,
  "insect_id": "Fruit_Fly",
  "timestamp": 1753377473.676698,
  "behavior_type": "idle",
  "duration": 1.0,
  "success": false,
  "energy_cost": 0.01,
  "context": {
    "step": 63,
    "insect_id": "Fruit_Fly",
    "timestamp": 1753377473.672713,
    "case": "GEN",
    "behavioral_state": "idle",
    "position": [
      0.0,
      0.0,
      0.0
    ],
    "sensory_data": {
      "visual": [
        0.7038933473303263,
        1.2621549323440473,
        -1.569432481800655,
        -0.9650034872364713,
        0.06363375475775135,
        -0.9408293361431326,
        0.7073967550885686,
        -0.9247606989245295,
        -1.2099016843923418,
        0.6190043963773264
      ],
      "olfactory": [
        0.36892168612460147,
        -0.4244467396853749,
        -0.5715571961282375,
        0.0797133149850452,
        0.36245173937695985
      ],
      "pheromonal": [
        1.26970603563888,
        0.09411337187981483,
        0.1062046474786845
      ],
      "mechanosensory": [
        0.1319823975973456,
        -0.8476042794325355,
        -0.2522556677169668,
        -1.1077583775344668
      ]
    },
    "processed_data": {
      "action_selected": "produce",
      "confidence": 0.8,
      "action_parameters": {
        "output_type": "pheromone",
        "concentration": 1.0
      },
      "total_actions": 127,
      "case_transformations": 51
    }
  },
  "performance_metrics": {
    "confidence": 0.0,
    "action_accuracy": 0.8189614842162225,
    "efficiency": 0.8291749385943528
  }
}