{
  "step": 11,
  "insect_id": "Ant",
  "timestamp": 1753377433.8451698,
  "behavior_type": "idle",
  "duration": 1.0,
  "success": false,
  "energy_cost": 0.01,
  "context": {
    "step": 11,
    "insect_id": "Ant",
    "timestamp": 1753377433.8404262,
    "case": "NOM",
    "behavioral_state": "idle",
    "position": [
      0.0,
      0.0,
      0.0
    ],
    "sensory_data": {
      "visual": [
        -0.04764609936501669,
        -1.0565557824909588,
        -1.2896687946740326,
        0.02510616553692788,
        0.06760939978612196,
        -1.47770992687441,
        -0.25228262049558736,
        -0.8437764625199207,
        -0.6926131316927545,
        1.5309880500824624
      ],
      "olfactory": [
        -0.8028349264396485,
        -0.6914269334017241,
        0.7868617844349892,
        -0.44955183553105177,
        -1.7158156429744977
      ],
      "pheromonal": [
        -1.146025055709638,
        0.35650472559563495,
        -0.8664519375111756
      ],
      "mechanosensory": [
        -1.2790061582034,
        0.0832219672168961,
        -0.4202860289597189,
        1.0043460885685913
      ]
    },
    "processed_data": {
      "action_selected": "explore",
      "confidence": 0.8,
      "action_parameters": {
        "direction": "forward",
        "speed": 1.0
      },
      "total_actions": 23,
      "case_transformations": 0
    }
  },
  "performance_metrics": {
    "confidence": 0.0,
    "action_accuracy": 0.7704135919396788,
    "efficiency": 0.7031713798495838
  }
}