{
  "step": 15,
  "insect_id": "Ant",
  "timestamp": 1753377433.8989298,
  "behavior_type": "idle",
  "duration": 1.0,
  "success": false,
  "energy_cost": 0.01,
  "context": {
    "step": 15,
    "insect_id": "Ant",
    "timestamp": 1753377433.895596,
    "case": "NOM",
    "behavioral_state": "idle",
    "position": [
      0.0,
      0.0,
      0.0
    ],
    "sensory_data": {
      "visual": [
        -0.9804386436378931,
        0.31920606514998373,
        0.13640884054868926,
        -1.4295914851038827,
        0.5396998251545587,
        0.1857969834472174,
        -0.1193757583314194,
        0.5489197960675527,
        0.9890553381145861,
        1.9771512826583215
      ],
      "olfactory": [
        -0.36342228682133637,
        -0.5503542195866713,
        -0.9043053288733229,
        1.2638372183411075,
        -1.0173593013843731
      ],
      "pheromonal": [
        1.8855521199154595,
        1.0635342293644472,
        0.30430871728738595
      ],
      "mechanosensory": [
        -0.6379710791905583,
        -0.07381978401303303,
        -0.9017541377322026,
        -1.3284415427479748
      ]
    },
    "processed_data": {
      "action_selected": "explore",
      "confidence": 0.8,
      "action_parameters": {
        "direction": "forward",
        "speed": 1.0
      },
      "total_actions": 31,
      "case_transformations": 0
    }
  },
  "performance_metrics": {
    "confidence": 0.0,
    "action_accuracy": 0.6051286324794117,
    "efficiency": 0.9506256855086108
  }
}