{
  "step": 81,
  "insect_id": "Ant",
  "timestamp": 1753377493.3842137,
  "behavior_type": "idle",
  "duration": 1.0,
  "success": false,
  "energy_cost": 0.01,
  "context": {
    "step": 81,
    "insect_id": "Ant",
    "timestamp": 1753377493.3812091,
    "case": "INS",
    "behavioral_state": "idle",
    "position": [
      0.0,
      0.0,
      0.0
    ],
    "sensory_data": {
      "visual": [
        -0.13891495791706876,
        -1.7104791319617265,
        0.15543375860256864,
        1.205465470415428,
        -0.3293647561381671,
        -0.8874717750532515,
        -1.5424480511563807,
        1.0335385018203667,
        1.8184383706836547,
        -2.220375308535294
      ],
      "olfactory": [
        -1.7898827648830655,
        -1.9200696091741698,
        0.03269059227166789,
        0.08497142087085818,
        -0.6019330440694535
      ],
      "pheromonal": [
        2.663341694325737,
        -0.06997907356849194,
        0.49215591002346887
      ],
      "mechanosensory": [
        -1.9399217232134034,
        -1.925914869594545,
        0.26962657840966664,
        -0.8736928167637492
      ]
    },
    "processed_data": {
      "action_selected": "execute_method",
      "confidence": 0.8,
      "action_parameters": {
        "method": "path_integration",
        "parameters": {}
      },
      "total_actions": 163,
      "case_transformations": 83
    }
  },
  "performance_metrics": {
    "confidence": 0.0,
    "action_accuracy": 0.9381644120204564,
    "efficiency": 0.947125822085505
  }
}