{
  "step": 69,
  "insect_id": "Honeybee",
  "timestamp": 1753377473.7457802,
  "behavior_type": "idle",
  "duration": 1.0,
  "success": false,
  "energy_cost": 0.01,
  "context": {
    "step": 69,
    "insect_id": "Honeybee",
    "timestamp": 1753377473.742676,
    "case": "LOC",
    "behavioral_state": "idle",
    "position": [
      0.0,
      0.0,
      0.0
    ],
    "sensory_data": {
      "visual": [
        0.9069991301126976,
        -0.8101204186712131,
        0.519019550084179,
        2.551830695215746,
        1.1310309356831665,
        0.07913332371675033,
        1.1048492400024204,
        2.5766468972840793,
        -1.2246540227655265,
        0.3869881358026085
      ],
      "olfactory": [
        1.3976148364282344,
        -0.7261919616753998,
        -0.42751972896411605,
        -0.3556794489866618,
        -0.1875342861207876
      ],
      "pheromonal": [
        -1.6176257784473822,
        1.1714847032841875,
        0.18759853630759543
      ],
      "mechanosensory": [
        -0.8541747572675378,
        0.9220440701945388,
        1.2545088838348852,
        1.3793366826591
      ]
    },
    "processed_data": {
      "action_selected": "navigate",
      "confidence": 0.9,
      "action_parameters": {
        "target": "home",
        "method": "path_integration"
      },
      "total_actions": 139,
      "case_transformations": 51
    }
  },
  "performance_metrics": {
    "confidence": 0.0,
    "action_accuracy": 0.8306149774232845,
    "efficiency": 0.8897184250379917
  }
}