{
  "step": 28,
  "insect_id": "Honeybee",
  "timestamp": 1753377453.4888804,
  "behavior_type": "idle",
  "duration": 1.0,
  "success": false,
  "energy_cost": 0.01,
  "context": {
    "step": 28,
    "insect_id": "Honeybee",
    "timestamp": 1753377453.4853582,
    "case": "LOC",
    "behavioral_state": "idle",
    "position": [
      0.0,
      0.0,
      0.0
    ],
    "sensory_data": {
      "visual": [
        0.38523191871979007,
        -0.6582816102237139,
        -0.20770723422607743,
        -1.702531934051028,
        0.3322031492147053,
        0.5051622878572691,
        0.8008438427395828,
        0.4284652410784515,
        -0.08341273981406036,
        1.2875375324951162
      ],
      "olfactory": [
        2.7734965468220842,
        -1.4621875782249056,
        1.3282415834365051,
        0.08922930631410418,
        -1.3287793776594907
      ],
      "pheromonal": [
        -1.3674753793161785,
        0.8432892998732597,
        1.462583190368917
      ],
      "mechanosensory": [
        0.25307228415476146,
        -1.2471608805800898,
        0.7149591085619333,
        0.574685409729993
      ]
    },
    "processed_data": {
      "action_selected": "navigate",
      "confidence": 0.9,
      "action_parameters": {
        "target": "home",
        "method": "path_integration"
      },
      "total_actions": 57,
      "case_transformations": 25
    }
  },
  "performance_metrics": {
    "confidence": 0.0,
    "action_accuracy": 0.8651794881312207,
    "efficiency": 0.7333463167390669
  }
}