{
  "step": 10,
  "insect_id": "Ant",
  "timestamp": 1753377433.8315156,
  "behavior_type": "idle",
  "duration": 1.0,
  "success": false,
  "energy_cost": 0.01,
  "context": {
    "step": 10,
    "insect_id": "Ant",
    "timestamp": 1753377433.8281796,
    "case": "NOM",
    "behavioral_state": "idle",
    "position": [
      0.0,
      0.0,
      0.0
    ],
    "sensory_data": {
      "visual": [
        -0.5690803007324994,
        -0.4536722118789754,
        -0.6717872861816414,
        3.9173934397536025,
        0.6116552067746903,
        -0.7548987170929412,
        -0.31150476101073654,
        1.7747230481467153,
        -0.05488976667539161,
        0.8644682885231882
      ],
      "olfactory": [
        1.7479929020026324,
        -0.07194411252748215,
        1.5918721949295702,
        -1.1945471634037872,
        0.10033986737637794
      ],
      "pheromonal": [
        -0.3522351683385793,
        0.07870638732271723,
        0.41855977362990565
      ],
      "mechanosensory": [
        0.2048232458124987,
        -0.9982756253839385,
        0.1484337248799924,
        0.7241872259636721
      ]
    },
    "processed_data": {
      "action_selected": "explore",
      "confidence": 0.8,
      "action_parameters": {
        "direction": "forward",
        "speed": 1.0
      },
      "total_actions": 21,
      "case_transformations": 0
    }
  },
  "performance_metrics": {
    "confidence": 0.0,
    "action_accuracy": 0.7489511029872764,
    "efficiency": 0.9316109449878375
  }
}