{
  "step": 1,
  "insect_id": "Ant",
  "timestamp": 1753377433.7264879,
  "behavior_type": "idle",
  "duration": 1.0,
  "success": false,
  "energy_cost": 0.01,
  "context": {
    "step": 1,
    "insect_id": "Ant",
    "timestamp": 1753377433.7200277,
    "case": "NOM",
    "behavioral_state": "idle",
    "position": [
      0.0,
      0.0,
      0.0
    ],
    "sensory_data": {
      "visual": [
        -0.3947441574137619,
        1.0345716323088412,
        -0.49925448382870474,
        -0.3373418588632639,
        1.426830914366402,
        1.0314542074848039,
        -0.0003330500874003226,
        0.484921045443475,
        1.4407005494487195,
        -0.10798831126823616
      ],
      "olfactory": [
        -2.4305712508718287,
        -0.26467278803837446,
        -0.14471774517544275,
        -1.8897288640521879,
        -0.6553016729705864
      ],
      "pheromonal": [
        1.9453326247003546,
        -0.6562319895044323,
        -0.753041648825503
      ],
      "mechanosensory": [
        -0.8663781444266693,
        0.9269325347129398,
        -0.8522869692587357,
        -0.1691294996540126
      ]
    },
    "processed_data": {
      "action_selected": "explore",
      "confidence": 0.8,
      "action_parameters": {
        "direction": "forward",
        "speed": 1.0
      },
      "total_actions": 3,
      "case_transformations": 0
    }
  },
  "performance_metrics": {
    "confidence": 0.0,
    "action_accuracy": 0.9393894052696208,
    "efficiency": 0.7502315044880675
  }
}