{
  "step": 34,
  "insect_id": "Fruit_Fly",
  "timestamp": 1753377453.568873,
  "behavior_type": "idle",
  "duration": 1.0,
  "success": false,
  "energy_cost": 0.01,
  "context": {
    "step": 34,
    "insect_id": "Fruit_Fly",
    "timestamp": 1753377453.5657928,
    "case": "ACC",
    "behavioral_state": "idle",
    "position": [
      0.0,
      0.0,
      0.0
    ],
    "sensory_data": {
      "visual": [
        -0.803045871075944,
        -1.224908608291475,
        0.27254301771301154,
        0.33057306240772427,
        0.41691533738346687,
        0.9802729921841313,
        -0.2060843964294994,
        -1.283285416977665,
        -1.0580722068334367,
        2.7194832810075487
      ],
      "olfactory": [
        0.5021506599938318,
        0.29808029471949277,
        -0.47144148424132415,
        -0.99182323308255,
        0.9395755270408448
      ],
      "pheromonal": [
        -0.41750071185600135,
        0.42280780899799963,
        -0.9121902489999837
      ],
      "mechanosensory": [
        1.474022235956461,
        0.7122851620662665,
        -0.43286782002156127,
        1.7758509106660871
      ]
    },
    "processed_data": {
      "action_selected": "observe",
      "confidence": 0.7,
      "action_parameters": {
        "focus": "sensory_input",
        "duration": 1.0
      },
      "total_actions": 69,
      "case_transformations": 25
    }
  },
  "performance_metrics": {
    "confidence": 0.0,
    "action_accuracy": 0.8328824204248055,
    "efficiency": 0.9424384760205358
  }
}