{
  "step": 27,
  "insect_id": "Ant",
  "timestamp": 1753377453.4815123,
  "behavior_type": "idle",
  "duration": 1.0,
  "success": false,
  "energy_cost": 0.01,
  "context": {
    "step": 27,
    "insect_id": "Ant",
    "timestamp": 1753377453.4767606,
    "case": "INS",
    "behavioral_state": "idle",
    "position": [
      0.0,
      0.0,
      0.0
    ],
    "sensory_data": {
      "visual": [
        -0.05241877019820365,
        0.015890414730514155,
        1.0673562380174582,
        -0.7272126355138779,
        1.2677603533562067,
        -0.8090598492819387,
        -1.215740307727487,
        1.7762982288118898,
        0.10220843987120627,
        2.047814640751574
      ],
      "olfactory": [
        -0.20884294122294067,
        -0.4756187963970067,
        0.6136766853723054,
        -1.6497939534781878,
        0.7119001684490854
      ],
      "pheromonal": [
        0.7027624171559772,
        -1.2475148445061763,
        0.7870990778111411
      ],
      "mechanosensory": [
        -0.43813753911863945,
        -1.3480523426722664,
        0.14805510042698078,
        2.161490703789799
      ]
    },
    "processed_data": {
      "action_selected": "execute_method",
      "confidence": 0.8,
      "action_parameters": {
        "method": "path_integration",
        "parameters": {}
      },
      "total_actions": 55,
      "case_transformations": 29
    }
  },
  "performance_metrics": {
    "confidence": 0.0,
    "action_accuracy": 0.6213367712678233,
    "efficiency": 0.9261338151900645
  }
}