{
  "step": 93,
  "insect_id": "Ant",
  "timestamp": 1753377493.5235004,
  "behavior_type": "idle",
  "duration": 1.0,
  "success": false,
  "energy_cost": 0.01,
  "context": {
    "step": 93,
    "insect_id": "Ant",
    "timestamp": 1753377493.5206015,
    "case": "INS",
    "behavioral_state": "idle",
    "position": [
      0.0,
      0.0,
      0.0
    ],
    "sensory_data": {
      "visual": [
        -1.3144804742827643,
        0.08606308576768491,
        0.12809091485976207,
        -2.208457812759968,
        1.5140813185002089,
        1.2872508316219706,
        -0.6020608459049025,
        0.4781321840417065,
        -2.136457639352012,
        -1.2661136715547974
      ],
      "olfactory": [
        -0.23227824069041833,
        -0.7407842579453571,
        -0.41139736790260656,
        1.2743335869854087,
        0.6766752046114387
      ],
      "pheromonal": [
        0.917096764303154,
        1.331737273173006,
        -0.7183619854265922
      ],
      "mechanosensory": [
        0.26031927780363306,
        -1.2090616024599317,
        0.1955253896957237,
        -0.28374092333856776
      ]
    },
    "processed_data": {
      "action_selected": "execute_method",
      "confidence": 0.8,
      "action_parameters": {
        "method": "path_integration",
        "parameters": {}
      },
      "total_actions": 187,
      "case_transformations": 83
    }
  },
  "performance_metrics": {
    "confidence": 0.0,
    "action_accuracy": 0.7047845374610587,
    "efficiency": 0.7644753051765849
  }
}