{
  "step": 70,
  "insect_id": "Honeybee",
  "timestamp": 1753377473.7595112,
  "behavior_type": "idle",
  "duration": 1.0,
  "success": false,
  "energy_cost": 0.01,
  "context": {
    "step": 70,
    "insect_id": "Honeybee",
    "timestamp": 1753377473.7559085,
    "case": "LOC",
    "behavioral_state": "idle",
    "position": [
      0.0,
      0.0,
      0.0
    ],
    "sensory_data": {
      "visual": [
        0.7129219407263168,
        2.281138476733557,
        1.5722483088131578,
        -0.9840192252838127,
        -0.06542695179363428,
        -1.4042709984617194,
        -2.4980550294948416,
        0.9368041257404925,
        -0.191371019423149,
        -1.274042552077482
      ],
      "olfactory": [
        0.46780652835265685,
        1.2846576364376758,
        0.5205880684459075,
        0.030852867320562725,
        -0.16111810115691133
      ],
      "pheromonal": [
        1.2958453648759156,
        1.1927062695279944,
        -0.5815314456990874
      ],
      "mechanosensory": [
        -0.40205890661571386,
        0.00983720547198561,
        1.4564614746928135,
        -0.3005457409717186
      ]
    },
    "processed_data": {
      "action_selected": "navigate",
      "confidence": 0.9,
      "action_parameters": {
        "target": "home",
        "method": "path_integration"
      },
      "total_actions": 141,
      "case_transformations": 51
    }
  },
  "performance_metrics": {
    "confidence": 0.0,
    "action_accuracy": 0.7433801163973843,
    "efficiency": 0.7142594909039803
  }
}