{
  "step": 78,
  "insect_id": "Honeybee",
  "timestamp": 1753377493.3440883,
  "behavior_type": "idle",
  "duration": 1.0,
  "success": false,
  "energy_cost": 0.01,
  "context": {
    "step": 78,
    "insect_id": "Honeybee",
    "timestamp": 1753377493.340088,
    "case": "LOC",
    "behavioral_state": "idle",
    "position": [
      0.0,
      0.0,
      0.0
    ],
    "sensory_data": {
      "visual": [
        -0.5530306438487008,
        -0.8719807555047219,
        -1.9960852312268722,
        -1.1390594319586302,
        0.861248484521334,
        0.5745485347504146,
        -1.4800848313080923,
        -0.3179835842131311,
        2.055599701067322,
        -0.7095605193768261
      ],
      "olfactory": [
        0.9653060813805641,
        0.9428172019516688,
        -0.16725979331603824,
        0.7878566915999299,
        0.5713019079126443
      ],
      "pheromonal": [
        0.04958298781993087,
        0.9627584996923395,
        -1.329453439474615
      ],
      "mechanosensory": [
        0.35576026799644683,
        0.6993025702312688,
        0.5398324403251874,
        0.21323018263952123
      ]
    },
    "processed_data": {
      "action_selected": "navigate",
      "confidence": 0.9,
      "action_parameters": {
        "target": "home",
        "method": "path_integration"
      },
      "total_actions": 157,
      "case_transformations": 75
    }
  },
  "performance_metrics": {
    "confidence": 0.0,
    "action_accuracy": 0.9275750553205195,
    "efficiency": 0.8959218096286689
  }
}