{
  "step": 3,
  "insect_id": "Honeybee",
  "timestamp": 1753377433.7442105,
  "behavior_type": "idle",
  "duration": 1.0,
  "success": false,
  "energy_cost": 0.01,
  "context": {
    "step": 3,
    "insect_id": "Honeybee",
    "timestamp": 1753377433.7411842,
    "case": "NOM",
    "behavioral_state": "idle",
    "position": [
      0.0,
      0.0,
      0.0
    ],
    "sensory_data": {
      "visual": [
        -0.3336376437213599,
        -1.4158449418841625,
        0.22796891024933885,
        0.771446499333617,
        -0.11209296304804264,
        -0.35028508936107866,
        0.830673660050791,
        0.570557112794108,
        -1.7512709788737029,
        -0.2224472312728819
      ],
      "olfactory": [
        0.07535814323431375,
        0.5774806251381257,
        -0.6495527533907373,
        0.2984306322751388,
        0.47337199126240737
      ],
      "pheromonal": [
        -0.3087913111388812,
        0.7912100102516884,
        -0.19626031028468077
      ],
      "mechanosensory": [
        -0.3367383012680418,
        -1.270806650542235,
        0.7493502783937572,
        1.061150664307209
      ]
    },
    "processed_data": {
      "action_selected": "explore",
      "confidence": 0.8,
      "action_parameters": {
        "direction": "forward",
        "speed": 1.0
      },
      "total_actions": 7,
      "case_transformations": 0
    }
  },
  "performance_metrics": {
    "confidence": 0.0,
    "action_accuracy": 0.6507296903628597,
    "efficiency": 0.8994584912960408
  }
}