{
  "step": 31,
  "insect_id": "Ant",
  "timestamp": 1753377453.5302022,
  "behavior_type": "idle",
  "duration": 1.0,
  "success": false,
  "energy_cost": 0.01,
  "context": {
    "step": 31,
    "insect_id": "Ant",
    "timestamp": 1753377453.525499,
    "case": "INS",
    "behavioral_state": "idle",
    "position": [
      0.0,
      0.0,
      0.0
    ],
    "sensory_data": {
      "visual": [
        -0.036459224109232226,
        0.7205933707162813,
        1.8175024646784776,
        0.6796689592621863,
        0.35679111107369904,
        -0.09604869228598242,
        0.4876418392297636,
        1.426375570696959,
        -2.1394920526550183,
        -0.6259989317366491
      ],
      "olfactory": [
        0.18988020934677552,
        -1.390755791599829,
        0.5145220764453214,
        0.9473055933883852,
        1.4594157165277102
      ],
      "pheromonal": [
        0.8795422257418726,
        1.970374564183631,
        -0.44021628656803863
      ],
      "mechanosensory": [
        1.7605349801550125,
        -1.2375547217962353,
        -0.8298973448476846,
        -1.6031881317259247
      ]
    },
    "processed_data": {
      "action_selected": "execute_method",
      "confidence": 0.8,
      "action_parameters": {
        "method": "path_integration",
        "parameters": {}
      },
      "total_actions": 63,
      "case_transformations": 29
    }
  },
  "performance_metrics": {
    "confidence": 0.0,
    "action_accuracy": 0.7245673009286535,
    "efficiency": 0.9725020026947001
  }
}