{
  "step": 17,
  "insect_id": "Honeybee",
  "timestamp": 1753377433.9186268,
  "behavior_type": "idle",
  "duration": 1.0,
  "success": false,
  "energy_cost": 0.01,
  "context": {
    "step": 17,
    "insect_id": "Honeybee",
    "timestamp": 1753377433.9156985,
    "case": "NOM",
    "behavioral_state": "idle",
    "position": [
      0.0,
      0.0,
      0.0
    ],
    "sensory_data": {
      "visual": [
        0.3861876872563117,
        -0.9686029402675989,
        1.6968025398130195,
        -1.3700473111259346,
        -0.7972912191101534,
        0.959300427966584,
        1.0329100805924853,
        -1.293024679769653,
        1.0599449600933202,
        0.5383691139199133
      ],
      "olfactory": [
        -2.490568913338723,
        -2.2333895818447975,
        0.28702208825868475,
        1.532056998287325,
        -0.049482577147006906
      ],
      "pheromonal": [
        1.4588162405719172,
        -0.25715217072403784,
        0.28351206115520255
      ],
      "mechanosensory": [
        -2.278849034518788,
        1.0061119775031657,
        0.5897772194954356,
        2.171681275268147
      ]
    },
    "processed_data": {
      "action_selected": "explore",
      "confidence": 0.8,
      "action_parameters": {
        "direction": "forward",
        "speed": 1.0
      },
      "total_actions": 35,
      "case_transformations": 0
    }
  },
  "performance_metrics": {
    "confidence": 0.0,
    "action_accuracy": 0.690791226866888,
    "efficiency": 0.9719760459558788
  }
}