{
  "step": 80,
  "insect_id": "Honeybee",
  "timestamp": 1753377493.3676856,
  "behavior_type": "idle",
  "duration": 1.0,
  "success": false,
  "energy_cost": 0.01,
  "context": {
    "step": 80,
    "insect_id": "Honeybee",
    "timestamp": 1753377493.3646364,
    "case": "LOC",
    "behavioral_state": "idle",
    "position": [
      0.0,
      0.0,
      0.0
    ],
    "sensory_data": {
      "visual": [
        -0.25184628213733184,
        0.19498804943234085,
        0.6829950406673406,
        1.1374024301844388,
        0.12878150730001714,
        -0.8503835547329147,
        0.0354239924702292,
        1.7118549367603264,
        1.0178635801600893,
        0.8194365234502055
      ],
      "olfactory": [
        -0.1178737543437357,
        0.9240735368008401,
        -0.3902689161373253,
        0.5114699286995188,
        0.7170039387631545
      ],
      "pheromonal": [
        -0.03593554407559501,
        0.9203177385093325,
        0.6090617797079934
      ],
      "mechanosensory": [
        -0.2500473970337482,
        -0.43338556175354054,
        0.30779324291452986,
        -0.46140608209515444
      ]
    },
    "processed_data": {
      "action_selected": "navigate",
      "confidence": 0.9,
      "action_parameters": {
        "target": "home",
        "method": "path_integration"
      },
      "total_actions": 161,
      "case_transformations": 75
    }
  },
  "performance_metrics": {
    "confidence": 0.0,
    "action_accuracy": 0.8852670330965096,
    "efficiency": 0.7644208824121207
  }
}