{
  "step": 42,
  "timestamp": 1753377453.6622956,
  "insect_positions": {
    "Fruit_Fly": [
      0.0,
      0.0,
      0.0
    ]
  },
  "environment_conditions": {
    "temperature": 24.685440775485645,
    "humidity": 44.73595913757753,
    "light_intensity": 1009.8518597336514,
    "food_availability": 0.6215019576467244
  },
  "social_context": {
    "nearby_insects": 2,
    "communication_signals": 0,
    "colony_activity": 0.4306937100192747
  }
}