{
  "step": 73,
  "timestamp": 1753377473.8049219,
  "insect_positions": {
    "Fruit_Fly": [
      0.0,
      0.0,
      0.0
    ]
  },
  "environment_conditions": {
    "temperature": 26.05130250019842,
    "humidity": 53.25583825984397,
    "light_intensity": 1323.509780539348,
    "food_availability": 0.5118414671709653
  },
  "social_context": {
    "nearby_insects": 2,
    "communication_signals": 4,
    "colony_activity": 0.5208847006190147
  }
}