{
  "step": 43,
  "timestamp": 1753377453.6742158,
  "insect_positions": {
    "Fruit_Fly": [
      0.0,
      0.0,
      0.0
    ]
  },
  "environment_conditions": {
    "temperature": 23.24412876878754,
    "humidity": 58.693081801032946,
    "light_intensity": 988.1984604501985,
    "food_availability": 0.4917141744828216
  },
  "social_context": {
    "nearby_insects": 2,
    "communication_signals": 4,
    "colony_activity": 0.44473841685411747
  }
}