{
  "step": 8,
  "timestamp": 1753377433.8100882,
  "insect_positions": {
    "Fruit_Fly": [
      0.0,
      0.0,
      0.0
    ]
  },
  "environment_conditions": {
    "temperature": 22.264845372782858,
    "humidity": 65.08115030874242,
    "light_intensity": 1284.33284904789,
    "food_availability": 0.9478782675772216
  },
  "social_context": {
    "nearby_insects": 2,
    "communication_signals": 4,
    "colony_activity": 0.8261757740943727
  }
}