{
  "step": 19,
  "timestamp": 1753377433.9503193,
  "insect_positions": {
    "Fruit_Fly": [
      0.0,
      0.0,
      0.0
    ]
  },
  "environment_conditions": {
    "temperature": 27.064681697170293,
    "humidity": 70.0800255048672,
    "light_intensity": 970.5560739009169,
    "food_availability": 0.5184854111043702
  },
  "social_context": {
    "nearby_insects": 2,
    "communication_signals": 3,
    "colony_activity": 0.5514572526946271
  }
}