{
  "step": 68,
  "timestamp": 1753377473.7415187,
  "insect_positions": {
    "Fruit_Fly": [
      0.0,
      0.0,
      0.0
    ]
  },
  "environment_conditions": {
    "temperature": 26.056629241978495,
    "humidity": 64.40270863896899,
    "light_intensity": 1413.7060441755607,
    "food_availability": 0.368155272176407
  },
  "social_context": {
    "nearby_insects": 2,
    "communication_signals": 1,
    "colony_activity": 0.5716410261645037
  }
}