{
  "step": 41,
  "timestamp": 1753377453.6510658,
  "insect_positions": {
    "Fruit_Fly": [
      0.0,
      0.0,
      0.0
    ]
  },
  "environment_conditions": {
    "temperature": 27.957638087932875,
    "humidity": 51.12300473333845,
    "light_intensity": 1219.7066338782397,
    "food_availability": 0.38908426853482847
  },
  "social_context": {
    "nearby_insects": 2,
    "communication_signals": 1,
    "colony_activity": 0.36031207853809066
  }
}