{
  "step": 27,
  "timestamp": 1753377453.4841638,
  "insect_positions": {
    "Fruit_Fly": [
      0.0,
      0.0,
      0.0
    ]
  },
  "environment_conditions": {
    "temperature": 26.353155530597856,
    "humidity": 70.05235590331273,
    "light_intensity": 1344.9292879087843,
    "food_availability": 0.21767582035320132
  },
  "social_context": {
    "nearby_insects": 2,
    "communication_signals": 4,
    "colony_activity": 0.4838536286058346
  }
}