{
  "step": 28,
  "timestamp": 1753377453.4960272,
  "insect_positions": {
    "Fruit_Fly": [
      0.0,
      0.0,
      0.0
    ]
  },
  "environment_conditions": {
    "temperature": 28.318073044096028,
    "humidity": 75.82793240395395,
    "light_intensity": 1184.9031194454692,
    "food_availability": 0.11516155453583046
  },
  "social_context": {
    "nearby_insects": 2,
    "communication_signals": 2,
    "colony_activity": 0.5369852670862016
  }
}