{
  "step": 15,
  "timestamp": 1753377433.9014122,
  "insect_positions": {
    "Fruit_Fly": [
      0.0,
      0.0,
      0.0
    ]
  },
  "environment_conditions": {
    "temperature": 25.940880603550987,
    "humidity": 57.97910997481211,
    "light_intensity": 1065.0252748429884,
    "food_availability": 0.9347696165830126
  },
  "social_context": {
    "nearby_insects": 2,
    "communication_signals": 0,
    "colony_activity": 0.6231323969642812
  }
}