{
  "step": 51,
  "timestamp": 1753377473.5151162,
  "insect_positions": {
    "Fruit_Fly": [
      0.0,
      0.0,
      0.0
    ]
  },
  "environment_conditions": {
    "temperature": 25.86004649717787,
    "humidity": 73.30816696621356,
    "light_intensity": 1225.9991528868652,
    "food_availability": 0.6911717721233966
  },
  "social_context": {
    "nearby_insects": 2,
    "communication_signals": 3,
    "colony_activity": 0.4765792587125012
  }
}