{
  "step": 84,
  "timestamp": 1753377493.4211917,
  "insect_positions": {
    "Fruit_Fly": [
      0.0,
      0.0,
      0.0
    ]
  },
  "environment_conditions": {
    "temperature": 25.330113630668198,
    "humidity": 75.04729822931301,
    "light_intensity": 965.852623822872,
    "food_availability": 0.21733428003139008
  },
  "social_context": {
    "nearby_insects": 2,
    "communication_signals": 1,
    "colony_activity": 0.4365008612258725
  }
}