{
  "step": 11,
  "timestamp": 1753377433.8478227,
  "insect_positions": {
    "Fruit_Fly": [
      0.0,
      0.0,
      0.0
    ]
  },
  "environment_conditions": {
    "temperature": 28.293252517697862,
    "humidity": 75.22983301009853,
    "light_intensity": 1206.0712627416347,
    "food_availability": 0.11843830580140499
  },
  "social_context": {
    "nearby_insects": 2,
    "communication_signals": 0,
    "colony_activity": 0.39157784502067966
  }
}