{
  "step": 81,
  "timestamp": 1753377493.3868308,
  "insect_positions": {
    "Fruit_Fly": [
      0.0,
      0.0,
      0.0
    ]
  },
  "environment_conditions": {
    "temperature": 26.89616450741296,
    "humidity": 58.95446609495241,
    "light_intensity": 915.4058046837418,
    "food_availability": 0.4360032785653304
  },
  "social_context": {
    "nearby_insects": 2,
    "communication_signals": 2,
    "colony_activity": 0.7457573265343816
  }
}