{
  "step": 49,
  "timestamp": 1753377453.744778,
  "insect_positions": {
    "Fruit_Fly": [
      0.0,
      0.0,
      0.0
    ]
  },
  "environment_conditions": {
    "temperature": 23.619540167322235,
    "humidity": 67.99200684269347,
    "light_intensity": 957.3989308324379,
    "food_availability": 0.8121155105153854
  },
  "social_context": {
    "nearby_insects": 2,
    "communication_signals": 3,
    "colony_activity": 0.5229139771435785
  }
}