{
  "step": 36,
  "timestamp": 1753377453.5911915,
  "insect_positions": {
    "Fruit_Fly": [
      0.0,
      0.0,
      0.0
    ]
  },
  "environment_conditions": {
    "temperature": 26.702839236553174,
    "humidity": 57.68313924938904,
    "light_intensity": 1188.1921515796046,
    "food_availability": 0.4486495033664393
  },
  "social_context": {
    "nearby_insects": 2,
    "communication_signals": 4,
    "colony_activity": 0.43150384667896535
  }
}