{
  "step": 45,
  "timestamp": 1753377453.6993024,
  "insect_positions": {
    "Fruit_Fly": [
      0.0,
      0.0,
      0.0
    ]
  },
  "environment_conditions": {
    "temperature": 22.705077469297958,
    "humidity": 53.673644946472365,
    "light_intensity": 969.8853746954311,
    "food_availability": 0.22020356422795806
  },
  "social_context": {
    "nearby_insects": 2,
    "communication_signals": 1,
    "colony_activity": 0.819506979560567
  }
}