{
  "step": 3,
  "timestamp": 1753377433.74998,
  "insect_positions": {
    "Fruit_Fly": [
      0.0,
      0.0,
      0.0
    ]
  },
  "environment_conditions": {
    "temperature": 26.996399194986036,
    "humidity": 62.222526279635275,
    "light_intensity": 827.2772784806673,
    "food_availability": 0.6213896118187885
  },
  "social_context": {
    "nearby_insects": 2,
    "communication_signals": 1,
    "colony_activity": 0.3140853902319158
  }
}