{
  "step": 55,
  "timestamp": 1753377473.5634956,
  "insect_positions": {
    "Fruit_Fly": [
      0.0,
      0.0,
      0.0
    ]
  },
  "environment_conditions": {
    "temperature": 25.415231081868995,
    "humidity": 41.1051243864133,
    "light_intensity": 840.5412859640668,
    "food_availability": 0.3696277632101096
  },
  "social_context": {
    "nearby_insects": 2,
    "communication_signals": 3,
    "colony_activity": 0.5633090802764221
  }
}