{
  "step": 94,
  "timestamp": 1753377493.538389,
  "insect_positions": {
    "Fruit_Fly": [
      0.0,
      0.0,
      0.0
    ]
  },
  "environment_conditions": {
    "temperature": 24.136208481246445,
    "humidity": 51.231669823548046,
    "light_intensity": 999.3542556186385,
    "food_availability": 0.7968633153229081
  },
  "social_context": {
    "nearby_insects": 2,
    "communication_signals": 2,
    "colony_activity": 0.5245920459103002
  }
}