{
  "step": 57,
  "timestamp": 1753377473.5935504,
  "insect_positions": {
    "Fruit_Fly": [
      0.0,
      0.0,
      0.0
    ]
  },
  "environment_conditions": {
    "temperature": 24.876376890383977,
    "humidity": 58.598282199273946,
    "light_intensity": 910.7620904683265,
    "food_availability": 0.4832909168009353
  },
  "social_context": {
    "nearby_insects": 2,
    "communication_signals": 2,
    "colony_activity": 0.5011838320260464
  }
}