{
  "step": 58,
  "timestamp": 1753377473.6057827,
  "insect_positions": {
    "Fruit_Fly": [
      0.0,
      0.0,
      0.0
    ]
  },
  "environment_conditions": {
    "temperature": 27.212077774212002,
    "humidity": 56.51945082904272,
    "light_intensity": 565.7724197364107,
    "food_availability": 0.2772569148606976
  },
  "social_context": {
    "nearby_insects": 2,
    "communication_signals": 0,
    "colony_activity": 0.32827312410722276
  }
}