{
  "step": 71,
  "timestamp": 1753377473.7790074,
  "insect_positions": {
    "Fruit_Fly": [
      0.0,
      0.0,
      0.0
    ]
  },
  "environment_conditions": {
    "temperature": 21.36618675466875,
    "humidity": 39.452627878716974,
    "light_intensity": 1031.43792938372,
    "food_availability": 0.6896283338661725
  },
  "social_context": {
    "nearby_insects": 2,
    "communication_signals": 2,
    "colony_activity": 0.3452077845269199
  }
}