{
  "step": 59,
  "timestamp": 1753377473.6163142,
  "insect_positions": {
    "Fruit_Fly": [
      0.0,
      0.0,
      0.0
    ]
  },
  "environment_conditions": {
    "temperature": 25.874929537226624,
    "humidity": 63.95504075911583,
    "light_intensity": 772.7269627602493,
    "food_availability": 0.642219179140953
  },
  "social_context": {
    "nearby_insects": 2,
    "communication_signals": 2,
    "colony_activity": 0.3162654375631744
  }
}