{
  "step": 90,
  "timestamp": 1753377493.4907365,
  "insect_positions": {
    "Fruit_Fly": [
      0.0,
      0.0,
      0.0
    ]
  },
  "environment_conditions": {
    "temperature": 26.703489008376472,
    "humidity": 72.23441185507781,
    "light_intensity": 932.8443048160796,
    "food_availability": 0.3124696243580629
  },
  "social_context": {
    "nearby_insects": 2,
    "communication_signals": 4,
    "colony_activity": 0.7687265214170926
  }
}