{
  "step": 26,
  "timestamp": 1753377453.4678938,
  "insect_positions": {
    "Fruit_Fly": [
      0.0,
      0.0,
      0.0
    ]
  },
  "environment_conditions": {
    "temperature": 25.78663763167774,
    "humidity": 54.63788159677265,
    "light_intensity": 974.8383055049736,
    "food_availability": 0.4221195207378191
  },
  "social_context": {
    "nearby_insects": 2,
    "communication_signals": 2,
    "colony_activity": 0.3558900381883178
  }
}