{
  "step": 52,
  "timestamp": 1753377473.5282028,
  "insect_positions": {
    "Fruit_Fly": [
      0.0,
      0.0,
      0.0
    ]
  },
  "environment_conditions": {
    "temperature": 26.101153917214273,
    "humidity": 36.05051694593273,
    "light_intensity": 1283.2217826333276,
    "food_availability": 0.4748509263978472
  },
  "social_context": {
    "nearby_insects": 2,
    "communication_signals": 3,
    "colony_activity": 0.4209657383667236
  }
}