{
  "step": 96,
  "timestamp": 1753377493.5616946,
  "insect_positions": {
    "Fruit_Fly": [
      0.0,
      0.0,
      0.0
    ]
  },
  "environment_conditions": {
    "temperature": 20.79924906658413,
    "humidity": 58.64045827631188,
    "light_intensity": 870.0329741076288,
    "food_availability": 0.33136613391509656
  },
  "social_context": {
    "nearby_insects": 2,
    "communication_signals": 4,
    "colony_activity": 0.8665640232417555
  }
}