{
  "step": 82,
  "timestamp": 1753377493.3991818,
  "insect_positions": {
    "Fruit_Fly": [
      0.0,
      0.0,
      0.0
    ]
  },
  "environment_conditions": {
    "temperature": 25.131676776362923,
    "humidity": 52.73132874435097,
    "light_intensity": 1018.3294922238296,
    "food_availability": 0.6674273656029308
  },
  "social_context": {
    "nearby_insects": 2,
    "communication_signals": 4,
    "colony_activity": 0.7521604707371214
  }
}