{
  "step": 87,
  "timestamp": 1753377493.4551914,
  "insect_positions": {
    "Fruit_Fly": [
      0.0,
      0.0,
      0.0
    ]
  },
  "environment_conditions": {
    "temperature": 24.097686328882197,
    "humidity": 53.69807704276699,
    "light_intensity": 913.6538620642098,
    "food_availability": 0.29893743681446705
  },
  "social_context": {
    "nearby_insects": 2,
    "communication_signals": 0,
    "colony_activity": 0.5735625629701866
  }
}