{
  "step": 20,
  "timestamp": 1753377433.9637127,
  "insect_positions": {
    "Fruit_Fly": [
      0.0,
      0.0,
      0.0
    ]
  },
  "environment_conditions": {
    "temperature": 25.472586419475036,
    "humidity": 75.5298040791327,
    "light_intensity": 893.5056028076777,
    "food_availability": 0.3221981965625142
  },
  "social_context": {
    "nearby_insects": 2,
    "communication_signals": 4,
    "colony_activity": 0.8726014806633304
  }
}