{
  "step": 75,
  "timestamp": 1753377486.754826,
  "insect_positions": {
    "Fruit_Fly": [
      0.0,
      0.0,
      0.0
    ]
  },
  "environment_conditions": {
    "temperature": 25.019276325080863,
    "humidity": 51.70093815218834,
    "light_intensity": 1247.0872340677852,
    "food_availability": 0.48010874858483465
  },
  "social_context": {
    "nearby_insects": 2,
    "communication_signals": 1,
    "colony_activity": 0.5109305434033105
  }
}