{
  "step": 70,
  "timestamp": 1753377473.7659636,
  "insect_positions": {
    "Fruit_Fly": [
      0.0,
      0.0,
      0.0
    ]
  },
  "environment_conditions": {
    "temperature": 26.61928267199898,
    "humidity": 60.52492487820754,
    "light_intensity": 814.4127727856562,
    "food_availability": 0.20689963017785956
  },
  "social_context": {
    "nearby_insects": 2,
    "communication_signals": 3,
    "colony_activity": 0.8008110969380395
  }
}