{
  "step": 78,
  "timestamp": 1753377493.3508976,
  "insect_positions": {
    "Fruit_Fly": [
      0.0,
      0.0,
      0.0
    ]
  },
  "environment_conditions": {
    "temperature": 20.07671866622954,
    "humidity": 60.819645395415684,
    "light_intensity": 770.3589132860818,
    "food_availability": 0.635314658006965
  },
  "social_context": {
    "nearby_insects": 2,
    "communication_signals": 1,
    "colony_activity": 0.42788991509628493
  }
}