{
  "step": 13,
  "timestamp": 1753377433.873259,
  "insect_positions": {
    "Fruit_Fly": [
      0.0,
      0.0,
      0.0
    ]
  },
  "environment_conditions": {
    "temperature": 23.170211184901085,
    "humidity": 45.61845945930615,
    "light_intensity": 822.6475429318054,
    "food_availability": 0.5593408750088315
  },
  "social_context": {
    "nearby_insects": 2,
    "communication_signals": 4,
    "colony_activity": 0.8006815424192717
  }
}