{
  "step": 54,
  "timestamp": 1753377473.550917,
  "insect_positions": {
    "Fruit_Fly": [
      0.0,
      0.0,
      0.0
    ]
  },
  "environment_conditions": {
    "temperature": 26.440368526464244,
    "humidity": 55.73981734235598,
    "light_intensity": 1223.0347020102524,
    "food_availability": 0.8029189806142855
  },
  "social_context": {
    "nearby_insects": 2,
    "communication_signals": 2,
    "colony_activity": 0.6616016605950217
  }
}