{
  "step": 25,
  "timestamp": 1753377447.1491785,
  "insect_positions": {
    "Fruit_Fly": [
      0.0,
      0.0,
      0.0
    ]
  },
  "environment_conditions": {
    "temperature": 26.05690327521183,
    "humidity": 64.8805434136663,
    "light_intensity": 1319.2352105361322,
    "food_availability": 0.46310259514839625
  },
  "social_context": {
    "nearby_insects": 2,
    "communication_signals": 2,
    "colony_activity": 0.8891631542664236
  }
}