{
  "step": 31,
  "timestamp": 1753377453.5334895,
  "insect_positions": {
    "Fruit_Fly": [
      0.0,
      0.0,
      0.0
    ]
  },
  "environment_conditions": {
    "temperature": 22.774209491012325,
    "humidity": 66.98788510156822,
    "light_intensity": 888.0619798288587,
    "food_availability": 0.8751830895894465
  },
  "social_context": {
    "nearby_insects": 2,
    "communication_signals": 3,
    "colony_activity": 0.7411432628662298
  }
}