{
  "step": 7,
  "timestamp": 1753377433.797659,
  "insect_positions": {
    "Fruit_Fly": [
      0.0,
      0.0,
      0.0
    ]
  },
  "environment_conditions": {
    "temperature": 23.94081812794088,
    "humidity": 60.767705678597736,
    "light_intensity": 1054.2425314826035,
    "food_availability": 0.7142408584059192
  },
  "social_context": {
    "nearby_insects": 2,
    "communication_signals": 0,
    "colony_activity": 0.3268537138541703
  }
}