{
  "step": 98,
  "timestamp": 1753377493.584665,
  "insect_positions": {
    "Fruit_Fly": [
      0.0,
      0.0,
      0.0
    ]
  },
  "environment_conditions": {
    "temperature": 23.14639146068419,
    "humidity": 55.489175236291274,
    "light_intensity": 1250.5585559989918,
    "food_availability": 0.920570949450173
  },
  "social_context": {
    "nearby_insects": 2,
    "communication_signals": 2,
    "colony_activity": 0.5093349946493895
  }
}