{
  "step": 6,
  "timestamp": 1753377433.7851374,
  "insect_positions": {
    "Fruit_Fly": [
      0.0,
      0.0,
      0.0
    ]
  },
  "environment_conditions": {
    "temperature": 27.232910835087694,
    "humidity": 53.47914316779671,
    "light_intensity": 1266.4229655725599,
    "food_availability": 0.927031293891488
  },
  "social_context": {
    "nearby_insects": 2,
    "communication_signals": 3,
    "colony_activity": 0.8868964627123963
  }
}