{
  "step": 30,
  "timestamp": 1753377453.5208197,
  "insect_positions": {
    "Fruit_Fly": [
      0.0,
      0.0,
      0.0
    ]
  },
  "environment_conditions": {
    "temperature": 24.728267400416016,
    "humidity": 49.2695826879859,
    "light_intensity": 916.8498869029867,
    "food_availability": 0.19305944473568593
  },
  "social_context": {
    "nearby_insects": 2,
    "communication_signals": 0,
    "colony_activity": 0.39357543350461893
  }
}