{
  "step": 4,
  "timestamp": 1753377433.7618818,
  "insect_positions": {
    "Fruit_Fly": [
      0.0,
      0.0,
      0.0
    ]
  },
  "environment_conditions": {
    "temperature": 24.21841156685332,
    "humidity": 63.440512349492025,
    "light_intensity": 1119.2384063356176,
    "food_availability": 0.8805291766164121
  },
  "social_context": {
    "nearby_insects": 2,
    "communication_signals": 4,
    "colony_activity": 0.46264836660425324
  }
}