{
  "step": 14,
  "timestamp": 1753377433.8905387,
  "insect_positions": {
    "Fruit_Fly": [
      0.0,
      0.0,
      0.0
    ]
  },
  "environment_conditions": {
    "temperature": 23.97537312842247,
    "humidity": 60.8119019278605,
    "light_intensity": 1060.508623912469,
    "food_availability": 0.41288753915600196
  },
  "social_context": {
    "nearby_insects": 2,
    "communication_signals": 0,
    "colony_activity": 0.8050746029841789
  }
}