{
  "step": 53,
  "timestamp": 1753377473.5404255,
  "insect_positions": {
    "Fruit_Fly": [
      0.0,
      0.0,
      0.0
    ]
  },
  "environment_conditions": {
    "temperature": 23.44146302330774,
    "humidity": 52.61485984947269,
    "light_intensity": 1371.6893189810703,
    "food_availability": 0.4075214221358634
  },
  "social_context": {
    "nearby_insects": 2,
    "communication_signals": 0,
    "colony_activity": 0.6994707348928905
  }
}