{
  "step": 95,
  "timestamp": 1753377493.5501235,
  "insect_positions": {
    "Fruit_Fly": [
      0.0,
      0.0,
      0.0
    ]
  },
  "environment_conditions": {
    "temperature": 24.729291077589046,
    "humidity": 65.08299278190438,
    "light_intensity": 864.2476576484454,
    "food_availability": 0.32146557461324743
  },
  "social_context": {
    "nearby_insects": 2,
    "communication_signals": 1,
    "colony_activity": 0.31112242611433477
  }
}