{
  "step": 39,
  "timestamp": 1753377453.6249924,
  "insect_positions": {
    "Fruit_Fly": [
      0.0,
      0.0,
      0.0
    ]
  },
  "environment_conditions": {
    "temperature": 28.970561712293968,
    "humidity": 64.25490476635488,
    "light_intensity": 1143.875521242546,
    "food_availability": 0.6892969099892988
  },
  "social_context": {
    "nearby_insects": 2,
    "communication_signals": 2,
    "colony_activity": 0.8812857716723748
  }
}