{
  "step": 18,
  "timestamp": 1753377433.9372602,
  "insect_positions": {
    "Fruit_Fly": [
      0.0,
      0.0,
      0.0
    ]
  },
  "environment_conditions": {
    "temperature": 25.586457853263266,
    "humidity": 84.52077492658088,
    "light_intensity": 966.0019324427653,
    "food_availability": 0.48756416176028194
  },
  "social_context": {
    "nearby_insects": 2,
    "communication_signals": 0,
    "colony_activity": 0.44707944110653275
  }
}