{
  "step": 92,
  "timestamp": 1753377493.5160737,
  "insect_positions": {
    "Fruit_Fly": [
      0.0,
      0.0,
      0.0
    ]
  },
  "environment_conditions": {
    "temperature": 23.808715183824923,
    "humidity": 69.44914384576187,
    "light_intensity": 608.2308996579225,
    "food_availability": 0.910537627953122
  },
  "social_context": {
    "nearby_insects": 2,
    "communication_signals": 3,
    "colony_activity": 0.8460671045406154
  }
}