{
  "step": 5,
  "timestamp": 1753377433.7746985,
  "insect_positions": {
    "Fruit_Fly": [
      0.0,
      0.0,
      0.0
    ]
  },
  "environment_conditions": {
    "temperature": 20.283032450783033,
    "humidity": 56.72019630284837,
    "light_intensity": 697.4091474118245,
    "food_availability": 0.20106791265791057
  },
  "social_context": {
    "nearby_insects": 2,
    "communication_signals": 2,
    "colony_activity": 0.324112431291633
  }
}