{
  "step": 64,
  "timestamp": 1753377473.6889617,
  "insect_positions": {
    "Fruit_Fly": [
      0.0,
      0.0,
      0.0
    ]
  },
  "environment_conditions": {
    "temperature": 24.078094955749496,
    "humidity": 56.78239658631692,
    "light_intensity": 810.0193335679627,
    "food_availability": 0.7052569999922723
  },
  "social_context": {
    "nearby_insects": 2,
    "communication_signals": 0,
    "colony_activity": 0.410091173838817
  }
}