{
  "step": 76,
  "timestamp": 1753377493.3262606,
  "insect_positions": {
    "Fruit_Fly": [
      0.0,
      0.0,
      0.0
    ]
  },
  "environment_conditions": {
    "temperature": 23.658177175277775,
    "humidity": 63.65923152231111,
    "light_intensity": 1113.5007338315447,
    "food_availability": 0.522832280293874
  },
  "social_context": {
    "nearby_insects": 2,
    "communication_signals": 0,
    "colony_activity": 0.3365588949422496
  }
}