{
  "timestamp": 1753377433.7788498,
  "insect_id": "Honeybee",
  "case": "NOM",
  "performance_metrics": {
    "case": "NOM",
    "performance": 0.0,
    "total_actions": 13,
    "success_rate": 0.3
  },
  "context": {
    "step": 6,
    "insect_id": "Honeybee",
    "timestamp": 1753377433.776253,
    "case": "NOM",
    "behavioral_state": "idle",
    "position": [
      0.0,
      0.0,
      0.0
    ],
    "sensory_data": {
      "visual": [
        -0.759268190662976,
        -0.6568976862765896,
        -1.5755430628802922,
        0.5074517306376054,
        -0.5147901800616399,
        0.08872081908716403,
        -1.3637380438253486,
        0.3471679188356528,
        -0.5124405563897202,
        -1.0663273236528665
      ],
      "olfactory": [
        0.3816838856969757,
        -0.5315784926898764,
        0.1414859737110394,
        0.5833900142878169,
        -1.2051048787569176
      ],
      "pheromonal": [
        -0.12579790711347544,
        -1.3615585012743623,
        0.5027587788993702
      ],
      "mechanosensory": [
        -0.5798206289062329,
        -0.5628228987981292,
        0.5944338680871699,
        0.6564017444622736
      ]
    },
    "processed_data": {
      "action_selected": "explore",
      "confidence": 0.8,
      "action_parameters": {
        "direction": "forward",
        "speed": 1.0
      },
      "total_actions": 13,
      "case_transformations": 0
    }
  },
  "duration": 1.0
}