{
  "timestamp": 1753377433.8646367,
  "insect_id": "Honeybee",
  "case": "NOM",
  "performance_metrics": {
    "case": "NOM",
    "performance": 0.0,
    "total_actions": 27,
    "success_rate": 0.3
  },
  "context": {
    "step": 13,
    "insect_id": "Honeybee",
    "timestamp": 1753377433.8619852,
    "case": "NOM",
    "behavioral_state": "idle",
    "position": [
      0.0,
      0.0,
      0.0
    ],
    "sensory_data": {
      "visual": [
        -0.26440480253824533,
        -1.1505799182882346,
        0.6236999608630711,
        0.6224796114860307,
        -0.5759105944658889,
        0.3026723739227317,
        0.6710706811272924,
        0.36035495050290856,
        0.6883155871953667,
        0.8442828242208748
      ],
      "olfactory": [
        0.8024020390459838,
        0.08871954961102295,
        1.5907324652534311,
        1.390342642937994,
        0.03789617876978455
      ],
      "pheromonal": [
        0.47563496033339453,
        0.08927907695601438,
        -1.2992510159519517
      ],
      "mechanosensory": [
        -0.7387132043039697,
        0.3697114528399341,
        -1.3533304997840527,
        0.02066859136375086
      ]
    },
    "processed_data": {
      "action_selected": "explore",
      "confidence": 0.8,
      "action_parameters": {
        "direction": "forward",
        "speed": 1.0
      },
      "total_actions": 27,
      "case_transformations": 0
    }
  },
  "duration": 1.0
}