{
  "timestamp": 1753377493.3393142,
  "insect_id": "Fruit_Fly",
  "case": "GEN",
  "performance_metrics": {
    "case": "GEN",
    "performance": 0.0,
    "total_actions": 155,
    "success_rate": 0.3
  },
  "context": {
    "step": 77,
    "insect_id": "Fruit_Fly",
    "timestamp": 1753377493.336301,
    "case": "GEN",
    "behavioral_state": "idle",
    "position": [
      0.0,
      0.0,
      0.0
    ],
    "sensory_data": {
      "visual": [
        1.297459369238202,
        -0.6063542025233963,
        0.046557102315021415,
        0.6810214089919795,
        1.9020312450681283,
        -0.1162198421573629,
        0.4496883078219397,
        -0.4639435561290804,
        -1.6680023381811706,
        -0.0022444416832817
      ],
      "olfactory": [
        -0.7549863757963502,
        -1.6096739965291165,
        0.998206147084546,
        0.08524178471011067,
        1.0447843207381864
      ],
      "pheromonal": [
        -2.322377944424305,
        -1.3111229354830545,
        0.2694344228157954
      ],
      "mechanosensory": [
        -0.926063225254704,
        0.5297970392869612,
        -1.5828660885848966,
        -0.7172830251726746
      ]
    },
    "processed_data": {
      "action_selected": "produce",
      "confidence": 0.8,
      "action_parameters": {
        "output_type": "pheromone",
        "concentration": 1.0
      },
      "total_actions": 155,
      "case_transformations": 79
    }
  },
  "duration": 1.0
}