{
  "timestamp": 1753377434.0016217,
  "insect_id": "Fruit_Fly",
  "case": "ACC",
  "performance_metrics": {
    "case": "ACC",
    "performance": 0.0,
    "total_actions": 47,
    "success_rate": 0.3
  },
  "context": {
    "step": 23,
    "insect_id": "Fruit_Fly",
    "timestamp": 1753377433.9988992,
    "case": "ACC",
    "behavioral_state": "idle",
    "position": [
      0.0,
      0.0,
      0.0
    ],
    "sensory_data": {
      "visual": [
        -0.32649108079500894,
        -0.3807749754211052,
        -1.6445583386297222,
        -0.29330771607830186,
        -1.629936388118511,
        -0.012308693408799249,
        -1.5486022904569885,
        0.40610689110094894,
        0.038340985141684665,
        -0.31228599580904226
      ],
      "olfactory": [
        1.0828030658743808,
        1.902018358311656,
        -1.0426903227176936,
        1.0606513085371738,
        0.7116782106092379
      ],
      "pheromonal": [
        0.11380387577067862,
        0.7953067043958093,
        -0.4408324956167199
      ],
      "mechanosensory": [
        -1.0513583179635233,
        0.7027960334287633,
        0.1846833990047649,
        0.6223388343089531
      ]
    },
    "processed_data": {
      "action_selected": "observe",
      "confidence": 0.7,
      "action_parameters": {
        "focus": "sensory_input",
        "duration": 1.0
      },
      "total_actions": 47,
      "case_transformations": 1
    }
  },
  "duration": 1.0
}