{
  "timestamp": 1753377433.9066133,
  "insect_id": "Honeybee",
  "case": "NOM",
  "performance_metrics": {
    "case": "NOM",
    "performance": 0.0,
    "total_actions": 33,
    "success_rate": 0.3
  },
  "context": {
    "step": 16,
    "insect_id": "Honeybee",
    "timestamp": 1753377433.9025202,
    "case": "NOM",
    "behavioral_state": "idle",
    "position": [
      0.0,
      0.0,
      0.0
    ],
    "sensory_data": {
      "visual": [
        0.6480630679284959,
        -0.4971098206680327,
        -0.37509556298331137,
        0.12568081746544627,
        0.7048267050858286,
        -0.07272960094966761,
        1.2577330028830285,
        0.22058743249882132,
        0.1993164152397495,
        0.013956356216581778
      ],
      "olfactory": [
        -0.9456097833343301,
        0.870197947776958,
        1.5712184777944367,
        0.2028807707801344,
        -0.20051456614146934
      ],
      "pheromonal": [
        1.1658811642302822,
        0.025812055427503273,
        1.0389631737031932
      ],
      "mechanosensory": [
        0.6508371469575446,
        0.031913192490796674,
        -0.6628375096732019,
        0.10928604588184096
      ]
    },
    "processed_data": {
      "action_selected": "explore",
      "confidence": 0.8,
      "action_parameters": {
        "direction": "forward",
        "speed": 1.0
      },
      "total_actions": 33,
      "case_transformations": 0
    }
  },
  "duration": 1.0
}