{
  "timestamp": 1753377493.5622358,
  "insect_id": "Fruit_Fly",
  "case": "GEN",
  "performance_metrics": {
    "case": "GEN",
    "performance": 0.0,
    "total_actions": 193,
    "success_rate": 0.3
  },
  "context": {
    "step": 96,
    "insect_id": "Fruit_Fly",
    "timestamp": 1753377493.5580547,
    "case": "GEN",
    "behavioral_state": "idle",
    "position": [
      0.0,
      0.0,
      0.0
    ],
    "sensory_data": {
      "visual": [
        0.5513431132882527,
        1.0267106714721308,
        -0.5893377626610623,
        1.7046714352215566,
        -0.3472538967581014,
        -1.2817056126591586,
        0.828689201774732,
        -0.1299520813027939,
        -1.601414564641021,
        0.11522739298346238
      ],
      "olfactory": [
        -0.23455938170336485,
        -0.41000041844603974,
        0.7132908919323018,
        0.4908206478360738,
        -1.5243595592346246
      ],
      "pheromonal": [
        -1.7827558023327004,
        -0.0055837653595278225,
        0.027978561653199056
      ],
      "mechanosensory": [
        0.831445312612924,
        1.1401623044173805,
        -0.04186413104328467,
        1.8490163843052425
      ]
    },
    "processed_data": {
      "action_selected": "produce",
      "confidence": 0.8,
      "action_parameters": {
        "output_type": "pheromone",
        "concentration": 1.0
      },
      "total_actions": 193,
      "case_transformations": 79
    }
  },
  "duration": 1.0
}