{
  "timestamp": 1753377453.7260222,
  "insect_id": "Honeybee",
  "case": "ACC",
  "performance_metrics": {
    "case": "ACC",
    "performance": 0.0,
    "total_actions": 97,
    "success_rate": 0.3
  },
  "context": {
    "step": 48,
    "insect_id": "Honeybee",
    "timestamp": 1753377453.7231834,
    "case": "ACC",
    "behavioral_state": "idle",
    "position": [
      0.0,
      0.0,
      0.0
    ],
    "sensory_data": {
      "visual": [
        1.0127656834662269,
        -1.5660401301293008,
        -2.3042449592984973,
        0.9095972590177507,
        0.9857901877984997,
        0.16613432118358384,
        -0.2362426550908837,
        1.1186087687605961,
        0.45695586240860336,
        0.2791312906071527
      ],
      "olfactory": [
        -1.2575735087573312,
        -0.5336688162140547,
        -0.7655177137601206,
        0.25076536308640934,
        0.34189899903677107
      ],
      "pheromonal": [
        0.602957406541313,
        -0.6289954126122662,
        -0.6919429494816988
      ],
      "mechanosensory": [
        0.7135830461270154,
        0.18510649186997047,
        -0.24413799331130556,
        0.8476101198116425
      ]
    },
    "processed_data": {
      "action_selected": "observe",
      "confidence": 0.7,
      "action_parameters": {
        "focus": "sensory_input",
        "duration": 1.0
      },
      "total_actions": 97,
      "case_transformations": 26
    }
  },
  "duration": 1.0
}