{
  "timestamp": 1753377493.3742783,
  "insect_id": "Fruit_Fly",
  "case": "GEN",
  "performance_metrics": {
    "case": "GEN",
    "performance": 0.0,
    "total_actions": 161,
    "success_rate": 0.3
  },
  "context": {
    "step": 80,
    "insect_id": "Fruit_Fly",
    "timestamp": 1753377493.3716915,
    "case": "GEN",
    "behavioral_state": "idle",
    "position": [
      0.0,
      0.0,
      0.0
    ],
    "sensory_data": {
      "visual": [
        -0.028278244887891005,
        -1.8714247958474848,
        -0.18211711229202437,
        1.435470877589846,
        0.35042969194895757,
        0.5862104255505574,
        -1.532546720298433,
        2.0069292815829924,
        0.021578892027963488,
        -2.3082934908253825
      ],
      "olfactory": [
        -0.44918525217805805,
        -0.09089632403355559,
        1.108454157753147,
        -0.27689003751512586,
        -1.1646509402936434
      ],
      "pheromonal": [
        1.6414743134594043,
        0.2406349349533562,
        -1.375011708174275
      ],
      "mechanosensory": [
        -0.4374046390248192,
        -1.255871177085288,
        -1.9981508387084093,
        -0.3637250786924465
      ]
    },
    "processed_data": {
      "action_selected": "produce",
      "confidence": 0.8,
      "action_parameters": {
        "output_type": "pheromone",
        "concentration": 1.0
      },
      "total_actions": 161,
      "case_transformations": 79
    }
  },
  "duration": 1.0
}