{
  "timestamp": 1753377453.5915604,
  "insect_id": "Fruit_Fly",
  "case": "ACC",
  "performance_metrics": {
    "case": "ACC",
    "performance": 0.0,
    "total_actions": 73,
    "success_rate": 0.3
  },
  "context": {
    "step": 36,
    "insect_id": "Fruit_Fly",
    "timestamp": 1753377453.5888972,
    "case": "ACC",
    "behavioral_state": "idle",
    "position": [
      0.0,
      0.0,
      0.0
    ],
    "sensory_data": {
      "visual": [
        0.9494270473413897,
        0.5247717756314679,
        -0.8578812867178277,
        -0.04495117077521125,
        -0.5382037433566499,
        1.2033848132847698,
        0.8006126062416453,
        0.21614570421688092,
        1.889738537588356,
        -1.1481279801350353
      ],
      "olfactory": [
        -1.634167887783301,
        -0.8186627534364198,
        1.408363308086419,
        -0.12939859545763033,
        -0.6784837986058512
      ],
      "pheromonal": [
        0.6343093975329863,
        1.3811143394322114,
        1.126692779894417
      ],
      "mechanosensory": [
        0.6307518360913186,
        0.6065925922291727,
        -2.5788836295831588,
        -2.148085234909485
      ]
    },
    "processed_data": {
      "action_selected": "observe",
      "confidence": 0.7,
      "action_parameters": {
        "focus": "sensory_input",
        "duration": 1.0
      },
      "total_actions": 73,
      "case_transformations": 25
    }
  },
  "duration": 1.0
}