{
  "timestamp": 1753377493.5505023,
  "insect_id": "Fruit_Fly",
  "case": "GEN",
  "performance_metrics": {
    "case": "GEN",
    "performance": 0.0,
    "total_actions": 191,
    "success_rate": 0.3
  },
  "context": {
    "step": 95,
    "insect_id": "Fruit_Fly",
    "timestamp": 1753377493.5477848,
    "case": "GEN",
    "behavioral_state": "idle",
    "position": [
      0.0,
      0.0,
      0.0
    ],
    "sensory_data": {
      "visual": [
        -0.24817409432643112,
        0.16448551792672791,
        0.6779178501240294,
        2.6883783654960083,
        -2.7354127091001765,
        -1.2144964723528335,
        0.8784980132067602,
        -0.358602924645932,
        1.8221329277809455,
        -1.3841573659016944
      ],
      "olfactory": [
        0.11398018635655564,
        -0.16258333425546617,
        1.3728168320631202,
        -1.100002687471627,
        1.4955879072279823
      ],
      "pheromonal": [
        1.5005034147928427,
        0.5330677954683465,
        -1.194712537623196
      ],
      "mechanosensory": [
        0.5265892759781612,
        -0.006659750079319028,
        -0.674905623133528,
        -0.3661622523915269
      ]
    },
    "processed_data": {
      "action_selected": "produce",
      "confidence": 0.8,
      "action_parameters": {
        "output_type": "pheromone",
        "concentration": 1.0
      },
      "total_actions": 191,
      "case_transformations": 79
    }
  },
  "duration": 1.0
}