{
  "timestamp": 1753377453.6253674,
  "insect_id": "Fruit_Fly",
  "case": "ACC",
  "performance_metrics": {
    "case": "ACC",
    "performance": 0.0,
    "total_actions": 79,
    "success_rate": 0.3
  },
  "context": {
    "step": 39,
    "insect_id": "Fruit_Fly",
    "timestamp": 1753377453.6227248,
    "case": "ACC",
    "behavioral_state": "idle",
    "position": [
      0.0,
      0.0,
      0.0
    ],
    "sensory_data": {
      "visual": [
        2.0671300741801675,
        1.4230832999946128,
        -2.068064387188404,
        1.2172420481018265,
        -0.1543229969668488,
        -1.0509910696478675,
        0.44695821963328825,
        -1.1213578859265503,
        -0.4183431809419197,
        -0.25848028700329273
      ],
      "olfactory": [
        2.195192108724393,
        1.165568440167395,
        1.1853522349200523,
        0.2870648471933439,
        1.3718479357709334
      ],
      "pheromonal": [
        -0.34370965056729236,
        0.11922210658839552,
        -2.7506386018631366
      ],
      "mechanosensory": [
        -0.8178284946122528,
        -0.536785323244447,
        2.288049974132866,
        0.14670004592605035
      ]
    },
    "processed_data": {
      "action_selected": "observe",
      "confidence": 0.7,
      "action_parameters": {
        "focus": "sensory_input",
        "duration": 1.0
      },
      "total_actions": 79,
      "case_transformations": 25
    }
  },
  "duration": 1.0
}