{
  "timestamp": 1753377473.7663393,
  "insect_id": "Fruit_Fly",
  "case": "GEN",
  "performance_metrics": {
    "case": "GEN",
    "performance": 0.0,
    "total_actions": 141,
    "success_rate": 0.3
  },
  "context": {
    "step": 70,
    "insect_id": "Fruit_Fly",
    "timestamp": 1753377473.7635624,
    "case": "GEN",
    "behavioral_state": "idle",
    "position": [
      0.0,
      0.0,
      0.0
    ],
    "sensory_data": {
      "visual": [
        2.9002145021804027,
        0.18498185906345385,
        0.4247945806846658,
        1.358090646120591,
        0.7808299368037265,
        -0.12101203951317449,
        -1.2401638968829547,
        0.3889842942254517,
        1.4468116952955306,
        0.823776730920402
      ],
      "olfactory": [
        -1.7007341116207315,
        -0.5459148142200427,
        -0.10050358865363591,
        -0.4049564658798337,
        0.8415220063953556
      ],
      "pheromonal": [
        0.29031102027082284,
        0.8168992273480533,
        -0.1960563035447282
      ],
      "mechanosensory": [
        -0.31326381103203477,
        -0.09799627213544182,
        -0.24994969404841633,
        0.11064644354029465
      ]
    },
    "processed_data": {
      "action_selected": "produce",
      "confidence": 0.8,
      "action_parameters": {
        "output_type": "pheromone",
        "concentration": 1.0
      },
      "total_actions": 141,
      "case_transformations": 51
    }
  },
  "duration": 1.0
}