{
  "timestamp": 1753377486.7552645,
  "insect_id": "Fruit_Fly",
  "case": "GEN",
  "performance_metrics": {
    "case": "GEN",
    "performance": 0.0,
    "total_actions": 151,
    "success_rate": 0.3
  },
  "context": {
    "step": 75,
    "insect_id": "Fruit_Fly",
    "timestamp": 1753377486.752442,
    "case": "GEN",
    "behavioral_state": "idle",
    "position": [
      0.0,
      0.0,
      0.0
    ],
    "sensory_data": {
      "visual": [
        -1.6258574915860171,
        1.0174374691397057,
        -1.063723365027709,
        0.3093969032300129,
        -1.1745947943950141,
        -1.7895658482658983,
        -1.7515743295672028,
        -1.5893237448283193,
        -0.8459198245892762,
        0.9123814206555171
      ],
      "olfactory": [
        0.3639424552670831,
        0.9097012248856777,
        0.18911096336024852,
        1.7227828436841168,
        1.0577123107882687
      ],
      "pheromonal": [
        0.32284589113394146,
        -0.2286966836513732,
        -0.990544895628032
      ],
      "mechanosensory": [
        -0.35995380878631966,
        0.5366033482018975,
        -0.9799567025026156,
        -2.021622702539124
      ]
    },
    "processed_data": {
      "action_selected": "produce",
      "confidence": 0.8,
      "action_parameters": {
        "output_type": "pheromone",
        "concentration": 1.0
      },
      "total_actions": 151,
      "case_transformations": 51
    }
  },
  "duration": 1.0
}