{
  "step": 18,
  "insect_id": "Honeybee",
  "timestamp": 1753377433.9308512,
  "case": "NOM",
  "performance_metrics": {
    "case": "NOM",
    "performance": 0.0,
    "total_actions": 37,
    "success_rate": 0.3
  },
  "context": {
    "step": 18,
    "insect_id": "Honeybee",
    "timestamp": 1753377433.927981,
    "case": "NOM",
    "behavioral_state": "idle",
    "position": [
      0.0,
      0.0,
      0.0
    ],
    "sensory_data": {
      "visual": [
        -1.3489488176236992,
        -1.102096083282757,
        0.8017379360728352,
        -1.3452601489776117,
        0.3095708345700322,
        -0.03120112413061525,
        -0.9700406572134618,
        2.054814084976624,
        0.732970209547964,
        1.2756353296073142
      ],
      "olfactory": [
        0.62603058938444,
        0.05021336596524015,
        -0.29321414720215055,
        0.6081055131013009,
        0.692782954141419
      ],
      "pheromonal": [
        -0.012951545764378507,
        -0.6976018484910314,
        1.2791613739808263
      ],
      "mechanosensory": [
        3.0622054558470473,
        0.6348130913258369,
        0.11688514778334878,
        0.892184702310263
      ]
    },
    "processed_data": {
      "action_selected": "explore",
      "confidence": 0.8,
      "action_parameters": {
        "direction": "forward",
        "speed": 1.0
      },
      "total_actions": 37,
      "case_transformations": 0
    }
  },
  "duration": 1.0
}