{
  "step": 22,
  "insect_id": "Fruit_Fly",
  "timestamp": 1753377433.9905715,
  "case": "ACC",
  "performance_metrics": {
    "case": "ACC",
    "performance": 0.0,
    "total_actions": 45,
    "success_rate": 0.3
  },
  "context": {
    "step": 22,
    "insect_id": "Fruit_Fly",
    "timestamp": 1753377433.985753,
    "case": "ACC",
    "behavioral_state": "idle",
    "position": [
      0.0,
      0.0,
      0.0
    ],
    "sensory_data": {
      "visual": [
        0.28584561850128726,
        0.9296297710226222,
        -1.2154484118752023,
        1.1651314842458116,
        1.9709325229636694,
        0.40719920229152684,
        -0.590467883746953,
        -0.749135536910423,
        -3.062613525853504,
        -2.0782499451991923
      ],
      "olfactory": [
        -2.532988021518677,
        -1.2279961029893331,
        0.9815749830591353,
        -0.03252069212145459,
        0.39732671851184465
      ],
      "pheromonal": [
        -1.092662489086728,
        -0.3462615501430159,
        1.5022397416491688
      ],
      "mechanosensory": [
        -0.6002197119851643,
        0.13377900836925466,
        -0.7078890286601762,
        -0.3826673075113205
      ]
    },
    "processed_data": {
      "action_selected": "observe",
      "confidence": 0.7,
      "action_parameters": {
        "focus": "sensory_input",
        "duration": 1.0
      },
      "total_actions": 45,
      "case_transformations": 1
    }
  },
  "duration": 1.0
}