{
  "step": 0,
  "insect_id": "Ant",
  "timestamp": 1753377433.711036,
  "case": "NOM",
  "performance_metrics": {
    "case": "NOM",
    "performance": 0.0,
    "total_actions": 1,
    "success_rate": 0.3
  },
  "context": {
    "step": 0,
    "insect_id": "Ant",
    "timestamp": 1753377433.7080264,
    "case": "NOM",
    "behavioral_state": "idle",
    "position": [
      0.0,
      0.0,
      0.0
    ],
    "sensory_data": {
      "visual": [
        0.8548464642976156,
        0.34590076320948576,
        0.8103032437481653,
        0.344954349295413,
        2.026180271975462,
        0.10579317445638763,
        -0.5785836673539229,
        -1.8387668784662887,
        0.8534524720251324,
        -1.4631445983438802
      ],
      "olfactory": [
        -0.5744751589596848,
        -0.2746707986632149,
        1.0768420170712614,
        1.2816392945654695,
        -2.7745889642890007
      ],
      "pheromonal": [
        -0.22848645002037593,
        0.516308835099143,
        -0.03757461409265629
      ],
      "mechanosensory": [
        0.07777858014022608,
        0.5155332676025479,
        0.9151969851738049,
        0.05779541209908431
      ]
    },
    "processed_data": {
      "action_selected": "explore",
      "confidence": 0.8,
      "action_parameters": {
        "direction": "forward",
        "speed": 1.0
      },
      "total_actions": 1,
      "case_transformations": 0
    }
  },
  "duration": 1.0
}