{
  "step": 3,
  "insect_id": "Fruit_Fly",
  "timestamp": 1753377433.7504487,
  "case": "NOM",
  "performance_metrics": {
    "case": "NOM",
    "performance": 0.0,
    "total_actions": 7,
    "success_rate": 0.3
  },
  "context": {
    "step": 3,
    "insect_id": "Fruit_Fly",
    "timestamp": 1753377433.7478876,
    "case": "NOM",
    "behavioral_state": "idle",
    "position": [
      0.0,
      0.0,
      0.0
    ],
    "sensory_data": {
      "visual": [
        0.7163673849445632,
        1.8560579804797583,
        -0.7786311433069943,
        -0.2797997825565661,
        3.268852185974065,
        -0.03243346987307558,
        0.3025723688944982,
        -0.3392449015786187,
        -1.5992268689220441,
        -1.171354664179531
      ],
      "olfactory": [
        0.8123119826310597,
        1.521951038416747,
        -0.3047815704178729,
        -0.2538747483204973,
        -0.6518845504495797
      ],
      "pheromonal": [
        -0.16578779442574218,
        -0.5400464948497624,
        1.131489875815013
      ],
      "mechanosensory": [
        -1.3657807863536775,
        0.4103624816687821,
        1.6946360995371936,
        -0.44582578488387625
      ]
    },
    "processed_data": {
      "action_selected": "explore",
      "confidence": 0.8,
      "action_parameters": {
        "direction": "forward",
        "speed": 1.0
      },
      "total_actions": 7,
      "case_transformations": 0
    }
  },
  "duration": 1.0
}