{
  "step": 29,
  "insect_id": "Fruit_Fly",
  "timestamp": 1753377453.5088491,
  "case": "ACC",
  "performance_metrics": {
    "case": "ACC",
    "performance": 0.0,
    "total_actions": 59,
    "success_rate": 0.3
  },
  "context": {
    "step": 29,
    "insect_id": "Fruit_Fly",
    "timestamp": 1753377453.506057,
    "case": "ACC",
    "behavioral_state": "idle",
    "position": [
      0.0,
      0.0,
      0.0
    ],
    "sensory_data": {
      "visual": [
        -1.3705058976732758,
        -1.0958984628365034,
        -0.9387687362452725,
        0.37647224962417536,
        1.6087195870878663,
        0.5237105336728882,
        -1.9457510304735788,
        1.8743012479008636,
        0.03522663379871765,
        -0.7030462415849685
      ],
      "olfactory": [
        -0.5896150908710366,
        1.1478112335046948,
        0.173994545368495,
        0.9188707222447685,
        -1.3123693573360922
      ],
      "pheromonal": [
        1.2839058696796968,
        0.633005088014117,
        0.4609569488869725
      ],
      "mechanosensory": [
        2.451628737970487,
        0.721505741006824,
        -1.02843421178344,
        -1.9870474788153683
      ]
    },
    "processed_data": {
      "action_selected": "observe",
      "confidence": 0.7,
      "action_parameters": {
        "focus": "sensory_input",
        "duration": 1.0
      },
      "total_actions": 59,
      "case_transformations": 25
    }
  },
  "duration": 1.0
}