{
  "step": 16,
  "insect_id": "Fruit_Fly",
  "timestamp": 1753377433.9150958,
  "case": "NOM",
  "performance_metrics": {
    "case": "NOM",
    "performance": 0.0,
    "total_actions": 33,
    "success_rate": 0.3
  },
  "context": {
    "step": 16,
    "insect_id": "Fruit_Fly",
    "timestamp": 1753377433.9112663,
    "case": "NOM",
    "behavioral_state": "idle",
    "position": [
      0.0,
      0.0,
      0.0
    ],
    "sensory_data": {
      "visual": [
        -0.6513467477624337,
        -0.9660606423354853,
        -0.8295014739159697,
        -0.012672180402959607,
        -1.4976317285012313,
        0.2314460086235959,
        -1.4758729845319511,
        -0.26490401865536556,
        -0.16291557508633517,
        -0.30782972025833055
      ],
      "olfactory": [
        0.03035830646044057,
        1.820371835433301,
        0.866312857829971,
        1.6741292381315973,
        1.8007993668514186
      ],
      "pheromonal": [
        -2.1490524368008006,
        -0.2181346384615507,
        -0.8839919907181712
      ],
      "mechanosensory": [
        1.5220683048371986,
        0.2722706673348236,
        0.65419625587849,
        2.702958891708446
      ]
    },
    "processed_data": {
      "action_selected": "explore",
      "confidence": 0.8,
      "action_parameters": {
        "direction": "forward",
        "speed": 1.0
      },
      "total_actions": 33,
      "case_transformations": 0
    }
  },
  "duration": 1.0
}