{
  "step": 87,
  "insect_id": "Honeybee",
  "timestamp": 1753377493.448998,
  "case": "INS",
  "performance_metrics": {
    "case": "INS",
    "performance": 0.0,
    "total_actions": 175,
    "success_rate": 0.3
  },
  "context": {
    "step": 87,
    "insect_id": "Honeybee",
    "timestamp": 1753377493.4461882,
    "case": "INS",
    "behavioral_state": "idle",
    "position": [
      0.0,
      0.0,
      0.0
    ],
    "sensory_data": {
      "visual": [
        0.6311984922081344,
        0.28700579409174437,
        -0.6336729846928058,
        0.41071389894942584,
        -1.0318279960666317,
        -0.3558656152310268,
        0.839647127179589,
        0.048075799784745465,
        0.38412330337034073,
        0.8384407065566941
      ],
      "olfactory": [
        1.2355657062292755,
        0.8462652326400463,
        0.23505655428813194,
        -1.5619292496431336,
        0.9794847539324043
      ],
      "pheromonal": [
        -0.6554901170075423,
        -0.3140391958804437,
        -0.02031400245331647
      ],
      "mechanosensory": [
        0.965953261983596,
        1.1915057563775462,
        -0.8871452697002776,
        -0.3207715380334678
      ]
    },
    "processed_data": {
      "action_selected": "execute_method",
      "confidence": 0.8,
      "action_parameters": {
        "method": "path_integration",
        "parameters": {}
      },
      "total_actions": 175,
      "case_transformations": 76
    }
  },
  "duration": 1.0
}