{
  "step": 8,
  "insect_id": "Fruit_Fly",
  "timestamp": 1753377433.8109367,
  "case": "NOM",
  "performance_metrics": {
    "case": "NOM",
    "performance": 0.0,
    "total_actions": 17,
    "success_rate": 0.3
  },
  "context": {
    "step": 8,
    "insect_id": "Fruit_Fly",
    "timestamp": 1753377433.8059857,
    "case": "NOM",
    "behavioral_state": "idle",
    "position": [
      0.0,
      0.0,
      0.0
    ],
    "sensory_data": {
      "visual": [
        0.4679484055320637,
        -1.9231898626872854,
        2.1477064109422552,
        -0.0520728421019336,
        -0.11089570977882325,
        0.1927433206160045,
        -0.012851868129157,
        2.2178879378819585,
        0.08394409373562567,
        2.147042566994841
      ],
      "olfactory": [
        -0.6178590905270501,
        -2.3088946095653635,
        0.4236132366507219,
        -1.2611156454367565,
        -0.16069239119823459
      ],
      "pheromonal": [
        -1.0451297045289856,
        -0.9898337727231353,
        -0.02833424805426019
      ],
      "mechanosensory": [
        0.3054517331746267,
        0.9727264726618273,
        -0.004107546475541073,
        -0.9462845378241295
      ]
    },
    "processed_data": {
      "action_selected": "explore",
      "confidence": 0.8,
      "action_parameters": {
        "direction": "forward",
        "speed": 1.0
      },
      "total_actions": 17,
      "case_transformations": 0
    }
  },
  "duration": 1.0
}