{
  "step": 42,
  "insect_id": "Honeybee",
  "timestamp": 1753377453.655103,
  "case": "ACC",
  "performance_metrics": {
    "case": "ACC",
    "performance": 0.0,
    "total_actions": 85,
    "success_rate": 0.3
  },
  "context": {
    "step": 42,
    "insect_id": "Honeybee",
    "timestamp": 1753377453.6522183,
    "case": "ACC",
    "behavioral_state": "idle",
    "position": [
      0.0,
      0.0,
      0.0
    ],
    "sensory_data": {
      "visual": [
        -0.21333628586314873,
        -1.885083566614562,
        -0.36690730564488117,
        0.36298573053080085,
        1.7384593383647948,
        1.0097911002358204,
        1.9326635188152295,
        -1.5893610569660834,
        -0.16015765054488662,
        -0.05596245936659022
      ],
      "olfactory": [
        -0.2471579612869238,
        -0.5657640829519647,
        -0.9256531769517893,
        2.1577933105127793,
        -1.7723530106595993
      ],
      "pheromonal": [
        -0.7853631687960467,
        0.16957342381888935,
        -0.6567500042531002
      ],
      "mechanosensory": [
        -1.4318167145234135,
        -0.15985813070631658,
        -0.3424221179099143,
        -0.8124496387599975
      ]
    },
    "processed_data": {
      "action_selected": "observe",
      "confidence": 0.7,
      "action_parameters": {
        "focus": "sensory_input",
        "duration": 1.0
      },
      "total_actions": 85,
      "case_transformations": 26
    }
  },
  "duration": 1.0
}