{
  "step": 74,
  "insect_id": "Fruit_Fly",
  "timestamp": 1753377473.8163803,
  "case": "GEN",
  "performance_metrics": {
    "case": "GEN",
    "performance": 0.0,
    "total_actions": 149,
    "success_rate": 0.3
  },
  "context": {
    "step": 74,
    "insect_id": "Fruit_Fly",
    "timestamp": 1753377473.8135493,
    "case": "GEN",
    "behavioral_state": "idle",
    "position": [
      0.0,
      0.0,
      0.0
    ],
    "sensory_data": {
      "visual": [
        0.5292707429771083,
        0.20318900293990372,
        0.3196844088231395,
        -1.3098866747266598,
        1.143032224703793,
        0.08023979953229565,
        -0.2417937902455364,
        1.0926149642196716,
        0.5972357986455037,
        0.43060445817385207
      ],
      "olfactory": [
        -0.4241038161647893,
        0.8989015835367251,
        -0.2090454064080651,
        -1.0266940516661711,
        1.0395507256868146
      ],
      "pheromonal": [
        -1.8016695419031532,
        -0.09161154156851581,
        0.763915795226894
      ],
      "mechanosensory": [
        1.4349308299665615,
        0.39209554716985795,
        -1.532214865568482,
        0.15529671111280946
      ]
    },
    "processed_data": {
      "action_selected": "produce",
      "confidence": 0.8,
      "action_parameters": {
        "output_type": "pheromone",
        "concentration": 1.0
      },
      "total_actions": 149,
      "case_transformations": 51
    }
  },
  "duration": 1.0
}