{
  "step": 85,
  "insect_id": "Honeybee",
  "timestamp": 1753377493.4226515,
  "sensory_input": {
    "visual": [
      0.03726946683868406,
      2.7303096297724703,
      0.40537151430820784,
      -1.016300116848926,
      -0.5297975857602498,
      -0.3949427220866306,
      0.056173449135631846,
      0.39490468650059973,
      0.16698497925110778,
      0.4000126978765132
    ],
    "olfactory": [
      1.1053102381823328,
      -0.26923013798388007,
      -0.17423054117554015,
      -0.38957457850810645,
      1.696954873152633
    ],
    "pheromonal": [
      1.365557281690091,
      -0.7248171187402157,
      -1.2548010798135771
    ],
    "mechanosensory": [
      0.41705183042211696,
      1.1822890665946337,
      0.5521776219472614,
      1.4221257729181285
    ]
  },
  "processed_output": {
    "visual": "[ 4.39856882e-01 -5.71807944e-01  1.33458479e-01 -2.48794201e-01\n  6.54071762e-01 -1.62994480e-01 -1.04420113e-02 -2.27819638e-01\n  3.09561875e-01  1.47432190e-01  1.59465065e-01  5.63341468e-01\n -9.20205668e-02 -3.57132021e-01  6.21631058e-01  2.38848304e-01\n  4.20994613e-02 -1.70080091e-01  9.10899499e-02 -5.67628813e-01\n  1.28095898e-01  1.69290029e-01  2.28197022e-01 -1.82542578e-01\n -3.53427558e-01  2.33622435e-01 -3.98193906e-01 -3.54297341e-01\n  2.87974810e-01 -3.58768647e-01  4.09347469e-01  1.58857281e-01\n -1.22479970e-01 -5.75434289e-01 -1.69530384e-02  3.60705056e-02\n  2.34295707e-01  3.94201509e-01  2.64874563e-01 -2.44500441e-01\n  2.38582788e-04  6.33489862e-01  7.57065559e-03  3.26459960e-01\n -5.40222447e-01  8.23321147e-02 -3.24064431e-01 -9.14341420e-02\n -3.47589381e-01 -2.68417276e-01  3.28889984e-02 -1.23374659e-01\n  9.81280760e-02 -1.60919959e-01  3.41190687e-01 -4.49923207e-02\n -8.43917985e-02  3.12606473e-01 -3.56457477e-02 -3.53485539e-01\n  5.30574920e-02 -1.84418643e-01  1.41323468e-01 -1.20965740e-01\n -8.61647681e-02  7.94094162e-02 -6.09044207e-01 -2.74445011e-01\n  9.22615433e-02  3.18059211e-02 -3.58081105e-01 -2.03357668e-01\n  1.12184363e-01 -1.54193618e-01 -1.40973147e-01  1.32535187e-01\n  2.33095063e-01 -1.27445723e-01 -3.52648271e-02  6.49164843e-02\n -1.89314307e-02  1.30746109e-01  3.50814860e-01  4.90789161e-01\n  1.86296717e-01 -5.20753820e-01 -5.56339831e-01 -4.51542386e-01\n  1.97876196e-01 -2.18032922e-02  8.38478777e-02  1.27556808e-01\n  1.31458170e-01  1.84368404e-01  1.35904960e-01  1.24194563e-01\n -5.77798888e-02 -2.03419693e-01  4.84309543e-03 -7.35938320e-02\n  5.78775774e-01  3.43421479e-02 -4.36414926e-01  4.15632330e-01\n  5.47703101e-01  1.97793808e-01 -1.24387088e-01 -5.51502013e-01\n -3.23853181e-01 -2.39493690e-02 -4.04592337e-01  3.62620256e-01\n  3.11708392e-01  1.87091350e-01 -5.66354545e-01 -4.72798797e-01\n -1.52625698e-01  1.20694165e-01 -7.60990487e-02 -2.76305220e-01\n  2.13435902e-02 -1.86205452e-01 -3.71507796e-01  1.96690164e-01\n -2.65762050e-01 -2.21513976e-01  2.56219081e-01 -3.36838105e-01\n  1.97879000e-01 -3.92280995e-01  7.21869371e-03 -2.69076494e-01\n -4.01979321e-01 -2.08140192e-01 -8.75817108e-02  6.04853879e-02\n  1.59652071e-01 -3.03875061e-01  1.80753497e-01 -2.31678619e-02\n -3.36542776e-02  5.03950932e-01  8.97843626e-02  3.52171518e-01\n  1.84559804e-01  1.60374664e-01  5.19606948e-02 -6.45347066e-02\n -2.49967582e-01 -1.43025546e-01 -1.49627579e-02 -1.80421748e-01\n -2.86458541e-02 -4.36645810e-02  1.46808045e-01  6.22455184e-01\n -7.85194978e-02  9.09236487e-02  2.43760364e-01 -2.86992239e-01\n -3.39016316e-01  1.05950597e-01 -4.67995798e-01  5.06276813e-01\n  4.95969631e-01  1.43786321e-01 -3.81474288e-01  3.39708716e-01\n  4.07467075e-01 -5.52193928e-01  3.29148332e-01  1.07966405e-01\n  5.89475873e-02 -1.82202716e-01 -5.42954869e-01  2.90795584e-01\n  1.67042574e-01 -4.58170429e-01 -1.78894735e-01 -3.03818790e-01\n -6.40277940e-02  6.42970817e-01  1.05049399e-01  9.27348810e-02\n -3.76714967e-02  5.22550835e-01  3.50492676e-02  2.77959347e-01\n  2.34471991e-01 -4.04122933e-01  5.49217255e-01  3.22359530e-02\n  3.15557189e-01  1.46028483e-03  3.63543573e-01 -2.70362049e-01\n -6.21661838e-02  9.38138663e-02 -1.06325831e-01 -5.00187807e-02]",
    "olfactory": "[-0.28939306 -0.16722757 -0.07341887 -0.26558173  0.07019247 -0.09296754\n  0.19899355  0.22788624 -0.14622224  0.18031319 -0.29283264 -0.28351871\n  0.12141545  0.16914241  0.14362785  0.25709998 -0.26342538  0.06540851\n -0.20726452 -0.19075018  0.02448796  0.12790723 -0.07678652 -0.20684492\n -0.10379178 -0.04419885  0.12125237 -0.0807369   0.21413994  0.20308233]",
    "pheromonal": "[ 0.14759175 -0.27187152 -0.21683082 -0.09978891  0.20847612 -0.28735683\n -0.09016337 -0.00958122 -0.37506859  0.28654197 -0.01703321 -0.30679499\n -0.07501142 -0.06033625  0.31692074  0.35405023  0.0712139   0.07751321\n -0.3158497  -0.41732858  0.09927376  0.08788532  0.0898164  -0.18591737\n  0.08873018 -0.04199103  0.02344085  0.14638924  0.38547282  0.02171506]",
    "mechanosensory": "[ 0.01675598  0.00843066 -0.09906252 -0.27641841  0.09073967  0.00474325\n -0.15800064  0.0605557  -0.02032821  0.05536183 -0.09840154 -0.32042716\n  0.03869367  0.09370833 -0.15546531  0.20825155 -0.18363167  0.14318182\n -0.21404265 -0.02356443  0.04261033  0.22766281  0.33698903  0.2115447\n -0.14973777 -0.19681915  0.12732739 -0.03521562  0.22346718 -0.29570011\n -0.25177204  0.39529834  0.06981318  0.14588246  0.20020132  0.18399049\n -0.14304373 -0.03560651 -0.09776402  0.11507389 -0.03952297  0.53133219\n -0.12080953 -0.09392294  0.07111284 -0.13601585  0.11065559  0.25178921\n  0.09019416  0.24314699 -0.07366325  0.06895751 -0.19555919 -0.22810409\n  0.22217904  0.03379673 -0.10832627  0.04450881  0.05805939 -0.05842344]"
  },