{
  "step": 5,
  "insect_id": "Honeybee",
  "timestamp": 1753377433.7633307,
  "sensory_input": {
    "visual": [
      0.6209562256010319,
      1.2105559924967124,
      0.34977623609154346,
      -0.33750839221026396,
      -2.31979518633026,
      -1.6921412944407983,
      0.0681219620885807,
      -1.457841239694147,
      0.6352964443871323,
      -1.8623259857582668
    ],
    "olfactory": [
      -0.820609371516976,
      -0.01820284150578371,
      -1.0521534646115567,
      -1.232022474637967,
      0.43043340077017206
    ],
    "pheromonal": [
      0.3760504475065057,
      0.321996870221625,
      -0.7906642101596567
    ],
    "mechanosensory": [
      0.7047059190114563,
      0.5928757927972954,
      -0.6876932939235431,
      -0.6123960021448293
    ]
  },
  "processed_output": {
    "visual": "[ 2.29407390e-01 -3.28038609e-01 -6.19023479e-01  3.75294508e-01\n  1.19528185e-01 -2.05252734e-01  3.65763969e-01  2.20915632e-01\n  4.75778781e-01 -1.92829311e-01 -3.77878390e-01 -5.49088319e-03\n -2.83362014e-01 -4.62535331e-01  6.15631021e-01 -2.73328584e-01\n -1.14714573e-02  5.68401525e-02  3.47734217e-01 -9.55102327e-02\n  6.67573529e-02 -5.98137268e-01  3.41761684e-01  1.88169743e-01\n -4.12609180e-01  5.36513787e-01 -3.58560965e-01  4.72930318e-02\n  2.80371862e-01  2.34924891e-01  4.88318926e-01  1.23355382e-01\n  1.48840674e-01 -4.47163406e-02 -1.24741702e-01  1.16865029e-01\n  3.65485744e-01  5.01544135e-01  2.81395091e-01 -7.18687556e-01\n -3.44617576e-01  2.67334253e-01  1.47973231e-01  4.63616938e-01\n  4.34232860e-01 -2.22056713e-01  1.42327150e-01 -5.52266595e-01\n  3.95536147e-01 -8.62418116e-02  5.31857178e-04 -1.71309426e-01\n  2.29723077e-01  6.26361165e-02  2.41048049e-01 -2.06433497e-01\n  2.02507742e-01  1.59933546e-01 -9.48484121e-02  5.69018225e-01\n  8.78205205e-02 -1.62612445e-01  8.32328950e-02  4.54912127e-01\n  7.36580991e-01  7.18909203e-01 -6.47775403e-01 -2.54840373e-01\n -9.15197265e-02 -2.72863239e-01 -3.00391213e-02 -7.47267969e-02\n  2.70991119e-01  1.27708638e-01 -1.81843224e-01  5.45468601e-01\n -2.16512868e-01 -2.46345139e-01 -4.59795078e-01  7.50968972e-01\n  1.76546157e-01 -2.48987172e-01  4.56772380e-01 -1.80086568e-02\n  7.58203894e-02  2.37441835e-01 -1.44271521e-02 -3.40226109e-01\n  5.21650153e-02  5.75608285e-01  1.14200012e-01 -3.64842992e-01\n  5.73425669e-01  4.68124678e-01  6.48299255e-02  2.28841750e-01\n -1.29035310e-01  2.12149441e-01  1.21600430e-01 -3.10475238e-01\n  6.59724862e-02 -4.60213527e-01 -1.94085248e-01 -1.84890273e-01\n -2.73057638e-01  2.58227974e-01  1.31606479e-01  1.26419925e-01\n -7.73069655e-02 -1.30290775e-01  4.51881901e-01 -3.38573312e-01\n -1.26066599e-01 -4.48669440e-02  3.86995908e-02 -2.18297944e-01\n  7.83251813e-02 -4.84395566e-02 -2.52620786e-01  8.69194287e-02\n  7.68182200e-02 -9.30467682e-02 -2.76596631e-01 -7.56566621e-01\n -4.12156129e-01 -3.60863417e-01  1.21004072e-01  1.94320086e-01\n  5.26742470e-01 -3.41268959e-01 -2.02444724e-03 -3.04773319e-03\n -1.72595433e-01 -5.49469557e-02  3.47740664e-01 -1.94239287e-01\n -5.13891855e-02 -1.05923812e-01 -2.15450272e-01 -5.35267489e-01\n -1.52039983e-01  5.96274153e-01  6.03034235e-01  3.53056588e-02\n  4.87838574e-01 -1.03312291e-01  1.32160943e-01  4.86011509e-01\n -2.13762665e-01  2.91523163e-01  4.52693931e-01 -6.23758962e-02\n  2.34991152e-02  4.90411294e-01 -3.34314443e-01  3.65665069e-01\n  3.29786030e-01  4.24491245e-01 -2.55899912e-02 -1.62149879e-01\n -6.28796752e-02 -6.10950298e-01 -3.98256417e-01  4.07328790e-01\n  2.48337052e-01 -5.01845881e-01 -4.30928675e-01  5.61600964e-01\n  2.51088538e-01 -8.38942090e-01  8.16631635e-01  8.86561596e-02\n -3.87733792e-01 -6.00461132e-02 -2.68345841e-01  1.96965591e-01\n  5.19763297e-01 -3.95952622e-01 -3.59010909e-01  2.51937383e-01\n  3.64627625e-01  2.68114002e-01 -2.11249029e-01 -1.09885368e-01\n -1.37294617e-01  3.29512764e-01  1.00097782e-01 -1.46339030e-02\n  9.00297247e-02  2.95224615e-01 -3.33299809e-01  5.73652831e-02\n -6.45920708e-03  2.49014321e-02 -1.22617684e-01  1.06837896e-01\n  8.32828476e-02  1.32832987e-01  4.64897843e-01 -1.57215005e-01]",
    "olfactory": "[-0.16129765 -0.27970106 -0.13515725  0.11833278  0.57898175  0.1093084\n -0.21465158  0.19907157 -0.30207189 -0.0635461   0.0761938  -0.11024817\n  0.20141117 -0.20809452  0.18964378 -0.1821696  -0.07129471  0.1690713\n  0.08930598 -0.33202637  0.0841889  -0.38934838  0.21866117 -0.1862714\n  0.37850992 -0.09093429  0.04556872  0.02773251 -0.12271407  0.20650543]",
    "pheromonal": "[ 0.09250559 -0.1425857  -0.0489543  -0.1489574   0.20342871 -0.17787496\n -0.07955292  0.01280669 -0.12248975 -0.01202888  0.1725527  -0.12787982\n -0.01254461 -0.05069688  0.14634322  0.00614432 -0.00360435  0.0115198\n -0.06640411 -0.15547584  0.02102341 -0.0860723  -0.03328554 -0.09252731\n  0.18954018  0.06202808 -0.01299094  0.04479934  0.01076758  0.02817667]",
    "mechanosensory": "[-0.14898521  0.07803912 -0.03677997 -0.03729559 -0.04177441  0.14276949\n -0.08368644  0.07544459 -0.25147657 -0.10472264  0.11929186 -0.00830222\n  0.09986661  0.16626862  0.1261387  -0.03779893  0.11537542 -0.11878796\n  0.03917328  0.03127501  0.05307887  0.16523252 -0.05836506 -0.09494913\n  0.04748593 -0.00161944 -0.01473841 -0.10611211 -0.169992    0.09240683\n  0.0452084   0.33622067 -0.08258789  0.22399494  0.07720099 -0.04824962\n -0.11862931 -0.29422051 -0.14626538 -0.02471455  0.06643405 -0.14503765\n -0.06294107 -0.28246996 -0.00444339  0.00599572 -0.06383372 -0.14918282\n  0.00973101 -0.01104981 -0.09337645 -0.07315677 -0.02359204  0.03203099\n  0.04018731  0.08613417  0.16414855  0.1752425   0.04007942 -0.0245235 ]"
  },