{
  "step": 70,
  "insect_id": "Ant",
  "timestamp": 1753377473.7602406,
  "sensory_input": {
    "visual": [
      -0.12564693227013776,
      -1.18705122777925,
      1.6626054474703156,
      -0.4092300459954488,
      0.3413629210139196,
      2.474376132202024,
      0.6878109606788254,
      -1.13479996709374,
      -0.10069800878965345,
      -1.0969612167809015
    ],
    "olfactory": [
      -0.595269288489362,
      1.0802352817797463,
      -0.6602391792276538,
      -0.9530742104298664,
      -0.57344353461643
    ],
    "pheromonal": [
      0.2668090549889952,
      -0.8096296767528061,
      -0.7818985614806637
    ],
    "mechanosensory": [
      -0.7250109932262341,
      0.8310691873104017,
      0.46493807975429374,
      0.47186471639120664
    ]
  },
  "processed_output": {
    "visual": "[ 0.08525667 -0.37351458 -0.00272942  0.1941423   0.02856809 -0.06156328\n -0.36298067  0.40910342 -0.37461847 -0.2798644  -0.22064519 -0.12223266\n -0.53127617  0.49432694 -0.07924403  0.02912424 -0.04195574  0.05075661\n -0.39036977 -0.10927391  0.34861359 -0.04631565 -0.05874544 -0.11308656\n  0.40200374  0.37013445  0.09522885 -0.26537335  0.29395176  0.0754359\n -0.43006392 -0.328182   -0.05591239 -0.215898   -0.24229391 -0.44875762\n -0.43377393  0.14710783 -0.63502012 -0.30925942 -0.20635031  0.14090022\n  0.36954749 -0.03701884  0.08893645 -0.32776331 -0.59330332  0.38310627\n  0.22189927 -0.41114806 -0.36786695  0.0741751  -0.70922372  0.16525239\n  0.43846033 -0.07696795 -0.0414593   0.19082053  0.24002857  0.30369443\n  0.42712321 -0.23308811  0.15505983 -0.17379605  0.02549249 -0.27760053\n  0.1890377   0.71478047 -0.3689164  -0.44017867 -0.31731866  0.01469397\n  0.39804751 -0.31259537  0.16812687  0.37507824  0.34312691  0.01317909\n -0.17643171 -0.36834156  0.08659097 -0.52589142  0.64192774 -0.03845302\n -0.45394608  0.14488909 -0.60392319  0.2794931  -0.45607208  0.08181259\n  0.31105664  0.37409807 -0.60296385 -0.35019691 -0.47136536  0.32491703\n -0.05880461 -0.41225081  0.39587203 -0.24111311 -0.15088     0.06376328\n -0.49836199 -0.21550524 -0.10753194 -0.50822757  0.54301681  0.37430076\n -0.37923834 -0.39272937 -0.08813811  0.24909274 -0.03479198  0.02558043\n  0.13321845  0.16693082 -0.10235826 -0.15887859  0.21781741 -0.40527413\n  0.26521459  0.0459305  -0.38079832  0.59567926 -0.34525563 -0.24349835\n -0.41505216 -0.58234918 -0.65263051  0.27446735 -0.15906791  0.09781933\n -0.11239035 -0.46869235 -0.14249513 -0.59646349 -0.00383557  0.07765483\n -0.18639145 -0.04238971 -0.01810679  0.32766586  0.13505306 -0.5257394\n -0.67800903  0.13062531 -0.22743468 -0.33663419  0.07234369  0.30271472\n  0.12523528  0.2918852  -0.232439   -0.30515242  0.01916306  0.47765126\n -0.01759589  0.10321016  0.23142534 -0.07760715  0.19695188  0.03943219\n  0.36385051  0.01052882  0.21795071 -0.46684798 -0.16470086 -0.31438357\n  0.15197604 -0.37558042 -0.28051365  0.09023275  0.02204028  0.00321004\n -0.04796384  0.03958049 -0.13356103  0.21283445 -0.20857814 -0.10154934\n  0.68622342 -0.62553817  0.06382371 -0.27989338 -0.19564369 -0.52820851\n  0.18438949 -0.04372894 -0.58468243 -0.05042872  0.08870336 -0.06881219\n  0.25832684 -0.00813268  0.73490531  0.08645706  0.22673379  0.31596165\n -0.22062046 -0.35374465]",
    "olfactory": "[-0.3385595   0.03010738  0.21715496  0.04158444  0.25566093  0.16193696\n -0.00586139 -0.13919893 -0.04068214 -0.20110454  0.04696223  0.00948286\n -0.1043457  -0.25813064 -0.0425772  -0.2042518   0.3144796  -0.12702457\n -0.09422631 -0.07004785  0.32113763 -0.04142497  0.08241253  0.00361753\n -0.17442255 -0.23020971 -0.09914213 -0.08739033  0.21771501  0.07677539]",
    "pheromonal": "[ 0.05559778 -0.21098561 -0.05100633  0.17937833 -0.12466425  0.13710465\n  0.01676145  0.3001306   0.06941788 -0.03082905  0.15324274  0.0209876\n -0.13324023  0.02873965 -0.05270748  0.06130869 -0.19042393 -0.0937806\n  0.13233139 -0.04907393 -0.04056341 -0.08909047 -0.05562223 -0.23564465\n  0.0579306   0.04289571  0.1121487  -0.18528115  0.04089812 -0.04132457]",
    "mechanosensory": "[ 0.16446394 -0.17765465  0.0756275   0.16192793 -0.12835915 -0.1957867\n -0.14272883 -0.06036715  0.02131577  0.21179938 -0.12472533  0.14669475\n -0.10135925  0.07578951 -0.03462518 -0.0646054  -0.10725517 -0.20685063\n  0.10795834  0.0092895  -0.0028572   0.16000631  0.06195453 -0.04181128\n  0.01446969  0.01156427 -0.0449925   0.03508438  0.21380455 -0.06881839\n -0.01801851  0.0002695   0.00492339  0.07784627  0.06389468 -0.19157414\n -0.13382646  0.08529801  0.07714598 -0.21217894  0.09614503 -0.18380601\n -0.08720299 -0.02336951  0.03326025 -0.01699679  0.13620949  0.01629827\n -0.06475924  0.00782236 -0.22234557 -0.1018116  -0.08244611  0.05654134\n -0.14223121 -0.05013106  0.09039925  0.14483402 -0.05654311  0.17284716]"
  },
  "neural_activity": {
    "mushroom_body": [
      0.4924007237947772,
      0.14693464607642892,
      0.767210702383254,
      0.6248820631260946,
      0.9864482839136465,
      0.33642038262559837,
      0.4422341246408278,
      0.9350583906263176,
      0.8758108280827299,
      0.364067756289724,
      0.02099672115939233,
      0.3653858631904884,
      0.8151629850456615,
      0.6140212660019688,
      0.32891618603502437,
      0.18893806693942827,
      0.7905736907455317,
      0.49916065962944123,
      0.19717420637235406,
      0.9213049964468009,
      0.447226947943287,
      0.7632966728025157,
      0.8032316000008118,
      0.5535376916288629,
      0.07895300729288246,
      0.37207011325454553,
      0.17281634483101527,
      0.9955464920855303,
      0.7331206509221954,
      0.5386381999688542,
      0.39924139702265893,
      0.2069417262349741,
      0.18638278300294076,
      0.5276332937882693,
      0.6015984856107799,
      0.738477463568368,
      0.012070075146157544,
      0.39691921306107414,
      0.9742478701988332,
      0.24929524690375904,
      0.2769088846934247,
      0.5292959918493957,
      0.07966113583142909,
      0.21578219897423678,
      0.7698762304225306,
      0.28290490199427065,
      0.9405319902264295,
      0.6002708120426894,
      0.45739250176265134,
      0.4463890668275149,
      0.9356395009266144,
      0.2565397437437217,
      0.45391089141763574,
      0.6693230026315135,
      0.02617703582476605,
      0.02531896787827681,
      0.5251034861530219,
      0.7031803637078137,
      0.058529304862222964,
      0.01939748304062039,
      0.5974268143442467,
      0.12381889677257696,
      0.6523379317512753,
      0.9321946265931902,
      0.591086092657511,
      0.1240378689225623,
      0.9362653987395712,
      0.5070649457786084,
      0.0919345703443104,
      0.7666644812076299,
      0.08779127460972835,
      0.33673866917057105,
      0.5896370886961854,
      0.2909284330490943,
      0.7323145070044182,
      0.7236888826592979,
      0.5710198786593059,
      0.7176901664961559,
      0.24203636076752333,
      0.41260492944946736,
      0.8738631246179162,
      0.4024116122514887,
      0.24035654060282785,
      0.3736574116109701,
      0.03336379466983419,
      0.6106387280493265,
      0.9364508555576203,
      0.22944403673237168,
      0.4365801853721185,
      0.8738519447485829,
      0.5050267126920194,
      0.453349231079773,
      0.993777465048396,
      0.3051647484911183,
      0.5080186252800102,
      0.5197698326970429,
      0.18403870897738006,
      0.28479427375720423,
      0.10024162543381976,
      0.18808052763581162
    ],