{
  "step": 64,
  "insect_id": "Fruit_Fly",
  "timestamp": 1753377473.6860023,
  "sensory_input": {
    "visual": [
      1.8285330736888628,
      -1.2676732952711784,
      0.6383309116296214,
      -0.42445512993826423,
      -0.26132291492425447,
      -0.7305347301544165,
      -0.3031447500448666,
      1.1543700855904837,
      -0.46961724962315743,
      1.0138092386134452
    ],
    "olfactory": [
      -0.04230053560008715,
      -1.5917784183093937,
      2.585415437155359,
      -0.9544133886893309,
      0.37740531041568864
    ],
    "pheromonal": [
      -0.04464544234073736,
      2.0948018171198,
      0.3061938070589762
    ],
    "mechanosensory": [
      -0.6398546409853019,
      0.023745036646779485,
      0.9097213143800749,
      1.108037946348216
    ]
  },
  "processed_output": {
    "visual": "[-0.10852416 -0.04300427 -0.36506652 -0.36681355  0.34151267  0.30292461\n  0.50238446 -0.06270934  0.1526288   0.13007648  0.32208314 -0.09983191\n  0.42299972  0.15387459 -0.20176046  0.15802856 -0.28314656 -0.19763511\n -0.38772905 -0.06015245 -0.06424536 -0.27437654 -0.25884737  0.19862967\n  0.41234197 -0.12642406 -0.40700352  0.58024055 -0.21084131 -0.13242657\n  0.3129818   0.41682777 -0.22796418  0.38732815 -0.13983362  0.24706465\n  0.13417953 -0.17695524  0.130858   -0.0371125   0.46541461 -0.39222316\n -0.22932887  0.04003877  0.18291011  0.26684834 -0.20249706 -0.33659848\n  0.37226097 -0.29133714  0.21628963 -0.20671502  0.43864187  0.38137316\n -0.25738749 -0.47860675 -0.3931623   0.18149236  0.35810913 -0.52538081\n -0.25863164 -0.01219129 -0.22048656  0.2172312  -0.15824228  0.42895022\n  0.17546784 -0.19101567 -0.25998854  0.33898961  0.11808489 -0.10703266\n  0.02397291  0.27404297  0.02160252 -0.21106827  0.36241184  0.17645136\n  0.20434938  0.14045044  0.28876367  0.00616752  0.0650177   0.04122908\n -0.35111854 -0.07014342 -0.24561763 -0.29159597 -0.14134157  0.1619838\n  0.09298604 -0.05020387 -0.46618288  0.0869133   0.47476901 -0.15006718\n -0.18827945  0.12771931 -0.44446005 -0.43652561 -0.30039417  0.16299059\n  0.05589948  0.06852106 -0.41244614 -0.43279818  0.07929454 -0.02847239\n  0.43196877 -0.25382901  0.32790857 -0.2926989   0.43017198  0.1321688\n -0.32999765 -0.54718213 -0.12418175  0.49544186 -0.24399221  0.2464531\n  0.46693452 -0.18469946  0.05275694  0.59191707  0.05820202 -0.11002981\n -0.4309531   0.02322544 -0.0728072   0.35865411  0.81187793  0.14605165\n  0.33207328  0.00724707 -0.21415929  0.16593084 -0.31546856 -0.00862312\n -0.07915448 -0.16327879 -0.44153925 -0.19689566 -0.08802454 -0.33155831\n -0.30967703  0.47717293  0.15338252 -0.01831723 -0.00343411 -0.56618095\n -0.41128501  0.07486609 -0.15891437 -0.00289759 -0.16810477 -0.5674787\n  0.29347492  0.06640772  0.41381807  0.43911759  0.20682795 -0.50469301\n -0.25963985  0.49989724 -0.36200212 -0.44734676  0.16517087 -0.16823423\n  0.30551981  0.41722783  0.18666361 -0.35665279  0.20919938  0.23432781\n  0.12107464 -0.43977475  0.53946834 -0.00601285  0.48149988  0.33366695\n -0.27026209  0.09082914 -0.10769199  0.16788072  0.14932716 -0.53937389\n -0.3315962   0.44012563 -0.06412453 -0.08208034 -0.60567862 -0.05197191\n  0.18791498  0.25129376  0.04419499 -0.30696653  0.28855395  0.26658724\n  0.07194344  0.20753078]",
    "olfactory": "[-0.16947205 -0.67629744 -0.2326774  -0.30803552 -0.68931311  0.26953375\n -0.2240123  -0.16843743 -0.05711318  0.21320069  0.03258657 -0.26896301\n  0.33110624  0.25529956 -0.36285045  0.5338488  -0.11271354  0.13189724\n  0.20600561  0.21592027 -0.0303571   0.46398799 -0.25486856  0.47393153\n -0.08987151  0.23766157  0.30563424 -0.05292633 -0.21188888  0.34015966]",
    "pheromonal": "[ 0.267621    0.16989115  0.16909266  0.24741849  0.15501438 -0.1945865\n  0.44750562  0.13038393  0.07047962 -0.24780671 -0.11855023 -0.0052063\n  0.13657    -0.11512812  0.18526822 -0.21531191  0.11512754 -0.02544165\n  0.07733757  0.13326802 -0.1225128  -0.289051    0.51486388 -0.30229581\n  0.05837312 -0.20296034  0.05277526 -0.27355474 -0.09133421 -0.13069795]",
    "mechanosensory": "[ 0.14453025 -0.27513453 -0.17110795 -0.15216195  0.07924461  0.06275042\n  0.17969468  0.04892994 -0.24335932 -0.14939023 -0.00703326 -0.23533132\n  0.01609461  0.04187659  0.32301232  0.01544859  0.15012618  0.04772849\n  0.0640346  -0.03791161  0.05962735 -0.01098565 -0.01203802  0.28845939\n -0.04226498  0.1214587   0.11798723  0.16303987  0.14882571 -0.11833075\n  0.14602148 -0.11717892 -0.02530265  0.13193893 -0.01868013 -0.02750521\n  0.20605932  0.03613627  0.00716005  0.13974887 -0.17888936 -0.125984\n  0.17197577 -0.1924353  -0.15141356  0.07433312  0.11359408  0.07387242\n  0.12894381 -0.28235592 -0.16668822 -0.18316451  0.19032813 -0.19576445\n -0.32202003 -0.00943156  0.10674578  0.15475522 -0.01605696 -0.01380663]"
  },
  "neural_activity": {
    "mushroom_body": [
      0.9573342550431373,
      0.5685218001748344,
      0.1532728767834156,
      0.440756085521535,
      0.4259028932173351,
      0.8065279792960456,
      0.735175839227128,
      0.5075710583125029,
      0.3182408848813949,
      0.1857101658658754,
      0.147293821091668,
      0.5144536606534947,
      0.45121488345427196,
      0.4906687440412314,
      0.9154397942576439,
      0.03221105435352989,
      0.5357325732152792,
      0.1382546922159048,
      0.36067250393003913,
      0.5332526610283069,
      0.8730295292421824,
      0.04063562036991242,
      0.7485949842136878,
      0.3405914174807766,
      0.18318381682710538,
      0.5600384713303344,
      0.1937550886838283,
      0.5397260475592325,
      0.5783223468361413,
      0.9653669883642755,
      0.4658507608321515,
      0.041218211917091296,
      0.9430155978024163,
      0.2674308460540551,
      0.7293295369440447,
      0.57561750059022,
      0.8256796537657,
      0.8151716530122752,
      0.5281132367497178,
      0.8266383224215215,
      0.7639307513444167,
      0.2648371836316852,
      0.5252438849384159,
      0.5541905466888357,
      0.37818191129782974,
      0.7450469935471635,
      0.2806576625628212,
      0.970184082071879,
      0.823677363336939,
      0.978073118620327,
      0.49119614886596097,
      0.6255023153178355,
      0.3681622586961123,
      0.27170809027288534,
      0.7049624491081308,
      0.9090151895400193,
      0.41775828586490404,
      0.6095412889618553,
      0.585938072687339,
      0.8930936343998793,
      0.9166908334120343,
      0.8584724743974405,
      0.4721485132611529,
      0.4807210850130702,
      0.966113607256765,
      0.14152773929286366,
      0.6864110737296917,
      0.8136470071682644,
      0.6496913523967113,
      0.8044161094802286,
      0.6584368982773874,
      0.7552418973233255,
      0.616923263713886,
      0.3417038976597814,
      0.3231289351313176,
      0.1544216935411289,
      0.7029083784993677,
      0.5724367368870931,
      0.2916010291694956,
      0.02198318626477036,
      0.1818806884802623,
      0.9196557994989446,
      0.6893228355088742,
      0.8528493442801934,
      0.33072324176447354,
      0.4919088973308279,
      0.9279620406010517,
      0.28301492112311355,
      0.076863264671996,
      0.21435225530737068,
      0.47425321392117226,
      0.3668784589614873,
      0.8654826015894379,
      0.22710319324722184,
      0.7957563775459994,
      0.5848636850024898,
      0.9513743724371871,
      0.09511916040574064,
      0.46089376742698995,
      0.027475684173515202
    ],