{
  "step": 41,
  "insect_id": "Ant",
  "timestamp": 1753377453.643157,
  "sensory_input": {
    "visual": [
      0.14742159739097316,
      1.6248705970688682,
      -0.63596614787478,
      -1.6175093167444892,
      -0.9076455511087058,
      0.051111625102846864,
      0.463029463601873,
      1.372557831087981,
      1.2663970560081885,
      1.0091934435569954
    ],
    "olfactory": [
      -0.14939853872075884,
      1.0888178350802968,
      -0.7751465336948772,
      -1.0053543620720415,
      0.35169104386739214
    ],
    "pheromonal": [
      -0.6317353172344353,
      -0.09680921814114224,
      -0.7991873697332784
    ],
    "mechanosensory": [
      1.8462849030104649,
      -1.1920478791727063,
      -0.28911404447902883,
      -0.29433947699847796
    ]
  },
  "processed_output": {
    "visual": "[-2.60839534e-01  4.44043801e-01  2.97130560e-01  4.09952299e-01\n  2.42494716e-01  9.78876507e-02  4.04694762e-01  4.06990077e-01\n  1.75474332e-01  1.92496276e-01  7.17740944e-02  5.45395666e-01\n -4.60894030e-02 -4.21792987e-01  2.71443303e-01  4.26341361e-02\n  2.71476753e-01  3.76092462e-01  1.07610537e-01 -8.01776285e-02\n -5.69547423e-01 -5.06914382e-01  1.17210380e-01  4.33821079e-01\n -2.77626158e-01 -2.12660400e-01 -1.32423055e-01  1.30847256e-01\n -2.63030666e-01  3.19461689e-01  2.91090857e-01  5.96051222e-01\n  1.25213605e-01  4.53929173e-01  1.85862217e-01  2.26633914e-01\n -4.03469198e-02  1.02983413e-01  1.68938857e-01  1.86342731e-01\n  1.95540074e-01 -1.78592466e-01 -1.33810749e-01 -1.46439849e-02\n  3.54753411e-02  1.04435397e-02  2.23799263e-01  1.83804058e-01\n  9.40467417e-02  1.50882245e-02  2.02860533e-02 -8.39589183e-05\n  8.49011276e-02  5.52162163e-03 -5.77744204e-01 -3.36533456e-01\n -8.41098185e-02  2.25910170e-01 -2.23738691e-01  1.40415892e-01\n  1.36122770e-01  2.31554498e-01  2.53941256e-01 -1.07554955e-01\n  2.88708782e-01 -1.53490424e-01 -2.97298294e-01 -5.66299168e-01\n  7.90921089e-02  2.89255800e-01  5.93746424e-01 -4.50917364e-01\n  6.27987113e-02  2.51458219e-01  6.47978672e-02 -6.76931385e-01\n  6.58096323e-02  2.79182081e-01 -3.70168970e-02  3.19161628e-01\n -9.60013680e-02  2.61195161e-01  9.48782101e-02  3.22050390e-02\n  5.74314286e-01  8.89335024e-02  5.02890275e-01 -5.48180913e-02\n -2.92615318e-01 -5.06499475e-02 -4.39797007e-01  2.75153785e-01\n  4.88060152e-02 -6.32984731e-02 -9.25630136e-02  9.16210285e-02\n  2.53019087e-02  2.50596883e-01 -2.82536626e-01 -4.73235605e-02\n -4.24575196e-01 -4.68982562e-02  4.53039377e-01 -2.29703257e-01\n -5.38842766e-01  7.65326275e-01 -3.57863462e-01  1.28259153e-01\n  2.06854559e-01  3.68006303e-01 -1.10181935e-01 -3.09926237e-01\n  2.64844718e-01  2.49127868e-01  3.74864869e-01 -5.80299550e-01\n -2.72818595e-01  9.81382141e-03 -4.16014395e-01  6.49600437e-02\n  3.87625798e-02  3.53183195e-01  3.04161602e-01 -2.81242973e-01\n -4.07129843e-02 -1.85472130e-01  4.94941717e-01  1.57917717e-01\n  3.31827528e-01  2.48107878e-01 -2.81041179e-02 -1.05033448e-01\n -2.85745024e-01  1.31491575e-01  1.88451621e-01  3.95146771e-01\n  5.12912892e-01  3.31518582e-01  4.74367123e-01  2.52277202e-01\n  5.13591058e-01  3.46799282e-01 -1.28002902e-01  3.45549610e-01\n  2.16137683e-01 -9.93940330e-02 -1.87160404e-01  1.99428449e-02\n -6.53356366e-01 -1.21696134e-01 -2.50256327e-01 -2.08452520e-01\n -1.07896705e-01 -3.34280081e-01  2.27145321e-01 -1.55316120e-01\n  3.23415313e-01 -2.30579852e-01 -5.71731289e-01 -1.91485530e-01\n -3.01012815e-01 -1.23326473e-01 -2.95805389e-01  9.56533042e-02\n  2.48260866e-01  4.31324355e-01 -5.53972650e-01  1.00042817e-01\n  2.76479922e-01 -9.76924762e-02  4.04844180e-01  2.77132306e-01\n -4.05234522e-01 -1.65474824e-01 -1.02959787e-01  2.13645715e-01\n -1.33443378e-01  3.79748596e-01 -7.11524227e-02  9.53114979e-02\n -1.17143560e-01 -1.00782010e-01  1.82538937e-01 -6.30400078e-02\n -2.43104582e-01  3.51903435e-01 -2.35150566e-01  7.94644724e-01\n -2.35483299e-01  2.21902271e-02  5.94126989e-01 -1.55861066e-01\n -4.45761313e-01  2.98660025e-01 -3.40751733e-01 -2.95348423e-01\n  3.85492374e-01 -1.09986446e-01  2.81906108e-01 -9.24399691e-02]",
    "olfactory": "[-0.23738381  0.06048535  0.0838321  -0.16469179  0.3424865  -0.03234634\n -0.08806961 -0.06152864  0.12567125 -0.24815378  0.05770686  0.10528683\n -0.17893266 -0.03899619 -0.03411263 -0.35738852  0.22748632 -0.14961235\n -0.22092413  0.12397318  0.2925437  -0.02835633  0.28056825 -0.03073827\n -0.18287549 -0.16850258 -0.20152837 -0.14502824  0.11175484  0.15277315]",
    "pheromonal": "[-0.03727345  0.03239979  0.00625683 -0.03408465  0.00236773  0.10913133\n  0.04731389  0.08552759  0.0830047   0.07591257  0.08525648 -0.1618279\n -0.05759055 -0.12805019  0.02038293 -0.08199508  0.07389436 -0.07054988\n  0.08528429 -0.03063023  0.14317589 -0.11352628 -0.05675587 -0.18947105\n -0.05174569 -0.10684758  0.04872039 -0.04434787  0.09654343 -0.06900676]",
    "mechanosensory": "[-0.28341751  0.29801495 -0.10028936 -0.34166942  0.19955819  0.34464082\n  0.18333943 -0.01259865 -0.09250114 -0.40543297  0.39262666 -0.14576691\n  0.13419524 -0.01946953  0.06913962 -0.07877848  0.16763998  0.28665333\n -0.01290896 -0.03477177  0.14452183 -0.20232827  0.05114445  0.12689882\n -0.03929912  0.00254567  0.13697788 -0.22155455 -0.36411588 -0.1536039\n  0.1141877   0.10026376 -0.01902186 -0.10482092 -0.21303632  0.34212834\n  0.20025195 -0.14137883 -0.06887623  0.38996881 -0.1267181   0.48239975\n  0.11441244 -0.01628343 -0.12559289  0.17248539 -0.33545994 -0.00630379\n  0.17993835  0.08498175  0.31559488  0.21771495  0.18516757 -0.13060796\n  0.26540622  0.01047954 -0.20735941 -0.24043264  0.10330004 -0.29891739]"
  },