{
  "step": 37,
  "insect_id": "Ant",
  "timestamp": 1753377453.597279,
  "sensory_input": {
    "visual": [
      1.0703773064196687,
      2.1552594104663583,
      0.4825446295599572,
      0.6825194533923039,
      0.4673232738816831,
      -1.0695812890958578,
      1.4603641688393554,
      0.07674030228234362,
      -0.6150087383745565,
      0.8023701369834525
    ],
    "olfactory": [
      0.4742958892389384,
      -1.1680999508069827,
      -1.7892974047406676,
      0.6662285117912419,
      -1.0856894673269581
    ],
    "pheromonal": [
      -2.1480113089163995,
      -1.6868447656164145,
      0.47957508833740686
    ],
    "mechanosensory": [
      0.43548653377567365,
      -0.2839792061686167,
      -0.22083706326064004,
      1.2512449324241206
    ]
  },
  "processed_output": {
    "visual": "[ 0.21893948  0.40539289 -0.04839539  0.46817257  0.05860446 -0.10952439\n  0.25813658 -0.44762399 -0.12969252  0.20454817 -0.54223042  0.42028316\n  0.3086153  -0.2844593   0.25210877  0.14830811  0.24167473  0.19899602\n  0.69641841  0.06051473 -0.43160429  0.16207976  0.19212149  0.32957693\n -0.24162844 -0.29318683  0.14471022 -0.35698498  0.49355633  0.29789831\n  0.137452    0.27288977 -0.38858632  0.25838682  0.53532526  0.34493517\n -0.05962422 -0.65671318  0.28864227  0.27988876  0.15024593  0.41923341\n -0.2183823  -0.12309298  0.49154601 -0.26430684  0.09203781  0.10019414\n -0.06706091 -0.09772866  0.21711357 -0.28303964  0.28711411 -0.16860311\n -0.14221671  0.03591956  0.15259898  0.07775556  0.43895366  0.22107428\n -0.28471832  0.40963813 -0.08669375 -0.276215   -0.17248737 -0.44511765\n -0.07095112 -0.24071727  0.41615433  0.15425996  0.70118429 -0.31839851\n -0.2764063   0.32108783 -0.21309578  0.09795078 -0.57464588 -0.08509623\n -0.21274098 -0.63501365 -0.13652472 -0.02990566 -0.31289002  0.01128838\n  0.25439113 -0.02288295 -0.12579808  0.1529912   0.20638543 -0.059582\n -0.431928    0.24313381  0.24918249  0.58397392 -0.15367589 -0.51176812\n  0.04435562  0.31870822  0.08563648 -0.0770522  -0.12423937 -0.33851298\n  0.21406034  0.46547836  0.30587273  0.45493554 -0.21944934  0.41881684\n -0.30440388  0.70993717  0.31889851  0.01351106  0.26510385  0.42209989\n  0.23351229 -0.06319196 -0.13053841  0.12273484 -0.15641224  0.05555463\n -0.14333902  0.34327602  0.48218167 -0.52376364 -0.11193909  0.17827891\n -0.10207599  0.36898555  0.05044603 -0.11875693  0.38188702  0.27090737\n -0.22776237  0.60408182  0.311244    0.38951432  0.35474076  0.03487068\n  0.33266735  0.14807883 -0.16903864 -0.31825398 -0.43056621  0.26999573\n  0.42894354 -0.39228335 -0.28500355 -0.4656092  -0.024392    0.19839743\n -0.36619566  0.06127083  0.35812368  0.62257915 -0.2225083  -0.32343114\n -0.24134735  0.18560156 -0.39548821 -0.01385381 -0.07552316  0.07455097\n -0.40675557  0.32814592  0.10999025  0.07192998 -0.23163687 -0.25243213\n -0.49051568  0.40661017  0.26839766 -0.29485269 -0.27384292 -0.08160799\n -0.11818662 -0.14380007 -0.32639154 -0.51190723 -0.46699541  0.26612739\n -0.38021452  0.29145832  0.10457382 -0.25361544  0.26676039 -0.0364724\n  0.40027469  0.21281482  0.45312017 -0.00737219  0.07541976  0.31839493\n  0.01678407  0.44943711 -0.41271428  0.00896999  0.00617144 -0.23364093\n  0.34240911 -0.19304796]",
    "olfactory": "[-0.27996762 -0.35810277  0.18326492  0.44357695 -0.21983203  0.43911166\n  0.20917135  0.46588917 -0.09074451 -0.05001628  0.29667109  0.1237071\n -0.1508982  -0.21685098 -0.04476269  0.30620709 -0.27114594 -0.12622182\n  0.42435001 -0.33818365 -0.25614165 -0.06011911 -0.29030951 -0.40780098\n  0.06426125  0.20646869  0.31766809 -0.42867212  0.15348229 -0.16172401]",
    "pheromonal": "[ 0.62088968  0.02762856 -0.33513884  0.12027409 -0.48900924  0.13780434\n -0.00092313  0.07098735  0.1139851   0.51046985 -0.02803559 -0.6851101\n  0.11768722 -0.13468679 -0.00116914  0.13625701  0.02030981  0.02819206\n  0.21159216 -0.03609163  0.38294761 -0.37415372 -0.40563768 -0.20414457\n  0.16836111 -0.40412838  0.23723298  0.46690103  0.1022343  -0.27652767]",
    "mechanosensory": "[-6.96740517e-04 -1.97971983e-01  1.85146801e-02 -8.92193670e-02\n  1.01604943e-01  1.93543671e-01  5.59628920e-02 -7.29825300e-02\n -1.48002424e-02 -1.84007923e-02  1.24816443e-01  3.28961663e-03\n -7.08550060e-02 -1.75164359e-01 -7.85036541e-02 -1.37436666e-01\n -3.92042715e-02 -2.47053123e-01  3.20098503e-01  7.01363863e-02\n  7.15424102e-02 -5.95393014e-02  9.43254857e-02  1.02680655e-01\n  4.57884844e-02  4.80299951e-02  1.12616624e-01 -1.54014629e-01\n -8.61240545e-02 -5.96920035e-02  1.03551980e-01  2.16729724e-01\n -8.43253134e-02  1.84851298e-01  4.53037421e-04 -1.07138405e-01\n -2.58068050e-04 -5.88753043e-02  2.73770072e-01  2.06594959e-01\n  5.65229017e-02  1.47806369e-01  2.04384115e-02  1.42595787e-01\n  1.61308126e-01  1.39556413e-01 -7.06929082e-02  8.88908375e-03\n  4.94094303e-02  3.27513255e-02  2.05725151e-01  1.61710237e-01\n  2.81773383e-02 -1.07258253e-01 -2.55697436e-02  3.78269431e-02\n -2.96966248e-01  8.99635316e-02  1.67937008e-02 -5.52522397e-02]"
  },
  "neural_activity": {
    "mushroom_body": [
      0.4924007237947772,
      0.14693464607642892,
      0.767210702383254,
      0.6248820631260946,
      0.9864482839136465,
      0.33642038262559837,
      0.4422341246408278,
      0.9350583906263176,
      0.8758108280827299,
      0.364067756289724,
      0.02099672115939233,
      0.3653858631904884,
      0.8151629850456615,
      0.6140212660019688,
      0.32891618603502437,
      0.18893806693942827,
      0.7905736907455317,
      0.49916065962944123,
      0.19717420637235406,
      0.9213049964468009,
      0.447226947943287,
      0.7632966728025157,
      0.8032316000008118,
      0.5535376916288629,
      0.07895300729288246,
      0.37207011325454553,
      0.17281634483101527,
      0.9955464920855303,
      0.7331206509221954,
      0.5386381999688542,
      0.39924139702265893,
      0.2069417262349741,
      0.18638278300294076,
      0.5276332937882693,
      0.6015984856107799,
      0.738477463568368,
      0.012070075146157544,
      0.39691921306107414,
      0.9742478701988332,
      0.24929524690375904,
      0.2769088846934247,
      0.5292959918493957,
      0.07966113583142909,
      0.21578219897423678,
      0.7698762304225306,
      0.28290490199427065,
      0.9405319902264295,
      0.6002708120426894,
      0.45739250176265134,
      0.4463890668275149,
      0.9356395009266144,
      0.2565397437437217,
      0.45391089141763574,
      0.6693230026315135,
      0.02617703582476605,
      0.02531896787827681,
      0.5251034861530219,
      0.7031803637078137,
      0.058529304862222964,
      0.01939748304062039,
      0.5974268143442467,
      0.12381889677257696,
      0.6523379317512753,
      0.9321946265931902,
      0.591086092657511,
      0.1240378689225623,
      0.9362653987395712,
      0.5070649457786084,
      0.0919345703443104,
      0.7666644812076299,
      0.08779127460972835,
      0.33673866917057105,
      0.5896370886961854,
      0.2909284330490943,
      0.7323145070044182,
      0.7236888826592979,
      0.5710198786593059,
      0.7176901664961559,
      0.24203636076752333,
      0.41260492944946736,
      0.8738631246179162,
      0.4024116122514887,
      0.24035654060282785,
      0.3736574116109701,
      0.03336379466983419,
      0.6106387280493265,
      0.9364508555576203,
      0.22944403673237168,
      0.4365801853721185,
      0.8738519447485829,
      0.5050267126920194,
      0.453349231079773,
      0.993777465048396,
      0.3051647484911183,
      0.5080186252800102,
      0.5197698326970429,
      0.18403870897738006,
      0.28479427375720423,
      0.10024162543381976,
      0.18808052763581162
    ],