{
  "step": 11,
  "insect_id": "Fruit_Fly",
  "timestamp": 1753377433.8459027,
  "sensory_input": {
    "visual": [
      -1.0475679200782189,
      0.9331906744924626,
      1.118531402783931,
      0.0863423672869233,
      -1.054246785890075,
      1.8910099879639952,
      0.6753175507741986,
      -0.6359429058103085,
      -1.2271903974271279,
      -1.3577241221316658
    ],
    "olfactory": [
      -0.3404322460368284,
      -1.3115818688788197,
      0.9588234634839727,
      -0.8805033993401696,
      0.34374525936648226
    ],
    "pheromonal": [
      -1.5098488680338211,
      2.395166408773626,
      -1.713327968419549
    ],
    "mechanosensory": [
      0.7172409836046497,
      0.8545303975618799,
      -0.9476850714709714,
      -0.35125410625155534
    ]
  },
  "processed_output": {
    "visual": "[ 0.15016863  0.44973076  0.39266939  0.0930662  -0.21314723 -0.13956784\n -0.20807146  0.06985057  0.66872319 -0.19229887 -0.21699118  0.51494792\n -0.29795452 -0.23907063  0.24095492 -0.34108377 -0.30818815  0.26466069\n  0.39723228 -0.18084597  0.23326922  0.23175354  0.39099417 -0.06152571\n -0.51949605 -0.14639389  0.23507625 -0.49089088  0.63301803  0.13573858\n -0.11314053 -0.15995336  0.37140226 -0.34095982 -0.13845581 -0.396606\n -0.19495709 -0.07531138 -0.15564582 -0.17398316 -0.03504732  0.40551322\n -0.11844282  0.38071631 -0.08103115 -0.30059963  0.28013152  0.4562701\n -0.43364578  0.1703806  -0.2936458   0.14488056 -0.29651679  0.12203327\n  0.44524019 -0.05859344 -0.01643408 -0.45693831 -0.26409292 -0.19776386\n  0.52861777  0.32568574 -0.03791764  0.11365943  0.31870885 -0.21428196\n  0.22741268 -0.06136511  0.35944424  0.11129089 -0.30985767  0.17664062\n  0.1840673  -0.25131027 -0.15711445 -0.05481551 -0.03889663 -0.06686434\n  0.01367482 -0.7014234   0.37356373  0.10932463 -0.22015604  0.18481889\n  0.50508622  0.54192463 -0.33429805  0.03793542  0.33531495 -0.07567072\n  0.05352389  0.07875008 -0.12559835  0.23552436 -0.27591553 -0.23181985\n  0.58286594 -0.23190063  0.08718549  0.30758618  0.08663721 -0.08661\n  0.30313667  0.25833724  0.13733254  0.20091445  0.0521687   0.17487439\n -0.12530831  0.18315737 -0.21922405  0.04283871  0.27755185 -0.18197884\n  0.31615636 -0.09822884 -0.04343108 -0.49098158 -0.22296456 -0.26125385\n -0.07151381 -0.11229655 -0.05409422 -0.63746211  0.11694371 -0.33653516\n  0.34880688  0.04359711 -0.16166412 -0.22048498 -0.12794424  0.01634263\n -0.20645664 -0.25448205  0.51445853  0.05955217  0.26430566  0.22520394\n  0.48067188 -0.05745927  0.34791654 -0.39307505  0.6057896   0.23619234\n  0.22043879 -0.16500099 -0.38467263  0.01490251  0.23464878  0.1566748\n  0.44100329  0.24504069  0.23942076 -0.13367862 -0.15068117  0.26850429\n -0.03044554 -0.03400301 -0.74023333 -0.27271837 -0.18355819  0.13024906\n  0.34165186 -0.14622281  0.2988977   0.20457445 -0.10417055 -0.29921162\n -0.13057083 -0.52831088 -0.1009439   0.31687557  0.62281614 -0.35862454\n  0.13296438  0.50152078 -0.57475341  0.49940544 -0.47086084 -0.21821015\n  0.25382026 -0.28159161 -0.29187345 -0.19210108 -0.56772117  0.44964369\n  0.46802507 -0.66143535  0.02066997 -0.15321963  0.26738519  0.41448114\n -0.13814615 -0.10511702 -0.17443411  0.14854606 -0.39372782 -0.77650253\n  0.15765058 -0.0135681 ]",
    "olfactory": "[-0.12973205 -0.3864527  -0.13520346 -0.26026456 -0.38354049  0.13598785\n -0.25705262 -0.24823911 -0.14140377  0.12135411  0.09494142 -0.04552257\n  0.07083361  0.21686278 -0.22891092  0.2858175  -0.22022659  0.04560144\n  0.10100284  0.03423278  0.04700352  0.33820133 -0.29568605  0.33086825\n -0.12939651  0.21025071  0.15288663  0.03146086 -0.17284616  0.10962103]",
    "pheromonal": "[ 0.40980659  0.58306214  0.31395202  0.31358988  0.57422467 -0.41499149\n  0.31369342 -0.11597386 -0.1400622  -0.56817348 -0.03574447  0.39061296\n -0.26346168 -0.08955626  0.26689122 -0.4949313  -0.09864786  0.03592574\n -0.0776631  -0.0172602  -0.00780167 -0.35991153  0.44550336 -0.48735398\n  0.11721344 -0.19178209 -0.07989838 -0.26582014 -0.24831505 -0.5475124 ]",
    "mechanosensory": "[-0.21912288  0.32335365  0.17178312  0.02023245  0.13232016 -0.0315015\n -0.21632454  0.0500767   0.32753279  0.2440175  -0.03446671  0.3035801\n -0.01147908 -0.20007541 -0.1633101  -0.12686926 -0.20824852 -0.17073066\n  0.04104923  0.11213076  0.00171191 -0.14238795 -0.03646105 -0.20909338\n  0.06167989 -0.2051158  -0.19955226  0.14373666 -0.18767654  0.16240644\n  0.06637867  0.15679111 -0.12731688 -0.07327282  0.00848967 -0.02188501\n -0.2079648  -0.08691283 -0.04671806 -0.11599573  0.24701274  0.07491713\n -0.19980742  0.34782632 -0.12552724  0.01975257 -0.11130958 -0.01019698\n -0.03618863  0.45686584  0.07427988  0.27986205 -0.02550304  0.04685925\n  0.16448381 -0.10394363 -0.03511523 -0.06732387 -0.16650695  0.2076153 ]"
  },
  "neural_activity": {
    "mushroom_body": [
      0.9573342550431373,
      0.5685218001748344,
      0.1532728767834156,
      0.440756085521535,
      0.4259028932173351,
      0.8065279792960456,
      0.735175839227128,
      0.5075710583125029,
      0.3182408848813949,
      0.1857101658658754,
      0.147293821091668,
      0.5144536606534947,
      0.45121488345427196,
      0.4906687440412314,
      0.9154397942576439,
      0.03221105435352989,
      0.5357325732152792,
      0.1382546922159048,
      0.36067250393003913,
      0.5332526610283069,
      0.8730295292421824,
      0.04063562036991242,
      0.7485949842136878,
      0.3405914174807766,
      0.18318381682710538,
      0.5600384713303344,
      0.1937550886838283,
      0.5397260475592325,
      0.5783223468361413,
      0.9653669883642755,
      0.4658507608321515,
      0.041218211917091296,
      0.9430155978024163,
      0.2674308460540551,
      0.7293295369440447,
      0.57561750059022,
      0.8256796537657,
      0.8151716530122752,
      0.5281132367497178,
      0.8266383224215215,
      0.7639307513444167,
      0.2648371836316852,
      0.5252438849384159,
      0.5541905466888357,
      0.37818191129782974,
      0.7450469935471635,
      0.2806576625628212,
      0.970184082071879,
      0.823677363336939,
      0.978073118620327,
      0.49119614886596097,
      0.6255023153178355,
      0.3681622586961123,
      0.27170809027288534,
      0.7049624491081308,
      0.9090151895400193,
      0.41775828586490404,
      0.6095412889618553,
      0.585938072687339,
      0.8930936343998793,
      0.9166908334120343,
      0.8584724743974405,
      0.4721485132611529,
      0.4807210850130702,
      0.966113607256765,
      0.14152773929286366,
      0.6864110737296917,
      0.8136470071682644,
      0.6496913523967113,
      0.8044161094802286,
      0.6584368982773874,
      0.7552418973233255,
      0.616923263713886,
      0.3417038976597814,
      0.3231289351313176,
      0.1544216935411289,
      0.7029083784993677,
      0.5724367368870931,
      0.2916010291694956,
      0.02198318626477036,
      0.1818806884802623,
      0.9196557994989446,
      0.6893228355088742,
      0.8528493442801934,
      0.33072324176447354,
      0.4919088973308279,
      0.9279620406010517,
      0.28301492112311355,
      0.076863264671996,
      0.21435225530737068,
      0.47425321392117226,
      0.3668784589614873,
      0.8654826015894379,
      0.22710319324722184,
      0.7957563775459994,
      0.5848636850024898,
      0.9513743724371871,
      0.09511916040574064,
      0.46089376742698995,
      0.027475684173515202
    ],