{
  "step": 38,
  "insect_id": "Fruit_Fly",
  "timestamp": 1753377453.6118689,
  "sensory_input": {
    "visual": [
      -1.554963815964753,
      -0.9576140972234217,
      0.7793853553448061,
      -0.8964235015841179,
      1.2491699988744143,
      0.2197721837321511,
      -1.1920668680303836,
      1.4821276158104022,
      1.4699516018524814,
      0.04625000708763152
    ],
    "olfactory": [
      -0.21419039918762048,
      0.8504794095079912,
      0.6441415821956419,
      0.4968819807865737,
      -0.09041400654754071
    ],
    "pheromonal": [
      0.1938038168049237,
      0.39300129491879066,
      -0.45291984680657266
    ],
    "mechanosensory": [
      -1.2429050157856563,
      0.2771408593430539,
      -0.32283047559632044,
      -1.0031492097542436
    ]
  },
  "processed_output": {
    "visual": "[-0.32154942  0.03830092 -0.06497118  0.08289004  0.04805449 -0.30321601\n -0.16077874 -0.29100484 -0.62105662 -0.15905742  0.2991561  -0.45287512\n  0.59697193  0.35896928 -0.02504337  0.25820905  0.63807954 -0.48132532\n  0.37435564  0.4953933  -0.17795786 -0.35899155  0.11104295  0.01681066\n -0.19779854  0.28899164 -0.085968    0.13150937 -0.57663838  0.31560808\n  0.27949525 -0.23575981  0.84509191  0.39334465 -0.24237749 -0.05405764\n -0.40432692 -0.11629732 -0.3456395   0.50190031 -0.18528228  0.45770493\n  0.09908725 -0.13695789 -0.04129188 -0.48056093  0.44035244 -0.20295248\n  0.18234618 -0.53233059  0.3411349   0.46397142  0.37607953 -0.21859566\n -0.42700007  0.41038229 -0.27398526 -0.11849862 -0.05088874  0.39934575\n -0.07356535 -0.6579987   0.23729016  0.32722808  0.25201582 -0.1045091\n -0.40620695  0.36261397  0.28737937 -0.32720397  0.39136723 -0.14317839\n  0.09438833 -0.08675508 -0.05315814  0.18458877 -0.57850096 -0.00159485\n -0.12518792 -0.50757718  0.06845555  0.15117833  0.15515111 -0.5182594\n -0.29738394  0.08927267  0.07385217  0.04526439  0.0487131  -0.573478\n  0.06456473  0.1959685  -0.05278257 -0.60133509 -0.30727509 -0.05451242\n -0.01667065 -0.11336692  0.45291735  0.18480496  0.43913004 -0.06674433\n -0.22629128 -0.35893623 -0.3235941  -0.30093433 -0.00515825 -0.13780802\n -0.36405378  0.23308514 -0.49066792 -0.12581471 -0.56685605  0.12229446\n -0.24868052 -0.08952215 -0.12185539 -0.4534017   0.13761578  0.49244686\n -0.09113971  0.06952553 -0.07050535  0.49435589  0.00962197 -0.48596391\n -0.21867298 -0.31376511  0.21851073 -0.03611733 -0.24136885 -0.3839086\n  0.41506395  0.19921595 -0.12013233 -0.34517812  0.02784409  0.04206328\n -0.51647931 -0.32176598  0.18284332 -0.56346925 -0.13785195 -0.5641362\n -0.47321375  0.40386924  0.4156317   0.26742018 -0.28333284  0.06291781\n -0.49315846  0.20285877 -0.06585326 -0.02936915  0.01269497  0.16249188\n  0.34434679  0.0085915   0.19187488 -0.54689264 -0.47290817  0.29896476\n  0.29431492  0.18836666  0.30529829 -0.06365201  0.41900784  0.17051198\n  0.62210356 -0.20552698  0.18469729  0.33852897 -0.47369682  0.0902092\n -0.25073842 -0.53528212  0.22958844  0.0793805  -0.06323236  0.41667295\n -0.34090946 -0.15309017  0.19869555  0.24193733  0.03555937 -0.36963689\n  0.21632792 -0.33195741 -0.22736224 -0.29822049  0.4752865   0.11852748\n  0.47662542  0.22361739  0.10421973  0.09333281  0.31183843  0.38276478\n -0.21797906  0.07434553]",
    "olfactory": "[ 0.13705988 -0.02245563  0.05462847  0.16219128 -0.0952789  -0.0379282\n  0.18351897  0.15521802  0.11223991 -0.1950178  -0.11868576 -0.06660941\n  0.12012171 -0.08550209  0.0124667   0.03427163  0.18451188  0.12592941\n -0.00158906  0.17896331 -0.07948367 -0.08839493  0.27593317 -0.12492372\n  0.17201845 -0.11759325  0.08333981 -0.17318365 -0.07640482 -0.01045269]",
    "pheromonal": "[ 0.02010696  0.1537501   0.04782426  0.04301748  0.16922456 -0.0524724\n  0.08849093  0.02092452  0.00575562  0.01269587  0.00536592  0.0369326\n -0.04692349 -0.04349396  0.09792774 -0.13887819 -0.00961422 -0.08238734\n -0.01175881 -0.06227928  0.00319246 -0.11361052  0.07504414 -0.08942902\n -0.04470155 -0.04679571 -0.05710257  0.01142544  0.04990133 -0.04713252]",
    "mechanosensory": "[ 0.08631297 -0.24592269  0.13158586 -0.1933863  -0.12377618  0.05145676\n -0.12819843  0.22858186 -0.25318751  0.38147978  0.09884432  0.03440568\n -0.0050136   0.07074546  0.18478574  0.06969346  0.01061739  0.12665254\n  0.00770588 -0.02520151 -0.07244663 -0.06272714 -0.07012724 -0.38014202\n  0.00948321 -0.12460916  0.16744035 -0.41094745  0.04841103  0.18037111\n -0.07145246  0.16962202  0.05305849  0.14693473  0.11129159  0.01828648\n  0.04745079 -0.06871151  0.14350316  0.09911209  0.10786824 -0.25215005\n -0.03627645 -0.0399804  -0.01015388 -0.27383752  0.1220764  -0.23327878\n -0.13436797 -0.11364784  0.08040354  0.23775482 -0.29106611  0.03587536\n  0.07672052  0.08679598 -0.06249584 -0.13817547  0.23711756 -0.09800174]"
  },
  "neural_activity": {
    "mushroom_body": [
      0.9573342550431373,
      0.5685218001748344,
      0.1532728767834156,
      0.440756085521535,
      0.4259028932173351,
      0.8065279792960456,
      0.735175839227128,
      0.5075710583125029,
      0.3182408848813949,
      0.1857101658658754,
      0.147293821091668,
      0.5144536606534947,
      0.45121488345427196,
      0.4906687440412314,
      0.9154397942576439,
      0.03221105435352989,
      0.5357325732152792,
      0.1382546922159048,
      0.36067250393003913,
      0.5332526610283069,
      0.8730295292421824,
      0.04063562036991242,
      0.7485949842136878,
      0.3405914174807766,
      0.18318381682710538,
      0.5600384713303344,
      0.1937550886838283,
      0.5397260475592325,
      0.5783223468361413,
      0.9653669883642755,
      0.4658507608321515,
      0.041218211917091296,
      0.9430155978024163,
      0.2674308460540551,
      0.7293295369440447,
      0.57561750059022,
      0.8256796537657,
      0.8151716530122752,
      0.5281132367497178,
      0.8266383224215215,
      0.7639307513444167,
      0.2648371836316852,
      0.5252438849384159,
      0.5541905466888357,
      0.37818191129782974,
      0.7450469935471635,
      0.2806576625628212,
      0.970184082071879,
      0.823677363336939,
      0.978073118620327,
      0.49119614886596097,
      0.6255023153178355,
      0.3681622586961123,
      0.27170809027288534,
      0.7049624491081308,
      0.9090151895400193,
      0.41775828586490404,
      0.6095412889618553,
      0.585938072687339,
      0.8930936343998793,
      0.9166908334120343,
      0.8584724743974405,
      0.4721485132611529,
      0.4807210850130702,
      0.966113607256765,
      0.14152773929286366,
      0.6864110737296917,
      0.8136470071682644,
      0.6496913523967113,
      0.8044161094802286,
      0.6584368982773874,
      0.7552418973233255,
      0.616923263713886,
      0.3417038976597814,
      0.3231289351313176,
      0.1544216935411289,
      0.7029083784993677,
      0.5724367368870931,
      0.2916010291694956,
      0.02198318626477036,
      0.1818806884802623,
      0.9196557994989446,
      0.6893228355088742,
      0.8528493442801934,
      0.33072324176447354,
      0.4919088973308279,
      0.9279620406010517,
      0.28301492112311355,
      0.076863264671996,
      0.21435225530737068,
      0.47425321392117226,
      0.3668784589614873,
      0.8654826015894379,
      0.22710319324722184,
      0.7957563775459994,
      0.5848636850024898,
      0.9513743724371871,
      0.09511916040574064,
      0.46089376742698995,
      0.027475684173515202
    ],