{
  "step": 6,
  "insect_id": "Ant",
  "timestamp": 1753377433.779903,
  "sensory_input": {
    "visual": [
      0.2780196924675466,
      -2.027122022052333,
      2.6550033917662055,
      0.12706474922493646,
      1.1847496233729766,
      -2.286832829988081,
      0.08788727549257927,
      0.9508541423414687,
      -0.5425331357423244,
      0.6793078835741447
    ],
    "olfactory": [
      -0.7836015758559381,
      0.4188299844576461,
      0.5935647544695267,
      -0.2545246426721694,
      1.7533130068681733
    ],
    "pheromonal": [
      1.0180386912440507,
      1.7345934549372384,
      -0.028807619862276583
    ],
    "mechanosensory": [
      0.7494664698168579,
      -0.10977595472877787,
      0.8115255876330888,
      0.1197893780734362
    ]
  },
  "processed_output": {
    "visual": "[ 7.24699398e-04  4.49849487e-01  6.31220340e-01 -6.07007575e-01\n -2.96387149e-02 -6.19710319e-01  1.63370460e-02 -5.53960511e-01\n  2.38723105e-01 -4.10116681e-01 -4.45166549e-01  1.27405219e-01\n  6.82660226e-01  2.00964239e-01 -2.63157117e-02  1.18617445e-01\n  5.94941597e-01 -4.71191011e-01  5.51913671e-02 -3.05808184e-01\n  2.39472048e-01  1.37421881e-01  5.01804188e-01 -3.27986053e-01\n  6.19613325e-02  3.03669354e-01  3.46003241e-01  3.19896255e-01\n  3.74913694e-01 -2.30979803e-01 -3.23662288e-01 -1.30496451e-02\n -4.12973867e-01 -1.15876992e-01 -2.16898216e-01 -3.57821798e-01\n  5.05462234e-01 -9.74169965e-02 -6.56509297e-01 -2.30845076e-01\n  4.08138740e-01  4.11379353e-01  1.09236981e-01 -4.82740752e-01\n  3.31363318e-01 -1.73608202e-01  2.17832202e-01  3.29984679e-01\n -2.17524273e-01 -2.58834095e-01  5.44511215e-01  4.73049793e-01\n  3.12609941e-01  2.39279070e-01 -1.07483106e-01 -1.69976930e-01\n  5.63419691e-01 -3.43092782e-01 -4.97367519e-02 -4.08484561e-02\n -7.34165496e-02 -2.31837276e-01  2.56721267e-01 -3.89329668e-01\n -3.95095589e-01  5.28650288e-01  4.78735745e-01  6.43103953e-02\n -1.57154506e-01 -2.40633685e-01 -3.18817040e-01  6.74925576e-01\n  4.39699117e-01 -8.37430161e-01  3.53371984e-01  2.89976490e-01\n -3.52673592e-01  5.34351331e-02  1.59109478e-01 -4.53354852e-01\n  5.43627952e-01 -6.94576560e-01 -1.22018247e-01 -3.40698003e-01\n -3.93523279e-01 -1.50781133e-01 -7.59680283e-01  4.10673761e-01\n  6.21027983e-01 -4.01828970e-01  5.62996490e-01  1.12026645e-01\n -3.80062791e-01 -7.36594347e-02  4.52285979e-01 -5.34706289e-01\n -1.61606604e-01  4.07323533e-01  1.87777962e-01 -2.06028991e-01\n -3.35038435e-01 -3.41314276e-01  6.38425275e-02  2.00836491e-01\n  3.30117424e-01 -6.38753691e-01 -1.87957069e-01 -3.91133534e-01\n -4.22104263e-01 -2.63081103e-01  8.33362821e-01  5.37738851e-01\n -1.29968228e-01 -3.38578409e-01  2.75695623e-01 -7.15116778e-02\n  1.61573998e-01  3.35162609e-01  4.87150852e-01  5.95240015e-02\n  3.07936453e-01  6.71783056e-03  4.02769240e-01  3.24149285e-01\n  4.55023141e-02  7.49217832e-01 -3.81717755e-01  6.65372631e-01\n -4.83843984e-02 -5.25589387e-01  4.39335351e-01 -4.09338508e-01\n  1.20499787e-01 -3.70636806e-03 -5.01928064e-01  2.38226870e-01\n -3.27292652e-03  2.08260273e-01 -2.30531957e-01  3.29505951e-01\n  6.45112901e-01 -1.75785004e-03  3.87283107e-01 -6.01364289e-01\n  4.76883732e-01 -1.26735725e-01  4.34721616e-01 -4.57700905e-01\n  2.29331428e-01 -7.83170663e-02 -5.73179420e-02 -5.01302304e-01\n  1.28701494e-01 -5.30150421e-02 -6.95001532e-03  2.41537319e-01\n -2.60592198e-01 -2.12333241e-01  2.31493249e-01  6.42667591e-01\n  2.91560511e-01  4.66016896e-01  9.65226335e-02 -1.16378824e-01\n -1.21609891e-01 -5.74671911e-01  2.62567076e-01 -5.36488457e-01\n -2.44391166e-01  5.18589446e-01  3.82455752e-01 -7.01695425e-01\n  2.94649746e-03 -1.67868460e-01  3.96695102e-01 -1.29312921e-01\n  2.93643784e-02 -7.74001282e-01 -1.72885360e-01 -2.26356300e-01\n -7.81267075e-02  8.53343422e-02 -5.95916933e-01  4.12448002e-01\n  3.84606278e-01  3.71561406e-01  2.64660808e-01 -1.53915448e-01\n  2.86086363e-01  4.61666187e-01 -6.98204977e-01  2.79998227e-01\n -8.93210515e-02  7.27707419e-01  6.63769933e-01  5.00481715e-01\n  2.77763329e-01  6.54231671e-01 -7.23873083e-02 -2.01597585e-01]",
    "olfactory": "[ 0.39156172  0.3518844  -0.31853259 -0.5366057   0.14652378 -0.41099147\n -0.16760744 -0.19783502  0.31064338  0.19555218 -0.14996494 -0.27618535\n  0.03754745  0.25236406  0.08545279 -0.39058871  0.14993039  0.0415453\n -0.30451844  0.39037277  0.27615078 -0.08985062  0.26788245  0.07355702\n -0.06147861 -0.20048381 -0.23551308  0.31739392 -0.14976696  0.06158428]",
    "pheromonal": "[-0.50180058  0.15686146  0.27202611 -0.230462    0.43126935 -0.15762285\n  0.00571229 -0.24864502 -0.09951998 -0.319521   -0.06711579  0.45667081\n  0.00064331  0.02131624  0.04905555 -0.1700995   0.16106357  0.02628051\n -0.21290529  0.05067898 -0.18668076  0.28510492  0.30440056  0.24761133\n -0.17809586  0.21478199 -0.22867631 -0.21405614 -0.06448694  0.19634226]",
    "mechanosensory": "[-0.09682613  0.09080899 -0.01231453 -0.14211805  0.01090156  0.06812789\n -0.06263007 -0.11475599 -0.08203728 -0.10325143  0.22968389  0.15813923\n  0.01383462  0.18680097  0.03367024 -0.25159603  0.03820928  0.07180995\n  0.06070935 -0.05673711  0.1302127   0.043107    0.10408606  0.05268696\n -0.05340148  0.03193977  0.01669307 -0.22068329 -0.09057507 -0.35304462\n  0.10666286  0.03459893  0.06981307 -0.10135088 -0.09505091  0.16834236\n  0.01056644  0.04347531 -0.0343906   0.10526834  0.02440389  0.26402151\n  0.00311324 -0.07445363 -0.16746417  0.12164562 -0.19229868 -0.00630238\n  0.08139648  0.08221255 -0.11571252  0.06776458  0.07569853 -0.02813559\n  0.12126689 -0.07052341  0.05044153 -0.06548035 -0.02561766 -0.05628815]"
  },