{
  "step": 95,
  "insect_id": "Honeybee",
  "timestamp": 1753377493.5399363,
  "sensory_input": {
    "visual": [
      -0.9137732607478024,
      0.048716923741005516,
      0.7043116583671108,
      -0.027750061314007795,
      -0.6369155000528373,
      -0.5994080663081113,
      1.6613352372518149,
      0.07023291649173105,
      0.2839872930203288,
      1.4222207284784723
    ],
    "olfactory": [
      -0.5335954489316429,
      -0.2317386378239862,
      -0.23961060628503258,
      -1.0944552509840915,
      1.1565953727757232
    ],
    "pheromonal": [
      1.3171976255487825,
      -0.08191707555524025,
      0.3708498138305304
    ],
    "mechanosensory": [
      1.8330350819498675,
      0.16901898887895714,
      0.7451120652956857,
      -0.4004211751696878
    ]
  },
  "processed_output": {
    "visual": "[-0.09856243 -0.23040703  0.05813069 -0.16443213 -0.08922583  0.19939094\n -0.11583292  0.0759094  -0.14524242  0.09841049  0.11609974  0.13544829\n  0.17620089 -0.31085395  0.40288868  0.45235313  0.13570712 -0.06258328\n -0.12834081  0.06072045  0.0715339  -0.16003693 -0.34488018 -0.25627526\n  0.18137718  0.45214345 -0.36409135  0.14069848 -0.33043702  0.17005071\n -0.1834681  -0.11603057  0.10905307 -0.35299513  0.21245681  0.25423666\n  0.02803688 -0.10389929 -0.13933623  0.09843842  0.04921993  0.24476038\n -0.04835212 -0.22293775 -0.30341153  0.2072151   0.15795051  0.16039163\n -0.41999445  0.2375723  -0.01224741 -0.17672313  0.04737214 -0.48703587\n  0.12833881  0.58584551 -0.26160336  0.12763632 -0.20722355 -0.10156499\n -0.02158727 -0.14156791  0.44095846 -0.23360149  0.07777792  0.00771801\n  0.00334657  0.15706009 -0.14569691  0.27444832 -0.40106962 -0.38326327\n -0.03248738 -0.29546999 -0.56507067  0.10232347 -0.0330473   0.1237543\n -0.22256615  0.05998582 -0.14232635 -0.04192679  0.17543498  0.17169274\n -0.30051191 -0.07627946 -0.21764511 -0.00092587 -0.10457624 -0.08482671\n  0.12526023 -0.17613686 -0.54294166  0.15239022 -0.27445146 -0.29914066\n  0.23831292 -0.08116508  0.12815192  0.15786795  0.16180935  0.19382413\n -0.55898109  0.17646545  0.01686491  0.03614774 -0.30012226 -0.22560579\n  0.06011429  0.00756622 -0.28243326  0.2330201   0.02005829  0.40631605\n -0.45374088  0.12932306 -0.01795057 -0.0784357   0.55054958 -0.18172514\n -0.06145733 -0.00214437  0.45416757  0.02175032 -0.21679105 -0.03626313\n  0.37265257 -0.0166961   0.1604425  -0.05447685  0.08131297 -0.33017983\n -0.46826627  0.2714064  -0.06245655  0.19526536  0.11442427  0.14510529\n -0.14764566  0.44462154  0.17630979  0.16122767  0.19828097  0.14020701\n -0.32297678  0.1807319  -0.21326584  0.11463054  0.13322027 -0.03802094\n -0.34135667  0.446023   -0.09757129 -0.21345572 -0.16657224  0.23848026\n -0.4812159  -0.15399288 -0.04190328 -0.05518222  0.15653538  0.34657389\n -0.06448725  0.26682775  0.26671442  0.01180609  0.14233801  0.15923015\n  0.0656659  -0.11161689 -0.15585168  0.03110043  0.11976584  0.21253647\n -0.18613595  0.07139002  0.29342979 -0.36102521 -0.22445449 -0.1557445\n  0.50751096  0.34737905  0.19520519 -0.27351759  0.13553209  0.42709513\n  0.29254256 -0.45535853 -0.46540137  0.13593442  0.26677419  0.12408044\n  0.29314553  0.07988887  0.11509771 -0.40809445  0.00303149 -0.13342946\n -0.05835895 -0.06495227]",
    "olfactory": "[-0.32764649 -0.16451021 -0.07806666  0.05946979  0.36063391  0.18685533\n -0.00208967  0.25009973 -0.17385301  0.00249452 -0.18403548 -0.10910517\n  0.23328712 -0.03890566  0.08313615 -0.0755523  -0.19362314  0.13613101\n  0.04903635 -0.18956615  0.04560816 -0.2100646   0.13641025 -0.15715311\n  0.11753261 -0.11874459  0.09476093 -0.05956032 -0.06352275  0.23775386]",
    "pheromonal": "[-0.02789613 -0.0943666   0.02438107 -0.10140768 -0.17081364 -0.15735814\n  0.03418147  0.01671216  0.01894069  0.141845   -0.13749113  0.05591889\n -0.17982666  0.13068956 -0.0521141   0.29589858  0.04229351  0.05295318\n -0.06949797 -0.05681025  0.03953598  0.26334103 -0.10241497 -0.05647391\n -0.05957702 -0.00054427  0.05699495 -0.12270605  0.33113706 -0.11722769]",
    "mechanosensory": "[-0.30229309  0.1344659   0.02703438 -0.02580813 -0.08234689 -0.14965088\n  0.10320441 -0.2097272  -0.45774124  0.10283642 -0.03280805  0.0600924\n  0.26025357 -0.01338446  0.07818639  0.09505992  0.48654766 -0.22982368\n -0.19357988 -0.13795895  0.11979496  0.35633711 -0.05604412 -0.36756594\n -0.24889551  0.12639917 -0.06403104 -0.11292122 -0.3079845  -0.0884628\n -0.12105336  0.54356992  0.12978678  0.05327849  0.3959282  -0.22767264\n -0.01123449 -0.01938703 -0.03672485  0.22873154 -0.21208052 -0.19910231\n -0.06304858 -0.25659404 -0.02700579  0.05334217  0.32735846 -0.01959228\n  0.1316919   0.05098817  0.34909895 -0.13819286 -0.12485614 -0.24050357\n -0.11426863  0.18116378  0.0712224   0.37080689  0.23073472  0.1094    ]"
  },
  "neural_activity": {
    "mushroom_body": [
      0.12635954055289922,
      0.6510662603041527,
      0.6627929837081565,
      0.9059514415899972,
      0.694024905970108,
      0.13032535785611132,
      0.6785700910874193,
      0.25181423548906845,
      0.9354434499568303,
      0.9820695225306735,
      0.35894562736900226,
      0.09852715118231181,
      0.294853150261539,
      0.7462912346894797,
      0.7870932401371551,
      0.07062982415768515,
      0.48313936540704683,
      0.6622209359526908,
      0.115399259873879,
      0.6872873456110286,
      0.6981114122053442,
      0.504124699964496,
      0.8683273200191458,
      0.7166708401294236,
      0.6182749276751418,
      0.6232014757378306,
      0.39529436063508416,
      0.38233751371397573,
      0.7167883560053652,
      0.44552297638641014,
      0.9047130954552666,
      0.021405918043153394,
      0.7727889117003455,
      0.6159269939967781,
      0.06738501744015668,
      0.32597272676736,
      0.3087168672643883,
      0.9038271378155378,
      0.23784856178197233,
      0.18904989841550568,
      0.2210457214133057,
      0.848521080227047,
      0.3413897391223164,
      0.9617188178997028,
      0.787246394196182,
      0.10829421222201396,
      0.6481604816985572,
      0.7469217894494218,
      0.03391105392878513,
      0.15653537504224724,
      0.9992419020899515,
      0.6853055751030905,
      0.25484180859629757,
      0.9989993979407218,
      0.6524217395054385,
      0.6347337365749102,
      0.744143846619154,
      0.5150140806392638,
      0.7356517947329767,
      0.6376489951475847,
      0.45323207581238756,
      0.37210842438874125,
      0.7037428860280608,
      0.23895712561486693,
      0.5940955300660384,
      0.9945112193658604,
      0.707620198578572,
      0.9534313058612712,
      0.7114461577312933,
      0.4395467057289705,
      0.49249444180522495,
      0.06731022572559242,
      0.27550073951848686,
      0.8881137570119427,
      0.8104454683630198,
      0.58025781616706,
      0.5300344472969072,
      0.07180701688387292,
      0.3757757212457067,
      0.300809054944117,
      0.8118121304991793,
      0.8542922211831256,
      0.9187886496881005,
      0.9817062663157549,
      0.5612733835334486,
      0.2686584688003274,
      0.5043663782398784,
      0.18781304522437448,
      0.71123547918031,
      0.2222548857108344,
      0.5264317813777212,
      0.9750138797195244,
      0.07515074344946227,
      0.2914045013201676,
      0.7958427234065533,
      0.45715523003574077,
      0.5492189810560055,
      0.28384337953527417,
      0.4591770410905638,
      0.27511237675800737
    ],