{
  "step": 17,
  "insect_id": "Ant",
  "timestamp": 1753377433.9192903,
  "sensory_input": {
    "visual": [
      1.417816920953327,
      -0.12161321104808012,
      0.34873342033938304,
      -0.3786567228505968,
      -1.7759877130727502,
      -1.9546538411744512,
      -1.1897450144278972,
      -1.7019174130709354,
      0.8169825306309871,
      0.36000041251820153
    ],
    "olfactory": [
      -0.8729619895678672,
      1.0187736528781746,
      -0.4617718843457636,
      1.9635823416502476,
      -0.2529509830143241
    ],
    "pheromonal": [
      0.5209100728482011,
      -1.0343293979385009,
      -0.400911267396871
    ],
    "mechanosensory": [
      -0.01412800917435614,
      0.30460987905905373,
      -0.6286896046362764,
      1.0283327035521348
    ]
  },
  "processed_output": {
    "visual": "[ 0.49014165 -0.59359836 -0.01429138 -0.31230685  0.50607637 -0.57657391\n -0.14987614 -0.27549051  0.42210214 -0.18810158  0.13409232 -0.10040176\n  0.54360808 -0.11045449 -0.09345928  0.25460135 -0.06431621 -0.34426883\n  0.25520062 -0.05515463 -0.5288748  -0.32287091 -0.5267132  -0.03100437\n  0.57453495  0.04751929 -0.06335791 -0.12537746 -0.25857155 -0.51485362\n -0.16880179  0.38552207  0.14415693 -0.38699527  0.50944458  0.08636186\n  0.11045369 -0.42673073 -0.3443082  -0.42323542  0.65844687 -0.2072798\n -0.21150611  0.71745658 -0.63714935 -0.29109146  0.54755234 -0.30963829\n -0.67759669  0.02908807  0.41436671 -0.29769324  0.25534977  0.12318985\n -0.5349119   0.09779924 -0.07555079  0.11969644 -0.3021429   0.07437347\n  0.38093862  0.12494671  0.16229343 -0.46254782 -0.0517305   0.04834299\n  0.43758236 -0.49222788 -0.33825466 -0.21942011 -0.1633041   0.11750885\n  0.20676907 -0.13764     0.21810315 -0.51641607 -0.62525353  0.06060973\n  0.3149438   0.0918557   0.10935495  0.04542428  0.20861543  0.18541417\n -0.01547351 -0.45052442 -0.02348431 -0.08399529 -0.10862636  0.39810572\n -0.20808363 -0.419931    0.39867695  0.20314648  0.50708989  0.21659616\n -0.33471052 -0.23090507 -0.59816433 -0.02011705  0.47343738  0.15060226\n -0.25499043 -0.12553725 -0.21467173  0.11028663 -0.18648345  0.07816958\n  0.18902431 -0.31938234 -0.00536197  0.16570337  0.02388975 -0.28960598\n -0.47147544  0.1676381   0.2018233  -0.14268704  0.22507925  0.48853357\n  0.33752105 -0.05801691  0.31032858  0.29296442  0.18001794 -0.13530591\n -0.82396349  0.46467646 -0.31760493  0.0720691   0.12504783 -0.43008204\n  0.29949506 -0.12396377  0.09665553  0.36208481 -0.25576621 -0.04750887\n  0.30495936  0.07085436 -0.16043786 -0.57650467  0.08334081 -0.54503952\n  0.0807871   0.02259888 -0.10433044  0.03729452  0.33041083  0.47242241\n -0.57046126 -0.15511818 -0.13205487  0.32745522  0.33685076 -0.4341425\n -0.47196958 -0.41511498  0.06135147  0.0510349   0.22368542  0.43942194\n -0.08270814  0.24889144 -0.06360956  0.52662165  0.3707042   0.12675488\n -0.18639906  0.26867056  0.1377353  -0.10966541  0.44207721 -0.65792787\n  0.01740179  0.27035671  0.62524171 -0.24178225 -0.00660142 -0.44780757\n -0.70464647 -0.45272715  0.25331957  0.37346539 -0.27358262  0.31494272\n  0.41619615 -0.01961203  0.85262562 -0.18041649 -0.35674666 -0.02692639\n -0.06233402  0.21230669  0.04548146 -0.05189783  0.09713369  0.05096605\n  0.05315806 -0.14107303]",
    "olfactory": "[-0.41679593  0.49404512  0.24203491 -0.4471062   0.15825541 -0.03059812\n  0.28956779 -0.29885798 -0.09131716  0.34257218 -0.09921269 -0.13591471\n  0.28822872 -0.30448952  0.28361414  0.02578763  0.26943515  0.18854463\n  0.21527473 -0.12859619 -0.25954522  0.1588198  -0.17520066  0.00942363\n -0.16229003  0.19550815  0.05833975  0.06497733 -0.05473346 -0.19531178]",
    "pheromonal": "[ 0.14636732 -0.26364364 -0.09217771  0.2396294  -0.19053526  0.10753133\n -0.00888096  0.30894217  0.04112254 -0.03632686  0.12764845  0.05485298\n -0.11319826  0.10024843 -0.07450319  0.13242996 -0.26405566 -0.06591124\n  0.12234212 -0.0423665  -0.10164196 -0.06852736 -0.06639902 -0.18238263\n  0.11306491  0.08025276  0.12254251 -0.15188852 -0.00181497 -0.0302085 ]",
    "mechanosensory": "[ 0.11994852 -0.200476    0.06099922  0.05423146  0.01038781  0.0242522\n  0.0436549  -0.01757283  0.03501845  0.03969807 -0.00151961 -0.09985352\n -0.09661774 -0.20292748 -0.06548705  0.06408083 -0.0853581  -0.27788742\n  0.27563032  0.08628948  0.03453633 -0.00204015  0.10170496  0.0471046\n  0.07704469  0.00259687  0.11240468  0.03382614  0.06728769  0.14479652\n  0.00341764  0.1815875  -0.15469989  0.25786999 -0.01565941 -0.24261557\n -0.04316947 -0.09167306  0.24610871  0.00823526  0.03173191 -0.03061278\n -0.03825979  0.09230899  0.21563202  0.0834797   0.08733612  0.04273805\n  0.00525385  0.03030277  0.19262352  0.040663   -0.02921901 -0.05649268\n -0.1417069   0.01818427 -0.28190184  0.12822807  0.06048211  0.03263334]"
  },
  "neural_activity": {
    "mushroom_body": [
      0.4924007237947772,
      0.14693464607642892,
      0.767210702383254,
      0.6248820631260946,
      0.9864482839136465,
      0.33642038262559837,
      0.4422341246408278,
      0.9350583906263176,
      0.8758108280827299,
      0.364067756289724,
      0.02099672115939233,
      0.3653858631904884,
      0.8151629850456615,
      0.6140212660019688,
      0.32891618603502437,
      0.18893806693942827,
      0.7905736907455317,
      0.49916065962944123,
      0.19717420637235406,
      0.9213049964468009,
      0.447226947943287,
      0.7632966728025157,
      0.8032316000008118,
      0.5535376916288629,
      0.07895300729288246,
      0.37207011325454553,
      0.17281634483101527,
      0.9955464920855303,
      0.7331206509221954,
      0.5386381999688542,
      0.39924139702265893,
      0.2069417262349741,
      0.18638278300294076,
      0.5276332937882693,
      0.6015984856107799,
      0.738477463568368,
      0.012070075146157544,
      0.39691921306107414,
      0.9742478701988332,
      0.24929524690375904,
      0.2769088846934247,
      0.5292959918493957,
      0.07966113583142909,
      0.21578219897423678,
      0.7698762304225306,
      0.28290490199427065,
      0.9405319902264295,
      0.6002708120426894,
      0.45739250176265134,
      0.4463890668275149,
      0.9356395009266144,
      0.2565397437437217,
      0.45391089141763574,
      0.6693230026315135,
      0.02617703582476605,
      0.02531896787827681,
      0.5251034861530219,
      0.7031803637078137,
      0.058529304862222964,
      0.01939748304062039,
      0.5974268143442467,
      0.12381889677257696,
      0.6523379317512753,
      0.9321946265931902,
      0.591086092657511,
      0.1240378689225623,
      0.9362653987395712,
      0.5070649457786084,
      0.0919345703443104,
      0.7666644812076299,
      0.08779127460972835,
      0.33673866917057105,
      0.5896370886961854,
      0.2909284330490943,
      0.7323145070044182,
      0.7236888826592979,
      0.5710198786593059,
      0.7176901664961559,
      0.24203636076752333,
      0.41260492944946736,
      0.8738631246179162,
      0.4024116122514887,
      0.24035654060282785,
      0.3736574116109701,
      0.03336379466983419,
      0.6106387280493265,
      0.9364508555576203,
      0.22944403673237168,
      0.4365801853721185,
      0.8738519447485829,
      0.5050267126920194,
      0.453349231079773,
      0.993777465048396,
      0.3051647484911183,
      0.5080186252800102,
      0.5197698326970429,
      0.18403870897738006,
      0.28479427375720423,
      0.10024162543381976,
      0.18808052763581162
    ],