{
  "step": 85,
  "insect_id": "Ant",
  "timestamp": 1753377493.4272873,
  "sensory_input": {
    "visual": [
      -1.071943668552865,
      0.4226716359969233,
      -0.7685998268017735,
      -0.26167805489205986,
      -0.45215073499825953,
      -0.4626620899058496,
      0.7216810488176347,
      -0.010317798949276608,
      0.12719801374559797,
      -0.8991116231988846
    ],
    "olfactory": [
      0.7106536035124961,
      -0.13016403486882308,
      0.07325780823586892,
      1.149476227897669,
      -0.245430317295989
    ],
    "pheromonal": [
      0.22320518569341913,
      0.9211431106130967,
      0.6186767104856928
    ],
    "mechanosensory": [
      -0.764223059631676,
      0.054624562950450595,
      -0.2422469772398552,
      -0.8856255231916623
    ]
  },
  "processed_output": {
    "visual": "[ 0.00665427  0.08799746 -0.31416705  0.2241004   0.13250117  0.14844337\n  0.29491863  0.14652889 -0.0199454   0.19870745  0.04873892  0.25858388\n -0.00764956 -0.12087222 -0.12688672 -0.22091595 -0.04737972 -0.03433564\n  0.20791256  0.39689894  0.21381786 -0.09404805  0.22591705 -0.04737823\n -0.22718675 -0.12029128 -0.17101776 -0.27336485 -0.19946689  0.25234527\n  0.22503768 -0.05861946  0.12118182 -0.001712    0.00964628  0.04072504\n -0.18783286  0.081147    0.16242381  0.24604265  0.10353374  0.02287987\n  0.41733788  0.01056468 -0.04657367  0.32538989 -0.1476352  -0.09506775\n  0.25808369  0.12683093 -0.19999666 -0.32022551 -0.01248643 -0.09195159\n -0.22813799 -0.09354263  0.05827442  0.15353022 -0.01428041 -0.17280827\n -0.33072464  0.07710799 -0.04587203  0.1527843   0.28697517  0.15166921\n -0.32184067 -0.32703053  0.15809562  0.07254757  0.03959508 -0.13163044\n  0.08825985  0.36393804  0.05101001 -0.10508106  0.13026058  0.0226441\n  0.09049346  0.29513041 -0.36217035  0.18203117 -0.0804918   0.0428136\n  0.22346303  0.10109198  0.48223871 -0.32126308 -0.10949663  0.31505396\n -0.091534   -0.03918857  0.26631281  0.26315103 -0.00253263  0.15395167\n  0.44238352 -0.15396914  0.25025345 -0.1590003  -0.11637623 -0.14943169\n  0.08240434 -0.1342095  -0.04724793  0.43183241 -0.03769249  0.04196016\n -0.2059391   0.31624518 -0.1213612  -0.06538383  0.00328545 -0.55183322\n  0.09479912  0.06524406  0.18199472 -0.01766414  0.07636013 -0.34651102\n -0.33371923  0.23917996 -0.16673827  0.07695139 -0.03474086 -0.39817614\n  0.24879772 -0.08128383 -0.08479031 -0.22451879 -0.19777161 -0.05814488\n -0.09144765  0.36407266 -0.31839862  0.02479647  0.28418648  0.14336616\n -0.05474923  0.18129821 -0.42490288 -0.09526116  0.06058836  0.23092087\n -0.02389568 -0.06453867  0.05101287  0.15425794  0.16129703 -0.15734691\n -0.32995252  0.10469865 -0.00387476 -0.27157698  0.02644996 -0.20508834\n -0.128565    0.0599695   0.0371598  -0.27521596  0.2038115  -0.07163009\n -0.16295161 -0.12664275  0.11201785 -0.08397423 -0.13707691  0.05937026\n  0.08055605 -0.09037617  0.21471483  0.33925096 -0.22433952  0.13820591\n -0.23512902 -0.03657108  0.13693783  0.20263525  0.04756158 -0.04360065\n  0.12246271 -0.05082744  0.15058218 -0.01833427 -0.32677724  0.01374058\n  0.02013813 -0.08941895 -0.16949276 -0.08519383  0.12985653 -0.16209106\n  0.14277667 -0.30039389 -0.23687129 -0.13787405 -0.1233751  -0.02991742\n -0.14472901 -0.13459421]",
    "olfactory": "[-0.1614141   0.0279271   0.0971451  -0.00952839 -0.05133741 -0.01119842\n  0.12926988  0.02318254 -0.12003308  0.05810374 -0.01688225  0.1862466\n  0.11774217  0.01893691  0.08035332  0.21776159 -0.1508058   0.11509152\n  0.15549004 -0.10327097 -0.39437551  0.16789296 -0.09518952  0.03484593\n  0.04449373  0.31115163  0.09252128 -0.10177884 -0.12102641 -0.06166675]",
    "pheromonal": "[-0.15874115  0.15674143  0.09675871 -0.15581091  0.1841021  -0.14184843\n -0.01827746 -0.25631366 -0.08241601 -0.07852553 -0.12440886  0.14126584\n  0.09072617  0.01499235  0.03881708 -0.06106405  0.13699926  0.07627898\n -0.14788823  0.04763209 -0.05220275  0.14691595  0.12091127  0.23830313\n -0.06736097  0.0503518  -0.13258457  0.06616464 -0.05989102  0.08713802]",
    "mechanosensory": "[ 2.85833344e-02  6.30899477e-02 -2.06909155e-02  1.20673321e-01\n -4.70865418e-02 -1.27116728e-01  4.11285174e-03  1.14762135e-01\n  5.37026740e-02  8.55568329e-02 -2.25475813e-01 -6.54729386e-02\n  4.79194918e-02 -7.97779904e-05  2.17411062e-02  1.98774313e-01\n  1.43791458e-02  1.31377084e-01 -2.59683829e-01 -1.43588471e-02\n -1.41465268e-01 -8.36443006e-03 -1.55486457e-01 -9.43396115e-02\n -6.42209248e-03 -3.70538499e-02 -1.02671560e-01  2.00102633e-01\n  7.46611756e-02  2.28165194e-01 -1.13411238e-01 -1.73590427e-01\n  4.54915560e-02 -9.26374686e-02  9.21976235e-02  1.11262934e-03\n  3.62123764e-03  3.37569862e-02 -1.60311429e-01 -1.53099555e-01\n -4.14241305e-02 -2.48497583e-01  6.61874767e-03 -2.13100215e-02\n -1.15001134e-02 -1.75944908e-01  1.38731561e-01 -1.85943457e-02\n -8.59308761e-02 -9.05982717e-02 -7.33082043e-02 -1.20838646e-01\n -5.95317009e-02  8.14722675e-02 -2.94686616e-02  3.61716172e-02\n  1.86515322e-01 -2.30765146e-02 -2.00741393e-02  5.50268493e-02]"
  },
  "neural_activity": {
    "mushroom_body": [
      0.4924007237947772,
      0.14693464607642892,
      0.767210702383254,
      0.6248820631260946,
      0.9864482839136465,
      0.33642038262559837,
      0.4422341246408278,
      0.9350583906263176,
      0.8758108280827299,
      0.364067756289724,
      0.02099672115939233,
      0.3653858631904884,
      0.8151629850456615,
      0.6140212660019688,
      0.32891618603502437,
      0.18893806693942827,
      0.7905736907455317,
      0.49916065962944123,
      0.19717420637235406,
      0.9213049964468009,
      0.447226947943287,
      0.7632966728025157,
      0.8032316000008118,
      0.5535376916288629,
      0.07895300729288246,
      0.37207011325454553,
      0.17281634483101527,
      0.9955464920855303,
      0.7331206509221954,
      0.5386381999688542,
      0.39924139702265893,
      0.2069417262349741,
      0.18638278300294076,
      0.5276332937882693,
      0.6015984856107799,
      0.738477463568368,
      0.012070075146157544,
      0.39691921306107414,
      0.9742478701988332,
      0.24929524690375904,
      0.2769088846934247,
      0.5292959918493957,
      0.07966113583142909,
      0.21578219897423678,
      0.7698762304225306,
      0.28290490199427065,
      0.9405319902264295,
      0.6002708120426894,
      0.45739250176265134,
      0.4463890668275149,
      0.9356395009266144,
      0.2565397437437217,
      0.45391089141763574,
      0.6693230026315135,
      0.02617703582476605,
      0.02531896787827681,
      0.5251034861530219,
      0.7031803637078137,
      0.058529304862222964,
      0.01939748304062039,
      0.5974268143442467,
      0.12381889677257696,
      0.6523379317512753,
      0.9321946265931902,
      0.591086092657511,
      0.1240378689225623,
      0.9362653987395712,
      0.5070649457786084,
      0.0919345703443104,
      0.7666644812076299,
      0.08779127460972835,
      0.33673866917057105,
      0.5896370886961854,
      0.2909284330490943,
      0.7323145070044182,
      0.7236888826592979,
      0.5710198786593059,
      0.7176901664961559,
      0.24203636076752333,
      0.41260492944946736,
      0.8738631246179162,
      0.4024116122514887,
      0.24035654060282785,
      0.3736574116109701,
      0.03336379466983419,
      0.6106387280493265,
      0.9364508555576203,
      0.22944403673237168,
      0.4365801853721185,
      0.8738519447485829,
      0.5050267126920194,
      0.453349231079773,
      0.993777465048396,
      0.3051647484911183,
      0.5080186252800102,
      0.5197698326970429,
      0.18403870897738006,
      0.28479427375720423,
      0.10024162543381976,
      0.18808052763581162
    ],