{
  "step": 82,
  "insect_id": "Honeybee",
  "timestamp": 1753377493.3885083,
  "sensory_input": {
    "visual": [
      0.7759668871089281,
      0.9181710243690022,
      -0.37547195588742843,
      0.34695560021669647,
      0.2341067255369445,
      1.0758188022013133,
      1.2471706771651823,
      1.1752115326681454,
      1.2832844238236885,
      2.16268740885835
    ],
    "olfactory": [
      1.0437230979408345,
      -0.24792619793472848,
      -0.9359704127848575,
      0.39432226431453066,
      -1.0506615688318366
    ],
    "pheromonal": [
      0.8102233872810393,
      0.13441484073028168,
      -0.4003146817143913
    ],
    "mechanosensory": [
      0.8383202434365069,
      1.787040538520597,
      0.9310707973475644,
      0.17585319731234142
    ]
  },
  "processed_output": {
    "visual": "[ 0.03175636  0.08916819  0.32388789 -0.40670837  0.11438053  0.36541094\n  0.10778084 -0.25135174 -0.30555636 -0.27127503  0.38143248  0.42877783\n -0.22903391 -0.07059764 -0.27767647  0.38868627 -0.06852774 -0.16183646\n -0.1096433  -0.22130739  0.24742905  0.2834224  -0.09450376 -0.41734742\n -0.34402022 -0.1046188  -0.27099166  0.04165569  0.28890297  0.01484918\n  0.15505378  0.00356152 -0.24260185 -0.17789531  0.21703166  0.27725701\n  0.14438659 -0.30203968  0.10174871  0.51567372  0.35173249  0.20338943\n -0.53852841 -0.42676776 -0.55831946  0.14462408 -0.38991036  0.35668471\n -0.39922396  0.35661753  0.17243266 -0.10552814  0.15740751 -0.40516939\n  0.15728165  0.38293204  0.16388072  0.42939198 -0.07352091 -0.53512214\n  0.18353016 -0.36449921  0.47329335 -0.41610317  0.18431902 -0.55862361\n -0.07877917 -0.00666654  0.24177767  0.21981605 -0.17734966  0.18239186\n -0.62207317  0.21086266 -0.21133678 -0.32586771  0.35079247 -0.09218292\n  0.34121311 -0.59044947  0.25512665  0.24017375 -0.07039509  0.23010351\n -0.02910487 -0.63507369  0.08051939 -0.09468914 -0.22595179 -0.34267933\n -0.32036002 -0.17986209 -0.42153918 -0.37535272  0.19037441 -0.0206054\n  0.16005927  0.32115925  0.42126717 -0.18765609  0.26287973  0.36731125\n -0.4927719   0.54085217  0.44712829  0.0921628  -0.47991628 -0.21150457\n -0.26318562 -0.18997725 -0.70533707  0.25275076  0.56204338 -0.02223197\n -0.37848128 -0.35703701 -0.08944456  0.27936089  0.32295936 -0.59133381\n -0.44560636  0.146772    0.04202893  0.68173119  0.18396659  0.60935705\n  0.32689874 -0.29058989 -0.17877102  0.10789373  0.00716659 -0.29036433\n -0.26053972 -0.15864905 -0.11531141 -0.06053068  0.22548425  0.23535767\n -0.06465537  0.605361    0.31179544  0.18419044 -0.40540449  0.61253863\n -0.44881188  0.41544053 -0.1919378  -0.45881168 -0.23782313 -0.44543691\n -0.24163406  0.26586475  0.07379029 -0.18752629  0.16345569  0.49760975\n -0.33742492 -0.17453332  0.17590492  0.06357254  0.16987888  0.29758851\n  0.23745245  0.01449908  0.39168275  0.48203697  0.53704068 -0.32955252\n -0.12434133  0.26764226 -0.60198226 -0.00719643  0.57238049  0.46155999\n  0.07165557 -0.08047102  0.03509197 -0.1273392  -0.25913348 -0.11771615\n -0.04556352  0.2353827   0.33661299 -0.45105027 -0.46472457  0.38554227\n  0.4348526  -0.14734565 -0.04628641 -0.08173761  0.63320079 -0.18496452\n  0.29145832  0.29006262  0.29497305 -0.04645816 -0.21408146  0.16512849\n -0.48138532 -0.12487822]",
    "olfactory": "[ 0.32789982 -0.16188953 -0.11569141 -0.03145153  0.06919369 -0.30029948\n -0.17989731 -0.15761356 -0.21040721  0.15526339  0.19066685 -0.09062257\n -0.21191767 -0.09934534  0.18193915  0.23420199  0.22703881  0.01720372\n -0.17987712 -0.2522841   0.06924644  0.08635039  0.03454984 -0.05059008\n  0.14306437  0.03608193 -0.04892068  0.13481558  0.28929462 -0.15406045]",
    "pheromonal": "[ 0.05310111 -0.1375748  -0.03066975 -0.13635481  0.06944678 -0.18456279\n -0.03996726  0.01403782 -0.08628078  0.06171728  0.0527826  -0.0717657\n -0.08219153  0.01738917  0.08532169  0.1390764   0.01756379  0.03138218\n -0.08295435 -0.13837388  0.03298076  0.05620568 -0.05674464 -0.08779741\n  0.09898968  0.0362945   0.01537416 -0.01394507  0.1584517  -0.02772286]",
    "mechanosensory": "[-8.87748428e-02  2.58747349e-01 -1.38136092e-01 -1.41203193e-01\n  7.10667701e-02  4.86361172e-02 -2.45585106e-01 -8.54863192e-02\n -1.08607720e-01  2.38836640e-02 -2.08869382e-01 -3.13374591e-02\n -8.83845241e-02  2.21283857e-01  6.07857786e-04  3.47179204e-01\n  4.11420260e-02 -7.62051827e-02 -1.83932646e-01  7.39666713e-02\n -3.00972380e-03  3.77355918e-01  1.82080173e-01  1.09263538e-01\n -2.31027814e-01 -1.16925101e-01 -4.42788974e-02 -6.02329882e-02\n  2.85043348e-01 -2.73943919e-01 -2.53555085e-01  6.52046685e-01\n -9.26191479e-02  1.80895985e-01  3.42476259e-01  2.30236128e-01\n -1.35606171e-01 -4.68400077e-02 -7.96254550e-02  1.45773992e-01\n -7.06479906e-02  2.72729595e-01 -2.14726294e-01 -1.62743018e-01\n  5.64409011e-02 -1.71500126e-02  6.35769932e-03  2.07969679e-02\n  1.91922256e-01  7.97081994e-02  1.81730758e-01 -4.35704039e-02\n -3.96055800e-01 -2.92503440e-01  1.99004374e-01  1.26626348e-01\n  6.93557459e-02  2.93838535e-01  2.25903601e-01  2.22878763e-01]"
  },
  "neural_activity": {
    "mushroom_body": [
      0.12635954055289922,
      0.6510662603041527,
      0.6627929837081565,
      0.9059514415899972,
      0.694024905970108,
      0.13032535785611132,
      0.6785700910874193,
      0.25181423548906845,
      0.9354434499568303,
      0.9820695225306735,
      0.35894562736900226,
      0.09852715118231181,
      0.294853150261539,
      0.7462912346894797,
      0.7870932401371551,
      0.07062982415768515,
      0.48313936540704683,
      0.6622209359526908,
      0.115399259873879,
      0.6872873456110286,
      0.6981114122053442,
      0.504124699964496,
      0.8683273200191458,
      0.7166708401294236,
      0.6182749276751418,
      0.6232014757378306,
      0.39529436063508416,
      0.38233751371397573,
      0.7167883560053652,
      0.44552297638641014,
      0.9047130954552666,
      0.021405918043153394,
      0.7727889117003455,
      0.6159269939967781,
      0.06738501744015668,
      0.32597272676736,
      0.3087168672643883,
      0.9038271378155378,
      0.23784856178197233,
      0.18904989841550568,
      0.2210457214133057,
      0.848521080227047,
      0.3413897391223164,
      0.9617188178997028,
      0.787246394196182,
      0.10829421222201396,
      0.6481604816985572,
      0.7469217894494218,
      0.03391105392878513,
      0.15653537504224724,
      0.9992419020899515,
      0.6853055751030905,
      0.25484180859629757,
      0.9989993979407218,
      0.6524217395054385,
      0.6347337365749102,
      0.744143846619154,
      0.5150140806392638,
      0.7356517947329767,
      0.6376489951475847,
      0.45323207581238756,
      0.37210842438874125,
      0.7037428860280608,
      0.23895712561486693,
      0.5940955300660384,
      0.9945112193658604,
      0.707620198578572,
      0.9534313058612712,
      0.7114461577312933,
      0.4395467057289705,
      0.49249444180522495,
      0.06731022572559242,
      0.27550073951848686,
      0.8881137570119427,
      0.8104454683630198,
      0.58025781616706,
      0.5300344472969072,
      0.07180701688387292,
      0.3757757212457067,
      0.300809054944117,
      0.8118121304991793,
      0.8542922211831256,
      0.9187886496881005,
      0.9817062663157549,
      0.5612733835334486,
      0.2686584688003274,
      0.5043663782398784,
      0.18781304522437448,
      0.71123547918031,
      0.2222548857108344,
      0.5264317813777212,
      0.9750138797195244,
      0.07515074344946227,
      0.2914045013201676,
      0.7958427234065533,
      0.45715523003574077,
      0.5492189810560055,
      0.28384337953527417,
      0.4591770410905638,
      0.27511237675800737
    ],