{
  "step": 32,
  "insect_id": "Fruit_Fly",
  "timestamp": 1753377453.5416915,
  "sensory_input": {
    "visual": [
      1.151852982309384,
      2.0378058576375113,
      1.7058775810432643,
      0.26508026440278293,
      -0.11303312697511345,
      -0.6329830614968055,
      -0.0803916267727708,
      -0.4292501834578423,
      -1.088318373724986,
      0.12480202083780542
    ],
    "olfactory": [
      1.03248911533786,
      -0.40312534449507126,
      1.0414399640675216,
      0.45640850476305905,
      -0.2677760309446364
    ],
    "pheromonal": [
      -1.961097847920483,
      -0.9012766287605923,
      0.23526637991172408
    ],
    "mechanosensory": [
      -1.1301206752097446,
      -0.5785851526705783,
      0.24096470191036198,
      0.27007707495929006
    ]
  },
  "processed_output": {
    "visual": "[-0.04150726  0.02283717  0.33263269  0.17715175  0.11382023 -0.22713704\n -0.09072907  0.14369285  0.48115439 -0.10214763 -0.38446547  0.70138191\n -0.18519403 -0.16065132 -0.12582067 -0.33887771 -0.60296168  0.16522707\n -0.42083165 -0.18813456 -0.02351712  0.27565166  0.25866437  0.43347566\n -0.19244757 -0.27774886 -0.03800153  0.3138618   0.29612434 -0.2508151\n -0.0699305   0.30992339 -0.45777101  0.56844864  0.32689885 -0.62354809\n  0.08084261 -0.14290857  0.06576339 -0.71221529  0.40219322 -0.27352742\n  0.05391948  0.13197144 -0.41106645  0.36121521 -0.06778529 -0.22672784\n  0.0031367   0.45565342  0.23041    -0.23308772 -0.07006812  0.51826691\n  0.15826209 -0.48629659 -0.05266055 -0.29345283 -0.07151672 -0.43759156\n -0.24148801  0.05063027 -0.34385114  0.0414703   0.08483326 -0.08164329\n  0.40465509 -0.3954999  -0.49945469  0.28975542 -0.7566634   0.38183568\n  0.12209993  0.20945534 -0.46075246 -0.78744868  0.36327599  0.19290532\n  0.33644289 -0.02619371 -0.24102759 -0.1046714   0.11004349  0.50128161\n  0.29787015 -0.34681434  0.03269007 -0.17521531 -0.08161576 -0.05285769\n -0.32575009 -0.37250489 -0.00759328  0.38601539 -0.26522024  0.24116254\n  0.44163685 -0.18990349 -0.30104501 -0.35239209  0.49123576 -0.1327704\n  0.46917431  0.35012809  0.3190293  -0.20398079  0.47603464  0.51350397\n  0.26586912 -0.43463974  0.18809524  0.01976123  0.71326189 -0.10507897\n  0.10424803 -0.27587394 -0.13118861  0.51274382 -0.25097507  0.14567805\n  0.19130305 -0.44043355 -0.16597911 -0.14106609  0.22586701  0.36608507\n -0.03267615 -0.01367101 -0.50603711 -0.15672559  0.32015469  0.5598018\n  0.41422484 -0.15362024  0.34323481  0.56054887  0.36483578 -0.00830725\n  0.1830965   0.5430499  -0.20980921  0.00581731 -0.0191911   0.53869906\n  0.13792278 -0.08174374 -0.39820213  0.286176    0.47688108 -0.06918771\n  0.39637816  0.12296479 -0.07453412  0.05480249 -0.55376547 -0.20677596\n  0.51495903 -0.05919862 -0.29619863  0.3289382  -0.54113199 -0.10387608\n -0.2091101  -0.06705444 -0.42449526 -0.38030238  0.01871119 -0.32238665\n -0.30975768 -0.29712508  0.2471897  -0.20337607  0.30792222 -0.30067084\n  0.31257054  0.42474122 -0.24784547 -0.16034339  0.21706861 -0.18655149\n  0.00415883 -0.00473153  0.40536133 -0.31555132 -0.18323207 -0.24603129\n  0.34412948  0.31329989 -0.32549803  0.36672891 -0.31947651  0.07048476\n -0.13467921  0.03401164  0.27611472 -0.47527223 -0.08547111 -0.26951357\n  0.38469903  0.43562516]",
    "olfactory": "[-0.12027628 -0.27778612 -0.11922234 -0.00582471 -0.2625172   0.17361281\n  0.03569233  0.24445323  0.18110152  0.25197883 -0.07550269 -0.26967386\n  0.23190252 -0.06656565 -0.06531111  0.22460656  0.24212493  0.00983822\n  0.0434389   0.08467761 -0.0779933   0.03572878 -0.00876649  0.10858094\n  0.05979592 -0.02283922  0.01427074  0.05581084  0.21300565  0.32304558]",
    "pheromonal": "[ 0.10447004 -0.18068314 -0.03185968 -0.06256562 -0.242433   -0.02769297\n -0.36523169 -0.25109382 -0.17740825 -0.39444739  0.02195486  0.18649363\n -0.11343505  0.16914401 -0.27647455  0.24602591 -0.11110303  0.3565168\n -0.0627964   0.15179968  0.05552071  0.31886618 -0.25213956  0.11584949\n  0.23312255  0.15319176  0.13014051 -0.09473565 -0.33430538 -0.224482  ]",
    "mechanosensory": "[ 0.14340491 -0.29245433 -0.07448399 -0.09533668 -0.14314423  0.05876882\n  0.04705234 -0.00801446 -0.26339417 -0.00633521 -0.03126497 -0.20176462\n -0.02590311  0.14307405  0.20319576  0.14920424  0.17288602  0.10486969\n  0.03220219 -0.09166968 -0.05542236 -0.0070101  -0.01166328  0.13737422\n  0.00998965  0.0481835   0.21621193 -0.21155415  0.13489268 -0.01656489\n -0.07231499 -0.06094993  0.07372163  0.13642919  0.06761714  0.02395667\n  0.08849918  0.00110161  0.07533809  0.20256955 -0.12656319 -0.1615184\n  0.12186685 -0.2613408   0.02183351 -0.00437143  0.12237617 -0.05943294\n -0.00090261 -0.41240018 -0.10948692 -0.13177794 -0.13415202 -0.02681407\n -0.0760111   0.06629395  0.00718851  0.05167396  0.17435598 -0.13750593]"
  },
  "neural_activity": {
    "mushroom_body": [
      0.9573342550431373,
      0.5685218001748344,
      0.1532728767834156,
      0.440756085521535,
      0.4259028932173351,
      0.8065279792960456,
      0.735175839227128,
      0.5075710583125029,
      0.3182408848813949,
      0.1857101658658754,
      0.147293821091668,
      0.5144536606534947,
      0.45121488345427196,
      0.4906687440412314,
      0.9154397942576439,
      0.03221105435352989,
      0.5357325732152792,
      0.1382546922159048,
      0.36067250393003913,
      0.5332526610283069,
      0.8730295292421824,
      0.04063562036991242,
      0.7485949842136878,
      0.3405914174807766,
      0.18318381682710538,
      0.5600384713303344,
      0.1937550886838283,
      0.5397260475592325,
      0.5783223468361413,
      0.9653669883642755,
      0.4658507608321515,
      0.041218211917091296,
      0.9430155978024163,
      0.2674308460540551,
      0.7293295369440447,
      0.57561750059022,
      0.8256796537657,
      0.8151716530122752,
      0.5281132367497178,
      0.8266383224215215,
      0.7639307513444167,
      0.2648371836316852,
      0.5252438849384159,
      0.5541905466888357,
      0.37818191129782974,
      0.7450469935471635,
      0.2806576625628212,
      0.970184082071879,
      0.823677363336939,
      0.978073118620327,
      0.49119614886596097,
      0.6255023153178355,
      0.3681622586961123,
      0.27170809027288534,
      0.7049624491081308,
      0.9090151895400193,
      0.41775828586490404,
      0.6095412889618553,
      0.585938072687339,
      0.8930936343998793,
      0.9166908334120343,
      0.8584724743974405,
      0.4721485132611529,
      0.4807210850130702,
      0.966113607256765,
      0.14152773929286366,
      0.6864110737296917,
      0.8136470071682644,
      0.6496913523967113,
      0.8044161094802286,
      0.6584368982773874,
      0.7552418973233255,
      0.616923263713886,
      0.3417038976597814,
      0.3231289351313176,
      0.1544216935411289,
      0.7029083784993677,
      0.5724367368870931,
      0.2916010291694956,
      0.02198318626477036,
      0.1818806884802623,
      0.9196557994989446,
      0.6893228355088742,
      0.8528493442801934,
      0.33072324176447354,
      0.4919088973308279,
      0.9279620406010517,
      0.28301492112311355,
      0.076863264671996,
      0.21435225530737068,
      0.47425321392117226,
      0.3668784589614873,
      0.8654826015894379,
      0.22710319324722184,
      0.7957563775459994,
      0.5848636850024898,
      0.9513743724371871,
      0.09511916040574064,
      0.46089376742698995,
      0.027475684173515202
    ],