{
  "step": 26,
  "insect_id": "Ant",
  "timestamp": 1753377453.4592123,
  "sensory_input": {
    "visual": [
      -1.1448529378393892,
      -2.585926242014829,
      0.004600675014672134,
      -1.2690684005600026,
      0.48617662243998416,
      0.2724114347623888,
      0.19108283109037652,
      -1.2336222704226432,
      0.42747656733289996,
      -0.46714581831653545
    ],
    "olfactory": [
      1.169080792798178,
      -0.1911149434774177,
      -0.8675754676517986,
      1.3461403102014964,
      1.1433327435728338
    ],
    "pheromonal": [
      1.97313915106214,
      0.8788104142409895,
      0.5696746378588263
    ],
    "mechanosensory": [
      -1.0212976166771468,
      0.051161999254718614,
      -0.3195440771604745,
      0.4308795065632457
    ]
  },
  "processed_output": {
    "visual": "[-0.2420084  -0.17853303  0.13841393 -0.16552368  0.26191613  0.0437966\n -0.13211081  0.30394371  0.05607073 -0.31563605 -0.0663895  -0.31877256\n  0.03692245  0.4109828  -0.29484812 -0.23005315  0.07612974 -0.48536033\n -0.34070973  0.04739723  0.69374795  0.04266965  0.24762546 -0.3720268\n  0.1302957   0.26450315 -0.33377466  0.11090954 -0.27285855 -0.22048329\n  0.15955189 -0.34454584  0.07262766 -0.11146843 -0.32533234 -0.45325504\n  0.09929602  0.14609519 -0.38415774 -0.24235584  0.36012513 -0.29330807\n  0.54068554 -0.25298005 -0.43702792  0.21442877 -0.21092609  0.1418244\n  0.17572461  0.0128824  -0.22043665  0.28643377 -0.55519955  0.31295518\n  0.05840135 -0.31275838  0.32050252  0.06674501 -0.15637093 -0.2961002\n  0.37264481 -0.24043857  0.35063273 -0.26831395  0.24969173  0.31194138\n -0.03841807  0.42301454 -0.31069672 -0.45222066 -0.27753201  0.4021237\n  0.1974338  -0.39812749  0.4706816   0.10572487  0.50156082 -0.21349335\n  0.24935624  0.39501691  0.06252241 -0.30150847  0.50197361 -0.15041203\n -0.42297969  0.30398264 -0.05966101  0.20905794 -0.11198407  0.55477784\n  0.67729263  0.11882425 -0.18269572 -0.38488655  0.30757402  0.38217284\n  0.16727018 -0.53131453 -0.26562627 -0.03786239 -0.16924862  0.15125088\n -0.12141706 -0.48257846 -0.25334287 -0.48464253  0.38616039 -0.24764738\n -0.53310098 -0.68394227 -0.19217835  0.39023015 -0.02892154 -0.46032594\n -0.12588491  0.19508879 -0.04977131 -0.30844581  0.53637314 -0.23299673\n  0.13849068 -0.05444935 -0.32554704  0.67799969  0.01275779 -0.23175192\n -0.48735618  0.01705298 -0.39620606 -0.03134028 -0.23081359 -0.48156634\n  0.08480976 -0.65770349 -0.5911555  -0.34875417  0.35972374  0.2449197\n -0.48351433 -0.15129738  0.15912832 -0.16871259  0.48174047 -0.33259419\n -0.42591354  0.41564652  0.05140362  0.21747686  0.52872594 -0.15016814\n  0.04655051 -0.19818174 -0.52901962 -0.72287301  0.01373846  0.3669899\n -0.03501253 -0.16815626  0.21859494  0.11206363  0.6924493   0.23232004\n  0.3038033  -0.10640305 -0.09219261 -0.51522463 -0.01589669 -0.1165028\n  0.09409822 -0.55005758  0.08027084  0.29022673  0.15862575 -0.06101123\n  0.04218663  0.05510413  0.47064323  0.22299358  0.21558754 -0.19604201\n  0.45102827 -0.57538316 -0.02252295  0.14679893 -0.26582608  0.15202659\n -0.26227258 -0.34726752 -0.34581502  0.07576601 -0.32074904 -0.18916461\n  0.21775854 -0.00156969  0.59936422  0.05252244  0.16097256  0.58119465\n -0.31103399 -0.19764017]",
    "olfactory": "[-0.09936058  0.09441618 -0.07078302 -0.34667268  0.1093025  -0.21952339\n  0.07488153  0.23873818  0.18053619  0.02693477  0.08241979  0.28327697\n -0.03841761  0.26640466  0.12695717 -0.06153083 -0.2778078   0.03782184\n  0.06240714  0.14705122 -0.43588773  0.14673369  0.1727884  -0.18051058\n -0.00943625  0.40866664 -0.01247138 -0.29009583 -0.2356905  -0.00308941]",
    "pheromonal": "[-0.32386353 -0.0930274   0.16926915  0.00935048  0.25653218 -0.18063185\n -0.05389862 -0.08577673 -0.14892833 -0.38124582 -0.06045473  0.57432988\n -0.01811342  0.23040748 -0.0337317   0.03710596 -0.13515776  0.05343365\n -0.19286455  0.0476757  -0.3798478   0.32216037  0.28280453  0.29195064\n -0.01810686  0.35310474 -0.16739264 -0.24768601 -0.16393665  0.22542972]",
    "mechanosensory": "[ 1.09582347e-01 -2.44901777e-01  2.09312183e-02  1.44139234e-01\n  9.33258711e-04 -3.33978497e-02 -6.68306950e-05  5.16937264e-02\n  7.04321704e-02  2.23135205e-01 -2.57229610e-01  4.25397174e-03\n -6.07544014e-02 -1.72967007e-01 -8.62286997e-02  7.33109496e-02\n -7.47342214e-02 -2.06580294e-01  5.03419565e-02  6.62420042e-02\n -1.38565458e-01 -1.30826109e-02 -1.08503594e-01 -3.68775877e-02\n  4.76424174e-02  1.71019786e-02 -5.40792193e-02  1.13561080e-01\n  9.89191855e-02  2.18012745e-01 -4.32302100e-02 -4.24548171e-03\n -1.02977509e-02  1.06296949e-01  1.93080705e-01 -2.05905512e-01\n -5.94150935e-02  3.83165228e-02  1.36657582e-01 -6.25614356e-02\n  6.32617946e-02 -2.86816811e-01  2.51468777e-03  1.45401662e-01\n  1.89656514e-01 -1.13752848e-01  1.79036418e-01 -1.92005325e-02\n -1.06364169e-01 -1.04955050e-01  1.78587221e-02 -2.26312357e-02\n -9.57775269e-02  1.88763408e-02 -1.32276340e-01  8.50389539e-02\n -2.60890893e-02  1.47513549e-01 -5.53011400e-02  9.79814145e-02]"
  },
  "neural_activity": {
    "mushroom_body": [
      0.4924007237947772,
      0.14693464607642892,
      0.767210702383254,
      0.6248820631260946,
      0.9864482839136465,
      0.33642038262559837,
      0.4422341246408278,
      0.9350583906263176,
      0.8758108280827299,
      0.364067756289724,
      0.02099672115939233,
      0.3653858631904884,
      0.8151629850456615,
      0.6140212660019688,
      0.32891618603502437,
      0.18893806693942827,
      0.7905736907455317,
      0.49916065962944123,
      0.19717420637235406,
      0.9213049964468009,
      0.447226947943287,
      0.7632966728025157,
      0.8032316000008118,
      0.5535376916288629,
      0.07895300729288246,
      0.37207011325454553,
      0.17281634483101527,
      0.9955464920855303,
      0.7331206509221954,
      0.5386381999688542,
      0.39924139702265893,
      0.2069417262349741,
      0.18638278300294076,
      0.5276332937882693,
      0.6015984856107799,
      0.738477463568368,
      0.012070075146157544,
      0.39691921306107414,
      0.9742478701988332,
      0.24929524690375904,
      0.2769088846934247,
      0.5292959918493957,
      0.07966113583142909,
      0.21578219897423678,
      0.7698762304225306,
      0.28290490199427065,
      0.9405319902264295,
      0.6002708120426894,
      0.45739250176265134,
      0.4463890668275149,
      0.9356395009266144,
      0.2565397437437217,
      0.45391089141763574,
      0.6693230026315135,
      0.02617703582476605,
      0.02531896787827681,
      0.5251034861530219,
      0.7031803637078137,
      0.058529304862222964,
      0.01939748304062039,
      0.5974268143442467,
      0.12381889677257696,
      0.6523379317512753,
      0.9321946265931902,
      0.591086092657511,
      0.1240378689225623,
      0.9362653987395712,
      0.5070649457786084,
      0.0919345703443104,
      0.7666644812076299,
      0.08779127460972835,
      0.33673866917057105,
      0.5896370886961854,
      0.2909284330490943,
      0.7323145070044182,
      0.7236888826592979,
      0.5710198786593059,
      0.7176901664961559,
      0.24203636076752333,
      0.41260492944946736,
      0.8738631246179162,
      0.4024116122514887,
      0.24035654060282785,
      0.3736574116109701,
      0.03336379466983419,
      0.6106387280493265,
      0.9364508555576203,
      0.22944403673237168,
      0.4365801853721185,
      0.8738519447485829,
      0.5050267126920194,
      0.453349231079773,
      0.993777465048396,
      0.3051647484911183,
      0.5080186252800102,
      0.5197698326970429,
      0.18403870897738006,
      0.28479427375720423,
      0.10024162543381976,
      0.18808052763581162
    ],