{
  "step": 75,
  "insect_id": "Fruit_Fly",
  "timestamp": 1753377486.752864,
  "sensory_input": {
    "visual": [
      -1.6258574915860171,
      1.0174374691397057,
      -1.063723365027709,
      0.3093969032300129,
      -1.1745947943950141,
      -1.7895658482658983,
      -1.7515743295672028,
      -1.5893237448283193,
      -0.8459198245892762,
      0.9123814206555171
    ],
    "olfactory": [
      0.3639424552670831,
      0.9097012248856777,
      0.18911096336024852,
      1.7227828436841168,
      1.0577123107882687
    ],
    "pheromonal": [
      0.32284589113394146,
      -0.2286966836513732,
      -0.990544895628032
    ],
    "mechanosensory": [
      -0.35995380878631966,
      0.5366033482018975,
      -0.9799567025026156,
      -2.021622702539124
    ]
  },
  "processed_output": {
    "visual": "[-0.23228033  0.03685124  0.44775779  0.47967253 -0.33375698 -0.15898291\n -0.21689464  0.46215711 -0.57907257 -0.0217921  -0.37709258  0.34000171\n -0.49244391  0.2036499  -0.35680573 -0.54223509 -0.26610148  0.19830752\n -0.59356951 -0.10111107  0.69006475 -0.38626856 -0.0727859  -0.17608303\n -0.53624573 -0.29956984  0.14995231 -0.50667835 -0.01059028 -0.31734824\n -0.52075605 -0.19584073  0.01464391  0.31583261  0.52555756 -0.1204003\n -0.50722781  0.00493459  0.47249706 -0.57193186 -0.11880911 -0.21183082\n  0.08401418 -0.48626652 -0.42379095 -0.05555695 -0.56588087 -0.473996\n -0.34486089  0.33089302  0.07239588  0.21426921 -0.4530171  -0.19876718\n -0.30848677  0.34332993  0.58495609 -0.05758907 -0.29657998  0.3686475\n -0.33261884  0.08376014 -0.04617287 -0.30275938 -0.49498486 -0.68040872\n  0.36367132  0.08277654 -0.88686632 -0.04662611 -0.21526506 -0.31934506\n -0.50262334  0.26531997 -0.39326507  0.08940696 -0.34792213  0.06485735\n -0.22265482  0.53453683 -0.35695611 -0.29409475 -0.00949485  0.68149317\n  0.42959457 -0.33379987  0.01654685  0.62518728 -0.09548941 -0.18708163\n -0.68853747  0.31458508  0.43034469  0.27066209 -0.20687886  0.18477008\n  0.23583748  0.12513402 -0.63755338  0.28700899  0.41419008  0.25114734\n  0.38812801  0.25142481  0.3534485   0.6468685   0.04349044 -0.21866551\n -0.07734334  0.26393683 -0.33784603  0.67445619 -0.43857935 -0.2093754\n  0.03600982  0.56071276 -0.11545503  0.48260228  0.1771954  -0.26866173\n -0.20599382  0.41763229  0.1194109  -0.33471037 -0.51065797  0.34126226\n -0.21265186 -0.0293137   0.02399475 -0.07014498 -0.52030223  0.48305989\n -0.20824409  0.56629822 -0.3433109   0.48744416  0.58404677  0.33379753\n -0.28825105  0.56496692  0.0877338  -0.0696869  -0.17347107  0.0236848\n  0.468408   -0.30890529 -0.41181659 -0.14643266  0.54306087  0.67283367\n  0.53565064 -0.48753561 -0.27586892  0.36851269 -0.1405026   0.48251807\n -0.2511718  -0.50729716 -0.36135919 -0.20750103 -0.08225105  0.6356128\n -0.48127002 -0.01630328 -0.20669181  0.78492295 -0.19057084  0.10625832\n -0.40830419  0.42288326  0.05632274  0.31060259 -0.67785237  0.21860653\n -0.21804078  0.07991572 -0.48633379 -0.35827772  0.35485732 -0.27000329\n  0.52144989  0.0134529   0.17663925  0.6329704  -0.15882767  0.07822527\n -0.38512503  0.61621228 -0.53483375  0.30418765 -0.2343413  -0.34328609\n -0.0659197  -0.4784483   0.08884559  0.47176804  0.63940991  0.41739624\n -0.07175967 -0.53000812]",
    "olfactory": "[-0.1408497   0.40723473  0.156808    0.181952   -0.1174885   0.16383197\n  0.23305441  0.31983413  0.39198834 -0.0439212  -0.1475186  -0.11758112\n -0.16053483 -0.29618199  0.24251218 -0.17654896  0.17488533 -0.05836248\n -0.28876921  0.13324046  0.11808249 -0.27681413  0.40447881 -0.06748187\n  0.00320485 -0.29047832  0.21512562 -0.09360891 -0.23652351  0.04005262]",
    "pheromonal": "[-0.08187701  0.20779697  0.01281317 -0.03431026  0.24095157 -0.01175467\n -0.06144301 -0.0279606  -0.02689092  0.12374674  0.06457158  0.07865804\n -0.15376086 -0.02478958  0.09230516 -0.15712041 -0.07401782 -0.13214451\n -0.05932328 -0.17209619  0.06338342 -0.07134899 -0.12203467 -0.02564374\n -0.1030391   0.00905915 -0.12734772  0.14416261  0.12394555 -0.03787967]",
    "mechanosensory": "[-5.66096475e-02  4.61165393e-02  2.80423419e-01 -5.96459068e-02\n -1.23115430e-01 -1.75151336e-02 -2.57463359e-01  2.25915490e-01\n -7.89024816e-03  4.79594922e-01  1.44672913e-01  2.76171983e-01\n  2.77971271e-03 -7.53184693e-03 -1.21574636e-01 -8.50659391e-03\n -1.68340828e-01  7.37002088e-02 -6.36923823e-02  3.83642587e-02\n -8.66117914e-02 -3.40407782e-02 -5.78937726e-02 -6.14048816e-01\n  2.17982565e-02 -2.18006083e-01  2.03487595e-03 -4.57643591e-01\n -1.03017410e-01  2.65082748e-01 -1.44315476e-01  2.81179214e-01\n  5.14597493e-02  4.65838176e-04  9.35397628e-02  2.75038471e-02\n -1.08873393e-01 -8.83191035e-02  1.17963613e-01 -9.83200028e-02\n  2.79554620e-01 -1.12938151e-01 -2.02688277e-01  1.98376997e-01\n  9.97725607e-02 -3.56990305e-01  6.00504979e-04 -2.73818133e-01\n -2.31734654e-01  2.65726962e-01  2.61038797e-01  4.14618084e-01\n -3.62169618e-01  1.83445077e-01  3.24271047e-01  8.01704389e-02\n -1.42129275e-01 -2.80395754e-01  1.97331387e-01 -4.82349463e-02]"
  },
  "neural_activity": {
    "mushroom_body": [
      0.9573342550431373,
      0.5685218001748344,
      0.1532728767834156,
      0.440756085521535,
      0.4259028932173351,
      0.8065279792960456,
      0.735175839227128,
      0.5075710583125029,
      0.3182408848813949,
      0.1857101658658754,
      0.147293821091668,
      0.5144536606534947,
      0.45121488345427196,
      0.4906687440412314,
      0.9154397942576439,
      0.03221105435352989,
      0.5357325732152792,
      0.1382546922159048,
      0.36067250393003913,
      0.5332526610283069,
      0.8730295292421824,
      0.04063562036991242,
      0.7485949842136878,
      0.3405914174807766,
      0.18318381682710538,
      0.5600384713303344,
      0.1937550886838283,
      0.5397260475592325,
      0.5783223468361413,
      0.9653669883642755,
      0.4658507608321515,
      0.041218211917091296,
      0.9430155978024163,
      0.2674308460540551,
      0.7293295369440447,
      0.57561750059022,
      0.8256796537657,
      0.8151716530122752,
      0.5281132367497178,
      0.8266383224215215,
      0.7639307513444167,
      0.2648371836316852,
      0.5252438849384159,
      0.5541905466888357,
      0.37818191129782974,
      0.7450469935471635,
      0.2806576625628212,
      0.970184082071879,
      0.823677363336939,
      0.978073118620327,
      0.49119614886596097,
      0.6255023153178355,
      0.3681622586961123,
      0.27170809027288534,
      0.7049624491081308,
      0.9090151895400193,
      0.41775828586490404,
      0.6095412889618553,
      0.585938072687339,
      0.8930936343998793,
      0.9166908334120343,
      0.8584724743974405,
      0.4721485132611529,
      0.4807210850130702,
      0.966113607256765,
      0.14152773929286366,
      0.6864110737296917,
      0.8136470071682644,
      0.6496913523967113,
      0.8044161094802286,
      0.6584368982773874,
      0.7552418973233255,
      0.616923263713886,
      0.3417038976597814,
      0.3231289351313176,
      0.1544216935411289,
      0.7029083784993677,
      0.5724367368870931,
      0.2916010291694956,
      0.02198318626477036,
      0.1818806884802623,
      0.9196557994989446,
      0.6893228355088742,
      0.8528493442801934,
      0.33072324176447354,
      0.4919088973308279,
      0.9279620406010517,
      0.28301492112311355,
      0.076863264671996,
      0.21435225530737068,
      0.47425321392117226,
      0.3668784589614873,
      0.8654826015894379,
      0.22710319324722184,
      0.7957563775459994,
      0.5848636850024898,
      0.9513743724371871,
      0.09511916040574064,
      0.46089376742698995,
      0.027475684173515202
    ],