{
  "step": 45,
  "insect_id": "Fruit_Fly",
  "timestamp": 1753377453.696774,
  "sensory_input": {
    "visual": [
      0.9105276411007158,
      -0.2710230476362485,
      -0.271467136645293,
      -0.29293683858731223,
      -0.5374792785313515,
      -2.0855537618893094,
      -1.6002710232706803,
      1.1050314143765525,
      -0.9863622050841705,
      0.3128969513571806
    ],
    "olfactory": [
      -1.003313925670035,
      -0.3717585140825165,
      -0.7327643415955406,
      -0.7892061306633738,
      0.233195990161507
    ],
    "pheromonal": [
      0.7419723235865665,
      -0.3451114596403278,
      -0.014423536485704389
    ],
    "mechanosensory": [
      -0.18876804755339682,
      -0.056940167255954785,
      0.05132156635221525,
      -1.719899939186748
    ]
  },
  "processed_output": {
    "visual": "[-1.77355195e-01 -1.90413067e-01 -1.30356367e-01  1.06735026e-02\n  1.23643843e-01  2.94947635e-01  3.94227822e-01 -5.62402058e-02\n -1.78916539e-01 -8.11290790e-04  3.06793669e-01 -1.14482590e-01\n  2.52030203e-01  3.78382229e-01 -3.30142868e-01  1.12339636e-01\n -3.10652785e-01  9.19611366e-02 -7.02585299e-01  1.16909025e-01\n  2.63535464e-01 -4.56321619e-01 -4.83208714e-02  3.77681850e-01\n  1.99801716e-01 -3.54612937e-01 -3.71463069e-02  4.73819216e-01\n -2.99624771e-01 -1.45561623e-01 -5.49230303e-02  3.81858429e-01\n -1.96453298e-02  5.54511092e-01 -2.33790479e-02 -2.75834329e-02\n -2.65701604e-01  1.48417216e-02  4.41082268e-01 -2.35028991e-01\n  1.01742887e-01 -5.68902302e-01 -3.52690288e-02 -4.39676163e-02\n -3.04607469e-01  1.89031816e-01 -2.59287897e-01 -4.70599234e-01\n  1.04579068e-01 -3.28752189e-01  8.30969419e-02 -5.34237959e-02\n  3.32647353e-02  1.34404292e-01 -5.22300761e-01 -2.53406374e-01\n -5.35716118e-02  3.00977164e-02  2.57439439e-01 -4.69708034e-01\n -4.21753181e-01  3.98041948e-02 -2.15366594e-01 -4.31177277e-02\n -4.87241135e-01  1.64954008e-02 -6.41177488e-02 -2.51007582e-02\n -8.35207553e-01  6.71908644e-02  7.77084421e-02 -1.74311669e-01\n -2.83367803e-01  3.94574587e-01 -2.11177915e-01 -2.92274080e-01\n  3.44682040e-02  4.40735803e-02  2.60267964e-01  6.26388091e-01\n -1.84558847e-01  1.30716998e-01  1.98414634e-01  2.97716826e-01\n -9.46504050e-02 -3.64753418e-01 -2.29131398e-01 -5.77772419e-02\n -3.06796112e-01 -2.11077401e-02 -3.87388681e-01 -1.77600196e-01\n  1.70806301e-01 -7.12489611e-03  1.40110308e-01  1.09017715e-01\n  1.38557225e-01  2.53419670e-02 -5.41780117e-01 -1.06821295e-01\n  1.86504359e-01  1.95801354e-01  8.78041890e-02  1.50736290e-01\n -3.60192401e-01 -5.64504275e-02  1.95792435e-01  1.04950893e-01\n  2.75077202e-01 -2.39906133e-01  1.56354637e-01 -3.20995218e-02\n  3.60014268e-01 -1.04882856e-01 -3.28217999e-01 -5.12932333e-02\n  2.17127276e-02  5.59659771e-01 -2.71233007e-01  2.80371624e-01\n  4.29321484e-01 -1.83765652e-01 -3.29514881e-02  4.31752703e-01\n -1.19753223e-01  1.61908013e-01 -3.99772860e-01 -1.02161379e-01\n  9.38413919e-02  3.20102389e-01  6.29067861e-01  3.45675361e-01\n  5.26895674e-01  3.60273716e-01 -2.17227702e-01  5.16993327e-01\n  2.22020003e-02  2.25032935e-01 -2.85517841e-01  2.30273628e-01\n -3.96408502e-01  8.18988121e-02 -1.09541465e-01 -3.60064231e-01\n  2.14167406e-02  4.39705791e-01 -1.56161404e-01 -5.43460440e-02\n  8.66062589e-02  5.50461821e-02 -1.69577495e-01 -3.90846765e-01\n -2.52914612e-01  2.68365901e-01 -3.30558177e-01 -2.40372799e-01\n  8.28913188e-02  5.46518826e-02  1.12618291e-01  2.31618843e-01\n -3.90379959e-02  4.84435654e-02 -3.27795783e-01  3.90662284e-01\n -3.20668339e-01  7.11907280e-02  2.56805508e-01 -1.26525307e-01\n -3.55123075e-02  6.18337997e-01  1.77909890e-01 -1.23965828e-01\n -3.04649132e-01  3.23891080e-01  2.28991587e-01 -3.67055059e-01\n  4.88051088e-01 -2.22272185e-01  3.39666353e-01  1.24793719e-01\n -2.01507609e-01  3.83220582e-01 -8.43295906e-02  3.04569427e-01\n  3.05820401e-01 -6.54468997e-01 -3.70876070e-01  7.17890991e-01\n -5.21403335e-01  2.48045219e-01 -4.75645819e-01 -4.31163725e-02\n  1.76681780e-01  3.36876268e-02  2.31595271e-01 -3.11948969e-01\n  6.31063056e-01  4.52646778e-01  1.15631503e-01  6.13606616e-02]",
    "olfactory": "[ 0.04277039  0.08258501  0.03082815 -0.11786953  0.12063291 -0.10351114\n -0.18682157 -0.32143693 -0.23979099 -0.14741612  0.12208793  0.23668674\n -0.19221902  0.15801492 -0.05005009 -0.07886252 -0.29950922  0.00763094\n  0.0040522  -0.09949846  0.08833825  0.12614303 -0.19015837  0.04543206\n -0.09893142  0.13112521 -0.00092807  0.01032922 -0.19521    -0.24317196]",
    "pheromonal": "[-0.12409259 -0.02852392 -0.05081958 -0.05876887 -0.00376623  0.08384812\n -0.0070323   0.06134917  0.05183296  0.23023504  0.02148409 -0.08881616\n  0.0262001  -0.02239528  0.02908792  0.00788088  0.01757219 -0.11469557\n  0.00886281 -0.0760576   0.00965113 -0.01235787 -0.07692624  0.06992486\n -0.09624049  0.01002144 -0.04694135  0.11053     0.14754257  0.14510558]",
    "mechanosensory": "[ 0.09431645 -0.09914783  0.12021145  0.01116898 -0.15325467 -0.03231315\n -0.01290191  0.1555397  -0.18405803  0.17701349  0.20669351  0.05950794\n  0.0409703   0.11747972 -0.10293627  0.0154575  -0.05415691  0.18875841\n -0.14296785 -0.02205833 -0.03334439  0.15752864  0.00376087 -0.48769366\n -0.06690811  0.01167246  0.05388617 -0.42387726  0.0167971   0.06218659\n -0.15635365  0.12655173  0.143341   -0.03654972  0.01433919  0.03222705\n  0.08031309  0.02698776  0.10005898 -0.13662383  0.06797868 -0.04742689\n -0.05080669 -0.02366756  0.23470364 -0.35607096  0.02654742 -0.1937657\n -0.17498553  0.03715315  0.2552697   0.1701417  -0.19886358  0.1425096\n  0.17926758  0.14637465 -0.09792048 -0.23085152  0.23468257 -0.1841847 ]"
  },