{
  "step": 72,
  "insect_id": "Ant",
  "timestamp": 1753377473.7860236,
  "sensory_input": {
    "visual": [
      0.5720157713085738,
      1.2100811300528689,
      1.1212787229384245,
      0.76606642944619,
      -0.9955261527546359,
      -1.0141266962226376,
      -0.5915923574389776,
      -0.24057039408273792,
      0.3253689332359837,
      -0.18996867633645523
    ],
    "olfactory": [
      -0.9037725239451933,
      -0.42432462243457975,
      0.902986710589153,
      -0.9462577862087095,
      -0.4405606791772548
    ],
    "pheromonal": [
      0.04630115814419461,
      0.017852839641928134,
      0.2612117505690688
    ],
    "mechanosensory": [
      -1.0886154257219711,
      0.08084960397310825,
      0.22351352969852228,
      0.738937836867767
    ]
  },
  "processed_output": {
    "visual": "[ 0.49062845 -0.26557283 -0.05505756 -0.16362475  0.17178558 -0.36162463\n  0.0414655  -0.29007911  0.14241655  0.12572752  0.14154678  0.26745332\n  0.11948599 -0.2346995   0.03211868  0.23147005 -0.11358296  0.13126134\n  0.43828651 -0.07634631 -0.5626671  -0.260179   -0.31211231  0.08865538\n  0.4193032  -0.03362684  0.33642386 -0.33170277  0.15837809 -0.1099258\n -0.47987718  0.22353241  0.00573187 -0.37606437  0.3148599   0.09590326\n -0.03640431 -0.19163935 -0.28179549 -0.14223001  0.07712113  0.20766199\n -0.10002846  0.52019513 -0.05147111 -0.24709869  0.21717741 -0.19013628\n -0.37718271 -0.05503118  0.13201159 -0.28787261  0.29401965 -0.15376047\n -0.27391492  0.18011707 -0.13775499 -0.00886896  0.00636814  0.24801883\n -0.15067599  0.12490908 -0.08096239  0.03428377 -0.13894374  0.00419425\n  0.36472795 -0.40121874 -0.1850086   0.06527033 -0.12341318 -0.07398741\n  0.17418913 -0.01856828 -0.15287579 -0.17079998 -0.52143424  0.21463121\n -0.01263487 -0.36260084 -0.04218357 -0.13374759 -0.17127817  0.15148379\n  0.12572666 -0.4070218  -0.33569684 -0.13631805 -0.09046498 -0.23349592\n -0.42219173 -0.25001497  0.13513806  0.26516353  0.03225792 -0.06423701\n -0.13767569  0.03368207  0.22995127 -0.30842669  0.19789325 -0.0199688\n -0.24993306  0.17439415  0.2081223   0.32100319 -0.10294664  0.31675561\n  0.28146047  0.29000341  0.22958674 -0.06946065  0.01112548 -0.24678114\n  0.04194297  0.10420053  0.19935045  0.23857231 -0.20246573  0.14818083\n  0.20671665  0.11697531  0.16691654 -0.03155024 -0.01707714  0.08515678\n -0.31883531  0.09832494 -0.12174158 -0.06547573  0.18847679  0.18732277\n -0.08160231  0.47299803  0.06176636  0.16039503 -0.37734332 -0.10642224\n  0.18620971  0.31447182 -0.28575821  0.00153897 -0.200632   -0.30010828\n  0.31142392 -0.24031633 -0.05459993 -0.07540923 -0.20718748  0.35040203\n -0.45040079  0.15885653  0.28480916  0.55359781  0.16713474 -0.32554252\n -0.31131624 -0.10622251  0.15008804 -0.04120816 -0.19778345  0.11866277\n -0.18729806  0.02887751  0.14657568  0.36054082  0.22969161  0.00153682\n -0.01699379  0.46500167  0.08487923 -0.2634885   0.05315188 -0.30088983\n -0.12816104  0.09541068  0.06504572 -0.23948749 -0.1470658  -0.23147626\n -0.40072914  0.07899656 -0.00598207  0.02526084 -0.05453853 -0.05149979\n  0.51243807  0.10155471  0.63420582 -0.10004486 -0.0955183  -0.12522252\n -0.03664705 -0.02107079 -0.16890456  0.1164335  -0.11703213 -0.0882281\n  0.00166305  0.00948635]",
    "olfactory": "[ 0.32323776 -0.09686921 -0.10908774  0.24526224 -0.20605777  0.0935855\n -0.10037197 -0.10289382 -0.05626581  0.07859101 -0.07148472 -0.30880665\n  0.03272699 -0.07911621 -0.10265831  0.06414176  0.10084784 -0.01200256\n -0.04752236 -0.03386391  0.33650852 -0.16832934 -0.14474827  0.09875269\n  0.08238458 -0.32549968  0.03353519  0.30038919  0.1165874  -0.02362347]",
    "pheromonal": "[ 0.03207608  0.00914254 -0.01091157 -0.00073506 -0.0116236  -0.03031843\n -0.01227721 -0.03985266 -0.02010574  0.00585662 -0.03221629  0.00474441\n  0.02766832  0.02273625 -0.00093624  0.01982495 -0.00238379  0.02437474\n -0.02148679  0.0093507  -0.01532553  0.01818261  0.00101187  0.05428407\n  0.01424547  0.00561878 -0.01042411  0.04312659 -0.02164214  0.00836636]",
    "mechanosensory": "[ 0.10766594 -0.31190188  0.02823717  0.13061741 -0.00751542 -0.02665156\n -0.06839312 -0.01408774  0.04630726  0.28545183 -0.2375452   0.15082226\n -0.08870756 -0.10095863 -0.10634132 -0.09336269 -0.09332173 -0.26698289\n  0.11679349  0.05395033 -0.11683784  0.03310725 -0.08672509 -0.02524843\n  0.02928372  0.05140595 -0.08335142  0.00779433  0.10606613  0.04258025\n  0.01185983  0.00713368  0.04797843  0.07850594  0.23203353 -0.19678154\n -0.09686936  0.10797173  0.17528132 -0.04425881  0.12462829 -0.26292497\n -0.00235647  0.15714658  0.15444161 -0.09026612  0.14077098 -0.03488787\n -0.10999547 -0.09975792 -0.10172737  0.00066733 -0.09802147  0.01872609\n -0.11971046  0.06942958  0.02922525  0.18545054 -0.11465513  0.12717828]"
  },
  "neural_activity": {
    "mushroom_body": [
      0.4924007237947772,
      0.14693464607642892,
      0.767210702383254,
      0.6248820631260946,
      0.9864482839136465,
      0.33642038262559837,
      0.4422341246408278,
      0.9350583906263176,
      0.8758108280827299,
      0.364067756289724,
      0.02099672115939233,
      0.3653858631904884,
      0.8151629850456615,
      0.6140212660019688,
      0.32891618603502437,
      0.18893806693942827,
      0.7905736907455317,
      0.49916065962944123,
      0.19717420637235406,
      0.9213049964468009,
      0.447226947943287,
      0.7632966728025157,
      0.8032316000008118,
      0.5535376916288629,
      0.07895300729288246,
      0.37207011325454553,
      0.17281634483101527,
      0.9955464920855303,
      0.7331206509221954,
      0.5386381999688542,
      0.39924139702265893,
      0.2069417262349741,
      0.18638278300294076,
      0.5276332937882693,
      0.6015984856107799,
      0.738477463568368,
      0.012070075146157544,
      0.39691921306107414,
      0.9742478701988332,
      0.24929524690375904,
      0.2769088846934247,
      0.5292959918493957,
      0.07966113583142909,
      0.21578219897423678,
      0.7698762304225306,
      0.28290490199427065,
      0.9405319902264295,
      0.6002708120426894,
      0.45739250176265134,
      0.4463890668275149,
      0.9356395009266144,
      0.2565397437437217,
      0.45391089141763574,
      0.6693230026315135,
      0.02617703582476605,
      0.02531896787827681,
      0.5251034861530219,
      0.7031803637078137,
      0.058529304862222964,
      0.01939748304062039,
      0.5974268143442467,
      0.12381889677257696,
      0.6523379317512753,
      0.9321946265931902,
      0.591086092657511,
      0.1240378689225623,
      0.9362653987395712,
      0.5070649457786084,
      0.0919345703443104,
      0.7666644812076299,
      0.08779127460972835,
      0.33673866917057105,
      0.5896370886961854,
      0.2909284330490943,
      0.7323145070044182,
      0.7236888826592979,
      0.5710198786593059,
      0.7176901664961559,
      0.24203636076752333,
      0.41260492944946736,
      0.8738631246179162,
      0.4024116122514887,
      0.24035654060282785,
      0.3736574116109701,
      0.03336379466983419,
      0.6106387280493265,
      0.9364508555576203,
      0.22944403673237168,
      0.4365801853721185,
      0.8738519447485829,
      0.5050267126920194,
      0.453349231079773,
      0.993777465048396,
      0.3051647484911183,
      0.5080186252800102,
      0.5197698326970429,
      0.18403870897738006,
      0.28479427375720423,
      0.10024162543381976,
      0.18808052763581162
    ],