{
  "step": 74,
  "insect_id": "Fruit_Fly",
  "timestamp": 1753377473.8138912,
  "sensory_input": {
    "visual": [
      0.5292707429771083,
      0.20318900293990372,
      0.3196844088231395,
      -1.3098866747266598,
      1.143032224703793,
      0.08023979953229565,
      -0.2417937902455364,
      1.0926149642196716,
      0.5972357986455037,
      0.43060445817385207
    ],
    "olfactory": [
      -0.4241038161647893,
      0.8989015835367251,
      -0.2090454064080651,
      -1.0266940516661711,
      1.0395507256868146
    ],
    "pheromonal": [
      -1.8016695419031532,
      -0.09161154156851581,
      0.763915795226894
    ],
    "mechanosensory": [
      1.4349308299665615,
      0.39209554716985795,
      -1.532214865568482,
      0.15529671111280946
    ]
  },
  "processed_output": {
    "visual": "[-0.16959873 -0.02483642 -0.10107252 -0.06610485 -0.02351837  0.05683509\n  0.01125945 -0.14972722 -0.23464077  0.05581387  0.06847044 -0.1283211\n  0.50918783  0.52578536 -0.05160936  0.2004906   0.15786591 -0.31436297\n  0.11880475  0.333094   -0.4559147  -0.04850756  0.06923777  0.24582587\n  0.30066098  0.06363683 -0.03359016  0.46213406 -0.28488674  0.01954659\n  0.23704018 -0.0106262   0.26925019  0.3261939   0.0029479  -0.01160286\n  0.12739278 -0.16747504 -0.27712087  0.17628746  0.23776529 -0.02611195\n  0.08860145  0.13567495 -0.0912223  -0.08415282  0.24547877 -0.21194628\n  0.4822413  -0.14226019  0.09432562  0.09149631  0.17068686  0.02989332\n -0.49745682 -0.14605375  0.04680897 -0.00121305  0.22947137 -0.04524501\n -0.21194323 -0.58251545  0.22862281  0.19877858  0.02283972  0.10470946\n -0.01540209  0.15106366  0.379051   -0.29786215 -0.09587845  0.16614088\n  0.05842849  0.13508953  0.02489928 -0.391269   -0.00373204  0.22162118\n  0.46997179 -0.05250338 -0.3153832   0.105815    0.20954795 -0.33473597\n -0.31951917 -0.20716274  0.40682273 -0.14875409 -0.02565046 -0.229712\n -0.00950069 -0.24998864  0.04911405 -0.20934253  0.06271249  0.29816643\n -0.06648075 -0.18779978  0.31425589 -0.19902544  0.28879072 -0.01527241\n -0.08590756 -0.11091607 -0.11654913 -0.52874918  0.15467499  0.41709549\n -0.04235342  0.00369426  0.04450716 -0.2522888  -0.04304155  0.16319882\n -0.18170156 -0.26458508  0.01481623 -0.12444274  0.0265252   0.3460862\n  0.17797199 -0.06629668  0.02333151  0.58387304  0.18005037 -0.08443101\n -0.01141367 -0.11750191 -0.18189855 -0.2341228   0.38750177  0.00077259\n  0.57158724 -0.10340765  0.17703757 -0.06606787 -0.12221202 -0.27338354\n -0.10929517 -0.25584948 -0.10514229 -0.13231497 -0.16234857 -0.25514285\n -0.35400301  0.26205079  0.30325309  0.30739746 -0.33100064 -0.28480334\n -0.16069272  0.09348805 -0.11325501 -0.31257641  0.08121249 -0.1133472\n  0.24686854  0.16915319  0.31909281 -0.06001512 -0.32711074 -0.12394327\n  0.17307962  0.02708357 -0.01700494 -0.55260085  0.40689995  0.08665654\n  0.37759722 -0.12600826  0.16510858  0.01893252 -0.25657813 -0.08130728\n  0.00974018 -0.54218173  0.352634   -0.07381376 -0.08361977  0.17524115\n -0.15261821  0.12551722  0.15590346 -0.30496962  0.13083415 -0.38593297\n  0.1982137  -0.08205228 -0.06627468 -0.12146052  0.01977251  0.04247121\n  0.16425738  0.30231878  0.35484352 -0.46605349 -0.12603038  0.50377383\n -0.05444439  0.32234287]",
    "olfactory": "[ 0.03696354  0.23439806  0.15132411 -0.06999664  0.08597209 -0.10101265\n  0.19687812 -0.27179168 -0.12192721 -0.07904987  0.08513454  0.14951537\n -0.13652408  0.07614422  0.16148774 -0.27127453 -0.36657067 -0.21276103\n  0.04096375 -0.05690305  0.09421066 -0.08627881  0.23119349 -0.0018315\n -0.32083101 -0.01891415  0.16291943 -0.14244777 -0.35934872 -0.21660083]",
    "pheromonal": "[ 0.19645516 -0.20820659  0.01160013  0.03056668 -0.27869981 -0.06841397\n -0.16134568 -0.16395724 -0.11693227 -0.44144009 -0.04459784  0.11615909\n  0.0174705   0.12352802 -0.22881984  0.22613234 -0.02610111  0.35314406\n -0.00282897  0.24288942 -0.01712635  0.22847285 -0.00566032  0.02822378\n  0.25775572  0.07026362  0.18363615 -0.22000773 -0.35783245 -0.20257583]",
    "mechanosensory": "[-0.35684512  0.54831832  0.16293381  0.20540187  0.12052355 -0.06824598\n -0.28361892 -0.19982562  0.5746975   0.08652402 -0.20176341  0.36048164\n -0.05957802 -0.25351822 -0.3894967  -0.10187898 -0.23026091 -0.31220368\n  0.06803009  0.12084655 -0.03098443 -0.18340908  0.00311454  0.06594769\n  0.13596575 -0.23292072 -0.29789605  0.31686793 -0.28190382  0.1392134\n  0.00464862  0.08064082 -0.16282672 -0.17869618 -0.0014972  -0.00844906\n -0.40142967 -0.09836436 -0.13718323 -0.11550719  0.25502897  0.25660026\n -0.24811823  0.40576512 -0.08642665  0.27679653 -0.22461021  0.11044564\n  0.00159262  0.51012299 -0.00364463  0.17242712 -0.02404428  0.12679666\n  0.2973642  -0.17721552 -0.04957812  0.00681772 -0.29382016  0.28482408]"
  },
  "neural_activity": {
    "mushroom_body": [
      0.9573342550431373,
      0.5685218001748344,
      0.1532728767834156,
      0.440756085521535,
      0.4259028932173351,
      0.8065279792960456,
      0.735175839227128,
      0.5075710583125029,
      0.3182408848813949,
      0.1857101658658754,
      0.147293821091668,
      0.5144536606534947,
      0.45121488345427196,
      0.4906687440412314,
      0.9154397942576439,
      0.03221105435352989,
      0.5357325732152792,
      0.1382546922159048,
      0.36067250393003913,
      0.5332526610283069,
      0.8730295292421824,
      0.04063562036991242,
      0.7485949842136878,
      0.3405914174807766,
      0.18318381682710538,
      0.5600384713303344,
      0.1937550886838283,
      0.5397260475592325,
      0.5783223468361413,
      0.9653669883642755,
      0.4658507608321515,
      0.041218211917091296,
      0.9430155978024163,
      0.2674308460540551,
      0.7293295369440447,
      0.57561750059022,
      0.8256796537657,
      0.8151716530122752,
      0.5281132367497178,
      0.8266383224215215,
      0.7639307513444167,
      0.2648371836316852,
      0.5252438849384159,
      0.5541905466888357,
      0.37818191129782974,
      0.7450469935471635,
      0.2806576625628212,
      0.970184082071879,
      0.823677363336939,
      0.978073118620327,
      0.49119614886596097,
      0.6255023153178355,
      0.3681622586961123,
      0.27170809027288534,
      0.7049624491081308,
      0.9090151895400193,
      0.41775828586490404,
      0.6095412889618553,
      0.585938072687339,
      0.8930936343998793,
      0.9166908334120343,
      0.8584724743974405,
      0.4721485132611529,
      0.4807210850130702,
      0.966113607256765,
      0.14152773929286366,
      0.6864110737296917,
      0.8136470071682644,
      0.6496913523967113,
      0.8044161094802286,
      0.6584368982773874,
      0.7552418973233255,
      0.616923263713886,
      0.3417038976597814,
      0.3231289351313176,
      0.1544216935411289,
      0.7029083784993677,
      0.5724367368870931,
      0.2916010291694956,
      0.02198318626477036,
      0.1818806884802623,
      0.9196557994989446,
      0.6893228355088742,
      0.8528493442801934,
      0.33072324176447354,
      0.4919088973308279,
      0.9279620406010517,
      0.28301492112311355,
      0.076863264671996,
      0.21435225530737068,
      0.47425321392117226,
      0.3668784589614873,
      0.8654826015894379,
      0.22710319324722184,
      0.7957563775459994,
      0.5848636850024898,
      0.9513743724371871,
      0.09511916040574064,
      0.46089376742698995,
      0.027475684173515202
    ],