{
  "step": 5,
  "insect_id": "Fruit_Fly",
  "timestamp": 1753377433.7706025,
  "sensory_input": {
    "visual": [
      -1.6218918399626019,
      -0.2686287969067942,
      0.3433701386371233,
      1.8929401592221644,
      0.6416201640201814,
      -0.20613210052110378,
      -0.3636301412554125,
      -1.2796356431471045,
      -0.7228910378116346,
      0.052070239390104765
    ],
    "olfactory": [
      -0.7269449017582987,
      -0.14323785673161213,
      -0.736317933537621,
      1.0877681250443616,
      -0.6526619117207555
    ],
    "pheromonal": [
      0.017736189692081426,
      -1.2420054527064543,
      -1.1050487096354724
    ],
    "mechanosensory": [
      0.12064636379066504,
      0.9109856517127601,
      0.4018023520078453,
      0.24747917904046293
    ]
  },
  "processed_output": {
    "visual": "[ 0.03629423 -0.18388023  0.40395578  0.27520685 -0.10366094 -0.65115139\n -0.31893211  0.05506399 -0.00838215 -0.23474894 -0.38912449  0.31648155\n -0.48421183 -0.64313594 -0.06041001 -0.33755219  0.06316237  0.22702035\n  0.05234381 -0.1421845   0.52344783  0.01679617 -0.25501775 -0.13514084\n -0.56047263  0.37408489 -0.15329647 -0.44462993 -0.01304016  0.05436138\n -0.36008521 -0.24218357 -0.20000214  0.2622109   0.30769735 -0.31213096\n -0.0610524  -0.15554844  0.33486487 -0.25646378 -0.30064921  0.32675324\n  0.25016377 -0.3913726  -0.27887643 -0.22953725 -0.08892873  0.00678813\n -0.68864887  0.27858158  0.14593995  0.37039114  0.14845273  0.25632986\n  0.62170143  0.34813934 -0.28793075 -0.11693155 -0.41105562  0.47643164\n  0.03278871  0.2488392  -0.29918552 -0.00401852  0.23229365 -0.13661997\n  0.26322505 -0.40536574 -0.59541429  0.19670607  0.04150571  0.06215467\n -0.16228634  0.14674312 -0.27247431  0.32733262 -0.0207603   0.03728744\n -0.58856851 -0.0586081  -0.0716685  -0.38115364 -0.05501577  0.34089855\n  0.25953325 -0.06410298 -0.22728152  0.37589324  0.1830722  -0.02779656\n  0.04659023  0.34406835  0.01398889 -0.24003569 -0.38771147 -0.22223278\n  0.33655429  0.2799463  -0.10977313  0.20641786  0.29154101 -0.18605095\n  0.03392604  0.01753751  0.29115968  0.33193744 -0.22432597 -0.43627666\n -0.35577138 -0.06128869 -0.49270828  0.44954107 -0.34766969 -0.02616439\n -0.12612692  0.44177673 -0.14544208  0.05571617 -0.09621746 -0.20254167\n -0.26965479 -0.12043936 -0.18906678 -0.39847871  0.04021138  0.19293179\n -0.24250407 -0.25929763  0.17311371  0.03462398 -0.76640939  0.12079598\n -0.5625484  -0.16025936 -0.32566529  0.11109631  0.17599674  0.21629709\n -0.12478115  0.41868555  0.13701759 -0.21742667  0.07206189  0.07254947\n  0.51257839 -0.44036762 -0.12832162 -0.01972449  0.50599237  0.48988413\n -0.01465942 -0.36159633  0.06406388  0.4201468  -0.04082591 -0.15013114\n  0.14962928  0.10014133 -0.12056075 -0.22934796 -0.26257616  0.30999731\n -0.08662596 -0.07738338  0.34859463  0.62050688 -0.43028878  0.03995944\n -0.15943752 -0.15813308  0.06698699  0.27221623  0.15734378 -0.05438642\n -0.23256275  0.53746718 -0.57186042  0.10328198  0.30969014  0.05370892\n  0.14151524 -0.48344033  0.1124593   0.51877294 -0.49184506  0.37075553\n  0.24787796 -0.03799536 -0.11312063  0.26906024  0.2110232  -0.18150716\n -0.07626603 -0.30849728 -0.36753175  0.50118417  0.36725957 -0.50384746\n  0.05677869 -0.40237898]",
    "olfactory": "[ 0.10618777  0.13623801  0.01338702  0.16110916  0.1544861  -0.06469498\n -0.1693465   0.12577247  0.03625597 -0.26748877 -0.06889155  0.10963081\n -0.11852822 -0.08836774 -0.05807805  0.02575028  0.22173271  0.25047766\n -0.1541034   0.0443027  -0.01169003 -0.01888124 -0.09322846 -0.16434688\n  0.33587139 -0.04118932 -0.12779151  0.02739302  0.09287109 -0.13599238]",
    "pheromonal": "[-0.17659688  0.11576027 -0.06169094 -0.14783274  0.14642969  0.06340199\n -0.31363755 -0.12513513 -0.08669172  0.15904209  0.11829807  0.11483728\n -0.2307395   0.05052874 -0.02920421 -0.03141346 -0.14147637 -0.06314298\n -0.10305383 -0.20474681  0.12432569  0.10332647 -0.38167754  0.11988761\n -0.08974945  0.11883425 -0.13043332  0.24280406  0.10620253 -0.02425293]",
    "mechanosensory": "[ 0.00399164 -0.03052423 -0.00530797 -0.13719287  0.19395566  0.01678597\n  0.04656348  0.17938259 -0.03810884  0.07753306  0.07969266  0.04144587\n  0.04410041 -0.10594068  0.17251148 -0.13593051 -0.06512971 -0.02291865\n  0.03158247  0.06594371  0.08909781 -0.04277093 -0.03617814 -0.08711274\n -0.04606294 -0.01191569 -0.07003338  0.20361992  0.00103151  0.00393297\n  0.19865098  0.05261304 -0.09375673  0.03958713 -0.04225333 -0.04816721\n  0.11468483 -0.00538993 -0.01192547 -0.06186199  0.0419915  -0.05898427\n -0.00357506  0.12608886 -0.1889502  -0.06380677  0.0230292   0.02278605\n  0.05917591  0.20343402  0.00967411  0.11452313  0.19710846 -0.14413002\n -0.19134012 -0.05032476  0.06434032  0.01846881 -0.11261747  0.11341366]"
  },
  "neural_activity": {
    "mushroom_body": [
      0.9573342550431373,
      0.5685218001748344,
      0.1532728767834156,
      0.440756085521535,
      0.4259028932173351,
      0.8065279792960456,
      0.735175839227128,
      0.5075710583125029,
      0.3182408848813949,
      0.1857101658658754,
      0.147293821091668,
      0.5144536606534947,
      0.45121488345427196,
      0.4906687440412314,
      0.9154397942576439,
      0.03221105435352989,
      0.5357325732152792,
      0.1382546922159048,
      0.36067250393003913,
      0.5332526610283069,
      0.8730295292421824,
      0.04063562036991242,
      0.7485949842136878,
      0.3405914174807766,
      0.18318381682710538,
      0.5600384713303344,
      0.1937550886838283,
      0.5397260475592325,
      0.5783223468361413,
      0.9653669883642755,
      0.4658507608321515,
      0.041218211917091296,
      0.9430155978024163,
      0.2674308460540551,
      0.7293295369440447,
      0.57561750059022,
      0.8256796537657,
      0.8151716530122752,
      0.5281132367497178,
      0.8266383224215215,
      0.7639307513444167,
      0.2648371836316852,
      0.5252438849384159,
      0.5541905466888357,
      0.37818191129782974,
      0.7450469935471635,
      0.2806576625628212,
      0.970184082071879,
      0.823677363336939,
      0.978073118620327,
      0.49119614886596097,
      0.6255023153178355,
      0.3681622586961123,
      0.27170809027288534,
      0.7049624491081308,
      0.9090151895400193,
      0.41775828586490404,
      0.6095412889618553,
      0.585938072687339,
      0.8930936343998793,
      0.9166908334120343,
      0.8584724743974405,
      0.4721485132611529,
      0.4807210850130702,
      0.966113607256765,
      0.14152773929286366,
      0.6864110737296917,
      0.8136470071682644,
      0.6496913523967113,
      0.8044161094802286,
      0.6584368982773874,
      0.7552418973233255,
      0.616923263713886,
      0.3417038976597814,
      0.3231289351313176,
      0.1544216935411289,
      0.7029083784993677,
      0.5724367368870931,
      0.2916010291694956,
      0.02198318626477036,
      0.1818806884802623,
      0.9196557994989446,
      0.6893228355088742,
      0.8528493442801934,
      0.33072324176447354,
      0.4919088973308279,
      0.9279620406010517,
      0.28301492112311355,
      0.076863264671996,
      0.21435225530737068,
      0.47425321392117226,
      0.3668784589614873,
      0.8654826015894379,
      0.22710319324722184,
      0.7957563775459994,
      0.5848636850024898,
      0.9513743724371871,
      0.09511916040574064,
      0.46089376742698995,
      0.027475684173515202
    ],