{
  "step": 69,
  "insect_id": "Honeybee",
  "timestamp": 1753377473.7430189,
  "sensory_input": {
    "visual": [
      0.9069991301126976,
      -0.8101204186712131,
      0.519019550084179,
      2.551830695215746,
      1.1310309356831665,
      0.07913332371675033,
      1.1048492400024204,
      2.5766468972840793,
      -1.2246540227655265,
      0.3869881358026085
    ],
    "olfactory": [
      1.3976148364282344,
      -0.7261919616753998,
      -0.42751972896411605,
      -0.3556794489866618,
      -0.1875342861207876
    ],
    "pheromonal": [
      -1.6176257784473822,
      1.1714847032841875,
      0.18759853630759543
    ],
    "mechanosensory": [
      -0.8541747572675378,
      0.9220440701945388,
      1.2545088838348852,
      1.3793366826591
    ]
  },
  "processed_output": {
    "visual": "[ 0.23875424  0.04821922  0.43092252  0.02329176  0.06448322  0.09479565\n  0.04560124 -0.11479621 -0.08609825 -0.15583313  0.3479862  -0.47077811\n -0.26591632 -0.4420317  -0.37310165  0.49147488  0.26023629 -0.0531751\n  0.55462449 -0.50508435 -0.29567077  0.27160335 -0.62916834 -0.33869393\n -0.16547653 -0.39731865  0.36902194  0.11344298 -0.46985463  0.43726382\n  0.138505   -0.69780782 -0.474504    0.26838656  0.25950449  0.12216119\n  0.00206563 -0.59322607 -0.40762406  0.21680972 -0.29855608 -0.19001001\n -0.63260054 -0.40033581 -0.28910438  0.69920557 -0.33466641 -0.11906615\n -0.60199543 -0.20411184 -0.09367317 -0.55025097  0.37155447  0.41764431\n -0.70911012  0.7145278  -0.1757104  -0.01606105 -0.31280969 -0.02541445\n -0.30319525  0.16144611  0.02346126 -0.69871841 -0.17700928 -0.34772491\n  0.85859612  0.80830894 -0.48104182 -0.62623942  0.54105269 -0.39050306\n -0.53927287 -0.33509651 -0.33246805 -0.34173267 -0.46509227 -0.21108829\n  0.4061104  -0.70957375 -0.21544392  0.02901024 -0.65637125 -0.1537554\n -0.03666912  0.09758816  0.49286347  0.30665553 -0.30250583  0.13409506\n -0.23795946 -0.42319859 -0.17581876 -0.64849252  0.60395652 -0.25564755\n  0.2520102  -0.38237543  0.00623647 -0.17630701  0.50420835  0.37528093\n -0.1568168   0.29212371 -0.27101375 -0.6197126   0.1049982  -0.04143797\n -0.23700576 -0.22452549 -0.16076579 -0.26618806  0.77124777 -0.38411286\n -0.02235857 -0.07347776  0.13533277  0.34790899 -0.28346466 -0.06549294\n -0.3853279  -0.20426304 -0.47580133  0.73396853  0.47135882  0.57004056\n  0.51407545 -0.38826889 -0.33319714  0.45913079  0.06059662  0.32466087\n -0.21849751  0.22002299  0.10673369  0.11501786  0.01955456 -0.59807595\n  0.48119978  0.13696228  0.57178394  0.0129187  -0.0845435  -0.15502026\n -0.21078489  0.26925765 -0.07815911  0.52387472  0.50744974  0.32624408\n -0.23238529  0.06912129  0.60747518 -0.42078665  0.04827895  0.588923\n -0.23073508  0.23186991  0.36632014  0.34670754  0.51463347  0.49517356\n  0.35935086 -0.33477941 -0.02763216  0.68763255  0.63915305 -0.30327512\n  0.22627218  0.7785767  -0.76491054 -0.20782027  0.40280238  0.2479833\n  0.2662565  -0.12690188  0.01288616  0.70056944  0.56170215 -0.2201251\n -0.32106756  0.26741183  0.00342141  0.09335759 -0.46126385 -0.75158687\n  0.43789538 -0.30396265 -0.26430217 -0.15496713  0.08277731  0.3158326\n  0.15019507 -0.14079335 -0.02433503 -0.26675995 -0.13933707 -0.11818976\n -0.25009031 -0.048454  ]",
    "olfactory": "[ 0.02788173 -0.25745709 -0.13736976  0.02389731  0.09354239 -0.18379166\n -0.10326992  0.02512898 -0.26301094  0.27532389 -0.14876963 -0.07907216\n -0.15762225 -0.00494634  0.136527    0.38841455  0.11810079  0.14094067\n -0.17777716 -0.34038705  0.11715504  0.17920937  0.08563948 -0.15133573\n  0.05797382 -0.08970995  0.06625818 -0.00546785  0.46052678 -0.07270105]",
    "pheromonal": "[-0.03114433  0.16477773  0.15748219 -0.02329591  0.10783942  0.17066173\n -0.01696927  0.01685524  0.24916331 -0.37121113  0.28296992  0.14865119\n  0.15098011 -0.06143747 -0.14014582 -0.48221548 -0.0986261  -0.0926474\n  0.28657798  0.29494536 -0.09755919 -0.3141444  -0.08216939  0.11286866\n  0.16171681  0.11654019 -0.06746036 -0.0396758  -0.5207035   0.06824812]",
    "mechanosensory": "[ 0.23784582  0.05038155 -0.10159047 -0.13180876  0.15897367 -0.05229055\n -0.18151323 -0.03269226  0.39283026  0.10132303 -0.29042535 -0.13448075\n -0.27460105  0.01444403 -0.21393893  0.31282233 -0.36816502  0.21622181\n -0.15193098  0.07523089 -0.10131964  0.0082256   0.3123833   0.39460655\n -0.15207716 -0.19509964  0.04869355  0.11204941  0.54283353 -0.33964967\n -0.25220855  0.0355002  -0.01610259 -0.09613627  0.04749012  0.36310426\n -0.00592983  0.28626556  0.09036128  0.06316423 -0.03932514  0.55276267\n -0.09691671  0.27897358  0.07833328 -0.08169378 -0.04576958  0.25518423\n  0.09780202  0.11775989  0.05265027  0.12898285 -0.27385002 -0.20870853\n  0.21580006 -0.07298757 -0.19011659 -0.13185852  0.03604381  0.12610847]"
  },
  "neural_activity": {
    "mushroom_body": [
      0.12635954055289922,
      0.6510662603041527,
      0.6627929837081565,
      0.9059514415899972,
      0.694024905970108,
      0.13032535785611132,
      0.6785700910874193,
      0.25181423548906845,
      0.9354434499568303,
      0.9820695225306735,
      0.35894562736900226,
      0.09852715118231181,
      0.294853150261539,
      0.7462912346894797,
      0.7870932401371551,
      0.07062982415768515,
      0.48313936540704683,
      0.6622209359526908,
      0.115399259873879,
      0.6872873456110286,
      0.6981114122053442,
      0.504124699964496,
      0.8683273200191458,
      0.7166708401294236,
      0.6182749276751418,
      0.6232014757378306,
      0.39529436063508416,
      0.38233751371397573,
      0.7167883560053652,
      0.44552297638641014,
      0.9047130954552666,
      0.021405918043153394,
      0.7727889117003455,
      0.6159269939967781,
      0.06738501744015668,
      0.32597272676736,
      0.3087168672643883,
      0.9038271378155378,
      0.23784856178197233,
      0.18904989841550568,
      0.2210457214133057,
      0.848521080227047,
      0.3413897391223164,
      0.9617188178997028,
      0.787246394196182,
      0.10829421222201396,
      0.6481604816985572,
      0.7469217894494218,
      0.03391105392878513,
      0.15653537504224724,
      0.9992419020899515,
      0.6853055751030905,
      0.25484180859629757,
      0.9989993979407218,
      0.6524217395054385,
      0.6347337365749102,
      0.744143846619154,
      0.5150140806392638,
      0.7356517947329767,
      0.6376489951475847,
      0.45323207581238756,
      0.37210842438874125,
      0.7037428860280608,
      0.23895712561486693,
      0.5940955300660384,
      0.9945112193658604,
      0.707620198578572,
      0.9534313058612712,
      0.7114461577312933,
      0.4395467057289705,
      0.49249444180522495,
      0.06731022572559242,
      0.27550073951848686,
      0.8881137570119427,
      0.8104454683630198,
      0.58025781616706,
      0.5300344472969072,
      0.07180701688387292,
      0.3757757212457067,
      0.300809054944117,
      0.8118121304991793,
      0.8542922211831256,
      0.9187886496881005,
      0.9817062663157549,
      0.5612733835334486,
      0.2686584688003274,
      0.5043663782398784,
      0.18781304522437448,
      0.71123547918031,
      0.2222548857108344,
      0.5264317813777212,
      0.9750138797195244,
      0.07515074344946227,
      0.2914045013201676,
      0.7958427234065533,
      0.45715523003574077,
      0.5492189810560055,
      0.28384337953527417,
      0.4591770410905638,
      0.27511237675800737
    ],