{
  "step": 30,
  "insect_id": "Fruit_Fly",
  "timestamp": 1753377453.5187848,
  "sensory_input": {
    "visual": [
      0.4523640108029505,
      0.06638467398264147,
      -0.782922897809663,
      -0.8023719898473054,
      -0.5431564686147345,
      0.8484521652318621,
      -1.1068652500022274,
      0.6661022776240444,
      -0.8204650393978966,
      -1.5291216016926719
    ],
    "olfactory": [
      -0.8325414406428633,
      -0.02994918977272042,
      -0.5128096979573472,
      0.9107380980797021,
      -0.16708507579296134
    ],
    "pheromonal": [
      1.3379849773891448,
      -0.9337925120979728,
      -0.47024652070334133
    ],
    "mechanosensory": [
      0.3855742314230117,
      0.9349133265383512,
      -1.5850117688152814,
      -0.8519496525984144
    ]
  },
  "processed_output": {
    "visual": "[-0.03539318  0.04015998 -0.07916497 -0.08757923 -0.14975146  0.43220765\n  0.10363957 -0.19344651  0.45446535 -0.0773113   0.15192857 -0.10936736\n  0.18827875  0.42481837  0.20705277  0.27851191 -0.12633763  0.33427599\n -0.27192688  0.16500327 -0.02345451 -0.05203877  0.46033648  0.03472926\n  0.02813897 -0.08382889  0.33336573  0.08660109  0.23486778  0.04340966\n -0.08532985  0.30654277  0.28796251 -0.08617388 -0.30969995 -0.07920548\n -0.2655029   0.13644563  0.12833673  0.38939528 -0.0611497  -0.2645855\n -0.06480607  0.54122845 -0.07125246 -0.19413668  0.29023883  0.11770762\n  0.03771977 -0.45447996 -0.47659244  0.15755557 -0.33157163 -0.1707891\n -0.35283137 -0.22921727  0.16024309 -0.299673    0.2863069  -0.2973205\n  0.02276685  0.07344621  0.08026244  0.06999941  0.00830873  0.02924821\n -0.37624336  0.25523088  0.00852288 -0.46182482  0.09790219  0.16236852\n -0.0959844   0.21825653  0.15136489 -0.02442983 -0.07618596 -0.2140845\n  0.3194715   0.07266877 -0.12942755  0.32425054 -0.02392352 -0.28177912\n -0.07206875  0.21531547 -0.25900376  0.16877159  0.07841209  0.12069959\n -0.08292226 -0.20808528  0.33947243 -0.0284295   0.24787302 -0.04928021\n  0.39531676 -0.36978385  0.31166538  0.49828389 -0.11621123  0.02625758\n -0.09168173 -0.009661   -0.4543402   0.05969977  0.19114392  0.33884586\n -0.12353644 -0.00160131  0.04690278 -0.23986224  0.20867811 -0.11173307\n  0.07044204  0.30331388  0.26191774 -0.49732824 -0.24110849  0.01952331\n  0.4152345  -0.05352165 -0.0586126  -0.23987839 -0.16858813 -0.3484396\n  0.27442708  0.01546988  0.05163032 -0.1789691   0.57623976 -0.01223646\n  0.5129256  -0.12632511  0.260388    0.13555273 -0.0575548   0.31220941\n  0.21944541 -0.13210062  0.03921378 -0.09003363  0.45612238 -0.34250934\n -0.03330326  0.25073822 -0.17933501 -0.24292215 -0.35312466 -0.07497724\n  0.26565075 -0.13189119 -0.07049268 -0.25118999 -0.01451049  0.36703382\n -0.58105126  0.37638402 -0.36581117 -0.26698155  0.10824279  0.05379223\n  0.21942248  0.01180232  0.33114494 -0.15740347  0.20073464 -0.00064243\n -0.04524007  0.15883185 -0.25211338  0.1561646   0.08787997  0.01940418\n  0.29376723 -0.1920283   0.22348519  0.37922468 -0.41656141 -0.0246974\n -0.04858597  0.49774681 -0.50143836 -0.11270403 -0.02383976 -0.24146492\n  0.07600015 -0.18794245 -0.09324694  0.01144887  0.10109663  0.31905294\n -0.06842751 -0.15928663  0.32184894 -0.20207352  0.26522031  0.06062738\n -0.08822146 -0.15461824]",
    "olfactory": "[ 0.07001865  0.166666    0.04632416  0.11998309  0.06667518 -0.03563453\n -0.13043536  0.06053617  0.04296799 -0.268129   -0.05425707  0.1123849\n -0.15131302 -0.07130824 -0.0293969  -0.00445137  0.11612543  0.20153985\n -0.1631669   0.06405478  0.03481076 -0.01156587 -0.02358885 -0.1054935\n  0.23801951 -0.04948202 -0.01877299 -0.02161355 -0.07254119 -0.15534107]",
    "pheromonal": "[-0.26570846  0.01712525 -0.0996559  -0.14224767  0.07339778  0.15633384\n -0.10107195  0.07009635  0.0632799   0.43342126  0.07711382 -0.11055546\n -0.03958966 -0.03079129  0.05964922 -0.0226856  -0.01752456 -0.23293648\n -0.02042644 -0.20932688  0.05811611 -0.00918849 -0.24635818  0.14376402\n -0.20344352  0.04759537 -0.13469029  0.269862    0.29468187  0.23405869]",
    "mechanosensory": "[-0.26653399  0.34740121  0.27670769 -0.00832106  0.06372577 -0.02286977\n -0.35528978  0.08678406  0.359808    0.43761258 -0.05321498  0.39480826\n -0.03867082 -0.20992611 -0.19359006 -0.08994034 -0.24554577 -0.1837515\n  0.06073003  0.11719396 -0.0611587  -0.21737077 -0.06710555 -0.36335121\n  0.11147959 -0.32202296 -0.17432217 -0.0351483  -0.23278188  0.28725877\n -0.00418932  0.25224178 -0.1265079  -0.04465893  0.07617967 -0.00602141\n -0.30600785 -0.14804525 -0.00371353 -0.07577021  0.35111737  0.01346069\n -0.27637471  0.40233879 -0.12424609 -0.03833772 -0.10723177 -0.1093957\n -0.11453435  0.48772636  0.10721237  0.41060727 -0.22199856  0.12069881\n  0.30556556 -0.09675829 -0.09046446 -0.13680746 -0.09851596  0.21190486]"
  },
  "neural_activity": {
    "mushroom_body": [
      0.9573342550431373,
      0.5685218001748344,
      0.1532728767834156,
      0.440756085521535,
      0.4259028932173351,
      0.8065279792960456,
      0.735175839227128,
      0.5075710583125029,
      0.3182408848813949,
      0.1857101658658754,
      0.147293821091668,
      0.5144536606534947,
      0.45121488345427196,
      0.4906687440412314,
      0.9154397942576439,
      0.03221105435352989,
      0.5357325732152792,
      0.1382546922159048,
      0.36067250393003913,
      0.5332526610283069,
      0.8730295292421824,
      0.04063562036991242,
      0.7485949842136878,
      0.3405914174807766,
      0.18318381682710538,
      0.5600384713303344,
      0.1937550886838283,
      0.5397260475592325,
      0.5783223468361413,
      0.9653669883642755,
      0.4658507608321515,
      0.041218211917091296,
      0.9430155978024163,
      0.2674308460540551,
      0.7293295369440447,
      0.57561750059022,
      0.8256796537657,
      0.8151716530122752,
      0.5281132367497178,
      0.8266383224215215,
      0.7639307513444167,
      0.2648371836316852,
      0.5252438849384159,
      0.5541905466888357,
      0.37818191129782974,
      0.7450469935471635,
      0.2806576625628212,
      0.970184082071879,
      0.823677363336939,
      0.978073118620327,
      0.49119614886596097,
      0.6255023153178355,
      0.3681622586961123,
      0.27170809027288534,
      0.7049624491081308,
      0.9090151895400193,
      0.41775828586490404,
      0.6095412889618553,
      0.585938072687339,
      0.8930936343998793,
      0.9166908334120343,
      0.8584724743974405,
      0.4721485132611529,
      0.4807210850130702,
      0.966113607256765,
      0.14152773929286366,
      0.6864110737296917,
      0.8136470071682644,
      0.6496913523967113,
      0.8044161094802286,
      0.6584368982773874,
      0.7552418973233255,
      0.616923263713886,
      0.3417038976597814,
      0.3231289351313176,
      0.1544216935411289,
      0.7029083784993677,
      0.5724367368870931,
      0.2916010291694956,
      0.02198318626477036,
      0.1818806884802623,
      0.9196557994989446,
      0.6893228355088742,
      0.8528493442801934,
      0.33072324176447354,
      0.4919088973308279,
      0.9279620406010517,
      0.28301492112311355,
      0.076863264671996,
      0.21435225530737068,
      0.47425321392117226,
      0.3668784589614873,
      0.8654826015894379,
      0.22710319324722184,
      0.7957563775459994,
      0.5848636850024898,
      0.9513743724371871,
      0.09511916040574064,
      0.46089376742698995,
      0.027475684173515202
    ],