{
  "step": 93,
  "insect_id": "Fruit_Fly",
  "timestamp": 1753377493.5241697,
  "sensory_input": {
    "visual": [
      -0.3110625792724401,
      -0.886512447851087,
      0.9205231588690733,
      0.6240465066530064,
      -0.26329515615315036,
      0.6440052576483954,
      -2.2548128395538485,
      0.12853527693859737,
      2.0061065402359795,
      -0.05625669353503278
    ],
    "olfactory": [
      -1.5249125346839905,
      0.8519757911749998,
      0.9806116264129523,
      -0.6771239858852425,
      1.2260202978585537
    ],
    "pheromonal": [
      0.46508151404001136,
      -1.527325787339767,
      0.9008885081597386
    ],
    "mechanosensory": [
      1.886077598042733,
      0.5427387776589381,
      -1.3453882891924198,
      -2.3408142364641398
    ]
  },
  "processed_output": {
    "visual": "[-0.4180483  -0.06326287 -0.25444828 -0.02867383  0.52578654 -0.26220034\n -0.15802392 -0.06646851 -0.28507522 -0.25429526  0.08878145 -0.20774063\n  0.19793075 -0.42002519  0.15058643  0.26989604  0.53145305 -0.22367545\n -0.31996824  0.03700766  0.12541946 -0.09379883  0.45939188 -0.43468386\n -0.49844667  0.437177   -0.35682281 -0.12028869 -0.40104611  0.02260553\n  0.13675332  0.48720342  0.55169675  0.39263849 -0.27293603 -0.20429915\n -0.58916134  0.23259589 -0.16681876  0.41898141  0.04448088  0.12534089\n -0.211792   -0.1094906   0.38481601  0.04286594  0.24570196 -0.30976333\n  0.193382   -0.5841802   0.49205808  0.10001024  0.35956197 -0.26647275\n  0.04168755  0.19620665 -0.34379785 -0.25066571  0.00203754  0.51512728\n -0.3253532  -0.2095044  -0.25488313  0.26224128  0.62225317 -0.09480528\n -0.62827901  0.27933479  0.0197922  -0.1518144   0.14126509 -0.14501365\n  0.24994945  0.00632508  0.03233711  0.26152388 -0.55977366 -0.41960763\n -0.72693094 -0.54641705  0.4533195  -0.00503588 -0.11750914 -0.41514497\n -0.28850807  0.17845854 -0.51494018  0.39082494  0.02269098 -0.18977192\n -0.0147373   0.44859023 -0.30192548 -0.14471947 -0.01805534 -0.49280259\n -0.14561668 -0.25117156  0.39886951  0.48942319 -0.14349903 -0.10089664\n  0.04494512 -0.41322457 -0.41082152  0.31415112  0.3858529  -0.51645685\n -0.12506905 -0.22961156 -0.38592605 -0.00414557 -0.2084583  -0.01476079\n  0.19130441  0.31585285 -0.15425227 -0.18251124  0.24984777  0.33624669\n -0.13770173  0.21917042 -0.2041233  -0.42173343 -0.55957075 -0.598668\n -0.22986478  0.02384164  0.15032365  0.11848903 -0.0604279  -0.28506761\n  0.15967331  0.27260484 -0.44644315 -0.19903257  0.28553675  0.51509376\n -0.59761249  0.36688791  0.14199753 -0.57882075 -0.20914398 -0.09842484\n -0.60915083  0.23855129  0.07679135 -0.29545007  0.09463096 -0.2678457\n -0.12068493  0.61461377 -0.2635542   0.0793971  -0.38978208  0.57658697\n -0.14991254 -0.29130251  0.06809154 -0.40659294 -0.11242535  0.11881533\n -0.27912849  0.23140112  0.05142261 -0.11972505 -0.08714275  0.18315582\n  0.24050991 -0.18885021 -0.11060131 -0.0970552  -0.36492388  0.23970182\n -0.13986242  0.13327548 -0.12013531  0.07849176  0.43548853  0.33260019\n -0.41858804  0.12438486  0.33016563  0.59947079 -0.01379652 -0.2632097\n -0.13117867  0.01694501 -0.03987526 -0.04630545  0.25293721 -0.0244331\n  0.25939529 -0.29000697  0.13876146  0.61691841  0.73078894  0.34738026\n -0.29523073 -0.29198025]",
    "olfactory": "[ 0.13166358  0.00929814  0.14651307 -0.03162217 -0.30160125 -0.06046018\n  0.12837732 -0.28552614 -0.0901639  -0.37011629 -0.00069264  0.12085953\n -0.05340929  0.11851363 -0.01800871 -0.02447931 -0.30571511  0.07780121\n  0.01722179  0.21316662  0.07540957  0.08664992  0.30695785  0.07217749\n -0.11609025 -0.01355993  0.37538827 -0.33251593 -0.60084614 -0.25519672]",
    "pheromonal": "[-0.22296713 -0.36765133 -0.18261873 -0.19271455 -0.36984584  0.23276536\n -0.25702225  0.00950791  0.03883082  0.27557798  0.03027371 -0.18001175\n  0.11080412  0.0818112  -0.1974461   0.32372689  0.02498632  0.04349763\n  0.0245973   0.02432439  0.02156895  0.26226608 -0.31713829  0.30528407\n -0.02641417  0.13858415  0.05874459  0.14368827  0.0808381   0.28164669]",
    "mechanosensory": "[-0.28223891  0.55093798  0.32600696  0.28537116 -0.01139179 -0.15056935\n -0.26978026  0.01058936  0.46977212  0.25642857  0.1255392   0.48586401\n  0.02376905 -0.15127087 -0.58424336 -0.16680962 -0.37035194 -0.08982581\n -0.16961686  0.13196534 -0.02936256  0.08612687  0.02890493 -0.61929453\n  0.01421115 -0.19195405 -0.33800826 -0.16165929 -0.30785626  0.18550511\n -0.16876182  0.25322271  0.01369756 -0.31057453 -0.04181836  0.02221469\n -0.30618037 -0.03406757 -0.04659432 -0.41557373  0.36368681  0.29730631\n -0.34598706  0.46737187  0.2575041  -0.23341604 -0.25189408 -0.10799495\n -0.22622815  0.67837186  0.40287157  0.40832499 -0.1764693   0.31889745\n  0.5105266   0.00288349 -0.1772707  -0.32822311 -0.06570609  0.08399512]"
  },
  "neural_activity": {
    "mushroom_body": [
      0.9573342550431373,
      0.5685218001748344,
      0.1532728767834156,
      0.440756085521535,
      0.4259028932173351,
      0.8065279792960456,
      0.735175839227128,
      0.5075710583125029,
      0.3182408848813949,
      0.1857101658658754,
      0.147293821091668,
      0.5144536606534947,
      0.45121488345427196,
      0.4906687440412314,
      0.9154397942576439,
      0.03221105435352989,
      0.5357325732152792,
      0.1382546922159048,
      0.36067250393003913,
      0.5332526610283069,
      0.8730295292421824,
      0.04063562036991242,
      0.7485949842136878,
      0.3405914174807766,
      0.18318381682710538,
      0.5600384713303344,
      0.1937550886838283,
      0.5397260475592325,
      0.5783223468361413,
      0.9653669883642755,
      0.4658507608321515,
      0.041218211917091296,
      0.9430155978024163,
      0.2674308460540551,
      0.7293295369440447,
      0.57561750059022,
      0.8256796537657,
      0.8151716530122752,
      0.5281132367497178,
      0.8266383224215215,
      0.7639307513444167,
      0.2648371836316852,
      0.5252438849384159,
      0.5541905466888357,
      0.37818191129782974,
      0.7450469935471635,
      0.2806576625628212,
      0.970184082071879,
      0.823677363336939,
      0.978073118620327,
      0.49119614886596097,
      0.6255023153178355,
      0.3681622586961123,
      0.27170809027288534,
      0.7049624491081308,
      0.9090151895400193,
      0.41775828586490404,
      0.6095412889618553,
      0.585938072687339,
      0.8930936343998793,
      0.9166908334120343,
      0.8584724743974405,
      0.4721485132611529,
      0.4807210850130702,
      0.966113607256765,
      0.14152773929286366,
      0.6864110737296917,
      0.8136470071682644,
      0.6496913523967113,
      0.8044161094802286,
      0.6584368982773874,
      0.7552418973233255,
      0.616923263713886,
      0.3417038976597814,
      0.3231289351313176,
      0.1544216935411289,
      0.7029083784993677,
      0.5724367368870931,
      0.2916010291694956,
      0.02198318626477036,
      0.1818806884802623,
      0.9196557994989446,
      0.6893228355088742,
      0.8528493442801934,
      0.33072324176447354,
      0.4919088973308279,
      0.9279620406010517,
      0.28301492112311355,
      0.076863264671996,
      0.21435225530737068,
      0.47425321392117226,
      0.3668784589614873,
      0.8654826015894379,
      0.22710319324722184,
      0.7957563775459994,
      0.5848636850024898,
      0.9513743724371871,
      0.09511916040574064,
      0.46089376742698995,
      0.027475684173515202
    ],