{
  "step": 35,
  "insect_id": "Ant",
  "timestamp": 1753377453.5730164,
  "sensory_input": {
    "visual": [
      1.4991213692462277,
      0.8972154292399651,
      0.032756975338947565,
      0.052895553898392345,
      1.0095329946961313,
      -0.4377773324783793,
      -0.4150346113700255,
      0.03473134142639424,
      -0.7211250058211973,
      -0.6847083183559858
    ],
    "olfactory": [
      -0.629458411287564,
      -1.3228735941002445,
      -0.016514350589654614,
      -0.5712025934711007,
      0.3715823788275765
    ],
    "pheromonal": [
      -2.645639159381953,
      -0.6117817770355367,
      -0.8816552005812974
    ],
    "mechanosensory": [
      -0.6889857947370015,
      -0.09433440061385205,
      0.9206862878793429,
      -0.65643741718422
    ]
  },
  "processed_output": {
    "visual": "[-0.00252415  0.05729844 -0.2978067   0.08909043 -0.30979708 -0.28113873\n -0.0568993  -0.23862459 -0.06389463  0.05471572 -0.00389756 -0.21933044\n  0.37802277 -0.15347159  0.11650111  0.25294856 -0.16806304 -0.11858283\n -0.12059317 -0.28590051 -0.26027402  0.37464834 -0.13121442  0.08639168\n -0.37303068 -0.12019393 -0.16843738 -0.24333712 -0.17323974  0.1218135\n  0.03013262 -0.01435613  0.0871761   0.03544177 -0.01932405  0.25442622\n  0.0841257  -0.31878294  0.09265742  0.01815267 -0.11724039  0.37647496\n -0.34698269  0.20781223  0.35965426 -0.20691439  0.06714688  0.20167536\n -0.09794086 -0.43398827  0.18440055  0.0654793   0.24776951  0.05826901\n  0.23667317  0.15049252 -0.25836014  0.32604183  0.23184024  0.03625428\n  0.0790448   0.15420028 -0.08062276  0.00068585 -0.05464031  0.13935817\n  0.33686625  0.07657761  0.58953904  0.31843209 -0.16611376 -0.16350446\n  0.12381081 -0.16545519 -0.0793418   0.15519857 -0.17067663  0.15497892\n -0.02737796 -0.37270023 -0.09692831  0.24997893 -0.31826869  0.23195087\n  0.17204107 -0.04761628 -0.31062565 -0.02467316  0.19793818  0.16856399\n -0.2929018   0.22795769  0.21407929  0.37874526 -0.25124182  0.04221128\n  0.06236979  0.4121047   0.01697908 -0.02604707  0.38186069 -0.07506849\n  0.1523781   0.33803295 -0.03778861 -0.01457313 -0.05781885  0.09026548\n  0.14196737  0.26775567  0.1932333  -0.23887025  0.02959425  0.21171654\n -0.19848336 -0.07854104  0.18163836  0.12857893 -0.1980002   0.18154354\n -0.24210127  0.11617057  0.03216706 -0.42267392  0.05112075 -0.05734587\n  0.17714186 -0.19817442 -0.1969881   0.19716628  0.0286318  -0.05178358\n -0.05754176  0.24758488  0.47596179  0.04316763 -0.38857404  0.03711036\n  0.11740891 -0.30127353 -0.00728394 -0.12326305 -0.41342292  0.15629306\n  0.16706829 -0.41171309 -0.00153635 -0.32733188 -0.08128984  0.35397371\n  0.2806897   0.37212606  0.1904497   0.34036152 -0.04796827 -0.09048714\n -0.01257214  0.25250311  0.10380944  0.0467489  -0.14357271 -0.05467704\n -0.19107263 -0.02043742 -0.07955221 -0.08847688  0.23165919 -0.48079856\n -0.39635158  0.29812929 -0.05884617 -0.17447337  0.42153414 -0.24721984\n  0.22699375 -0.19463824  0.0307857  -0.08992682 -0.13876777  0.05053823\n -0.04749777  0.19897895 -0.23149581  0.23494123 -0.04363774 -0.13164242\n  0.15205137  0.02997593  0.22019478 -0.14445932 -0.17581136  0.14784901\n  0.12545132  0.08581929 -0.23846976 -0.03794538  0.00781593 -0.55120016\n  0.54026293  0.25699901]",
    "olfactory": "[ 0.47247533 -0.1846937  -0.28361536  0.17069893 -0.2921783   0.06494387\n -0.0996193   0.24165256  0.16382075  0.1484866   0.07439482 -0.32829649\n -0.09896104  0.08826582 -0.09213618  0.00924193 -0.14291177 -0.08463738\n  0.04697317  0.06431976  0.25682761 -0.26098695 -0.10892878 -0.20364404\n  0.13191967 -0.23456182  0.10181639  0.13969824  0.05340428 -0.07386895]",
    "pheromonal": "[ 0.27944806  0.21414556 -0.14519056 -0.118044   -0.20634371  0.21043532\n  0.08586045  0.01874487  0.18734723  0.45028957  0.06205333 -0.66905756\n  0.03152969 -0.34254512  0.07451667 -0.13156896  0.27784792 -0.06984929\n  0.20610449 -0.05154857  0.49546838 -0.37427948 -0.30740977 -0.34096594\n -0.04971095 -0.44844574  0.16011604  0.29647433  0.22528342 -0.26510533]",
    "mechanosensory": "[-0.04012055  0.02301285 -0.03510341  0.04332635 -0.04649062 -0.08748617\n -0.11654212 -0.00295813 -0.01126209  0.15045094 -0.14486823  0.21820863\n  0.03861411  0.19446651  0.01184935 -0.13308862  0.02253459  0.12933788\n -0.22387808 -0.06693207 -0.095097    0.05798975 -0.1383714  -0.07405509\n -0.06747205  0.02531126 -0.17437065 -0.02630649  0.03015214 -0.15765269\n -0.00170225 -0.19608153  0.19451924 -0.22978943  0.14679629  0.12842445\n -0.03265137  0.17368813 -0.17006578 -0.08242361  0.04989865 -0.14065053\n  0.01974944 -0.03069507 -0.15697087 -0.13899594  0.00500252 -0.06020433\n -0.07497411 -0.07978526 -0.31022129 -0.0689029  -0.03553894  0.08492192\n  0.06419254  0.00129925  0.34178557 -0.01521953 -0.13618312  0.06866098]"
  },
  "neural_activity": {
    "mushroom_body": [
      0.4924007237947772,
      0.14693464607642892,
      0.767210702383254,
      0.6248820631260946,
      0.9864482839136465,
      0.33642038262559837,
      0.4422341246408278,
      0.9350583906263176,
      0.8758108280827299,
      0.364067756289724,
      0.02099672115939233,
      0.3653858631904884,
      0.8151629850456615,
      0.6140212660019688,
      0.32891618603502437,
      0.18893806693942827,
      0.7905736907455317,
      0.49916065962944123,
      0.19717420637235406,
      0.9213049964468009,
      0.447226947943287,
      0.7632966728025157,
      0.8032316000008118,
      0.5535376916288629,
      0.07895300729288246,
      0.37207011325454553,
      0.17281634483101527,
      0.9955464920855303,
      0.7331206509221954,
      0.5386381999688542,
      0.39924139702265893,
      0.2069417262349741,
      0.18638278300294076,
      0.5276332937882693,
      0.6015984856107799,
      0.738477463568368,
      0.012070075146157544,
      0.39691921306107414,
      0.9742478701988332,
      0.24929524690375904,
      0.2769088846934247,
      0.5292959918493957,
      0.07966113583142909,
      0.21578219897423678,
      0.7698762304225306,
      0.28290490199427065,
      0.9405319902264295,
      0.6002708120426894,
      0.45739250176265134,
      0.4463890668275149,
      0.9356395009266144,
      0.2565397437437217,
      0.45391089141763574,
      0.6693230026315135,
      0.02617703582476605,
      0.02531896787827681,
      0.5251034861530219,
      0.7031803637078137,
      0.058529304862222964,
      0.01939748304062039,
      0.5974268143442467,
      0.12381889677257696,
      0.6523379317512753,
      0.9321946265931902,
      0.591086092657511,
      0.1240378689225623,
      0.9362653987395712,
      0.5070649457786084,
      0.0919345703443104,
      0.7666644812076299,
      0.08779127460972835,
      0.33673866917057105,
      0.5896370886961854,
      0.2909284330490943,
      0.7323145070044182,
      0.7236888826592979,
      0.5710198786593059,
      0.7176901664961559,
      0.24203636076752333,
      0.41260492944946736,
      0.8738631246179162,
      0.4024116122514887,
      0.24035654060282785,
      0.3736574116109701,
      0.03336379466983419,
      0.6106387280493265,
      0.9364508555576203,
      0.22944403673237168,
      0.4365801853721185,
      0.8738519447485829,
      0.5050267126920194,
      0.453349231079773,
      0.993777465048396,
      0.3051647484911183,
      0.5080186252800102,
      0.5197698326970429,
      0.18403870897738006,
      0.28479427375720423,
      0.10024162543381976,
      0.18808052763581162
    ],