{
  "step": 33,
  "insect_id": "Honeybee",
  "timestamp": 1753377453.5467293,
  "sensory_input": {
    "visual": [
      -1.2645221227681644,
      -0.9009776346015554,
      1.5466100250585237,
      -0.3925026270735331,
      1.0106105340162868,
      -0.6956234745329364,
      1.0013829617957763,
      1.8327986454670042,
      2.008474575341174,
      0.5390713409632722
    ],
    "olfactory": [
      -0.5371338498935277,
      -0.06681426041976721,
      -0.016227724056914125,
      -1.2595929860960742,
      -0.15908927951374563
    ],
    "pheromonal": [
      -1.0015101948677327,
      -0.17400590068948116,
      1.730138281957623
    ],
    "mechanosensory": [
      1.2634276463405483,
      -0.10888919546500848,
      -1.0219378769702354,
      -0.9101487264355893
    ]
  },
  "processed_output": {
    "visual": "[-0.34486667 -0.06484875  0.17289509 -0.13169865 -0.22598976  0.25947356\n -0.51132418  0.26887928 -0.04669988 -0.31025848  0.29400843 -0.34426741\n  0.50202161  0.42422962  0.25535626 -0.01607125  0.04229672 -0.49445118\n  0.2764215  -0.08488892 -0.08837254 -0.32014677  0.1666103  -0.38076628\n  0.57203573  0.3650842   0.14795079  0.42664974 -0.60812867 -0.05639222\n -0.05060652 -0.32406514  0.2025696  -0.49853322 -0.2961118   0.25922786\n -0.07792125  0.33094647 -0.37133189  0.45983305 -0.10039531 -0.24031126\n -0.0409761  -0.36101991 -0.58535371  0.09655509 -0.30952261  0.50308188\n -0.23531643 -0.15277658  0.17967581  0.47609431  0.53151088 -0.41865674\n -0.223248    0.26109378 -0.34057432 -0.01940979 -0.2204014  -0.2351292\n  0.65728698 -0.39438669  0.36063826  0.56402151  0.22758097 -0.23782755\n  0.46797034  0.08007214 -0.67018758 -0.15231701 -0.22426082  0.08633193\n  0.04360403 -0.30731089 -0.50797378  0.07417347  0.38214037  0.73671448\n -0.46132177 -0.3378848  -0.47676828 -0.40638567  0.28350248  0.05900823\n -0.53810126 -0.45980664 -0.28363061 -0.38766091 -0.20340142 -0.58219324\n -0.19393945 -0.19023086 -0.65741304  0.01052603 -0.14615672  0.38946835\n  0.0074739  -0.75220845  0.54910996 -0.16278118  0.43070204  0.59438853\n -0.05654629  0.01475892 -0.18674869  0.04102201 -0.62882553  0.04240533\n -0.18175034 -0.03369792 -0.40808496  0.24921508  0.14986842  0.21878704\n -0.78322179  0.74886703 -0.22691746 -0.43333954  0.52599261  0.32557177\n -0.22271823 -0.31072402  0.24805429 -0.11448009 -0.11357592  0.06349344\n -0.1746103   0.11919008 -0.45170921  0.31579431  0.16921982 -0.1288683\n -0.52411367  0.48155382  0.05170449  0.19325153  0.24644146  0.39150453\n  0.01304566  0.54819123  0.08555036 -0.41237812  0.02280418  0.45741181\n -0.54863845  0.40950893  0.11720123 -0.04401768 -0.03441486 -0.29519993\n -0.06484386  0.62940633 -0.13740826 -0.62118734 -0.04549956 -0.40090103\n -0.6002227  -0.14613354  0.16687453  0.13736473  0.5245237   0.54652577\n  0.12207623  0.19121297  0.27557355 -0.08900523  0.34954872  0.34789189\n -0.02771728 -0.53329343  0.29788975  0.26351238 -0.38064827  0.65616327\n -0.00812638  0.40756834  0.13812543 -0.47351588  0.00404559  0.28325211\n  0.58431945  0.33962448  0.17320471 -0.14170859  0.60231853 -0.02775885\n  0.14989705 -0.08619858 -0.1057648   0.41140962  0.07198379 -0.10611116\n  0.55569895 -0.33429325  0.06386516 -0.09554115  0.20290125  0.04728487\n -0.24186065  0.12690356]",
    "olfactory": "[-0.18556665 -0.21078893 -0.02909381  0.24772139  0.36487248  0.17129543\n -0.22033189  0.15107031 -0.12592326 -0.0476098  -0.04454797  0.18271126\n  0.02583006 -0.12977974 -0.04575635 -0.07888164  0.05311511  0.1986076\n  0.21484041 -0.19007402  0.09416691 -0.2062762   0.18204543 -0.0962835\n  0.28735642 -0.11894308  0.06662399 -0.11798588  0.0375148   0.0196352 ]",
    "pheromonal": "[-0.19937108  0.30934317  0.16621682  0.24766151 -0.3883128   0.35735856\n  0.15750505 -0.01310997  0.3362654  -0.09292437 -0.25665178  0.31744889\n  0.03235787  0.11263246 -0.34594982 -0.13498537 -0.0207641  -0.04459295\n  0.22551592  0.39108919 -0.0691011   0.11550043  0.00062899  0.20744416\n -0.31446784 -0.0733731   0.01477446 -0.13959927 -0.15297532 -0.06214318]",
    "mechanosensory": "[-0.26891724  0.00442021  0.03757683 -0.00391666 -0.12190696  0.08462032\n  0.07236094  0.05576559 -0.44993009 -0.09394051  0.24580139  0.00120031\n  0.29364752  0.08220385  0.176806   -0.19389966  0.32975386 -0.19370452\n  0.04823449 -0.06919842  0.12667521  0.16646309 -0.16985907 -0.3244385\n  0.06820316  0.10373249 -0.00830404 -0.15220218 -0.46938731  0.20805502\n  0.12777396  0.29076439  0.01650732  0.2149077   0.09660177 -0.27702263\n -0.08929191 -0.35102984 -0.16365918 -0.00073982  0.02426473 -0.36212118\n  0.00821818 -0.37740051 -0.04375784  0.02774648  0.08029012 -0.1820344\n -0.03319575 -0.01257709 -0.06920865 -0.12170719  0.13928919  0.08322988\n -0.09655874  0.11929614  0.18656259  0.22117784  0.02704765 -0.12026348]"
  },
  "neural_activity": {
    "mushroom_body": [
      0.12635954055289922,
      0.6510662603041527,
      0.6627929837081565,
      0.9059514415899972,
      0.694024905970108,
      0.13032535785611132,
      0.6785700910874193,
      0.25181423548906845,
      0.9354434499568303,
      0.9820695225306735,
      0.35894562736900226,
      0.09852715118231181,
      0.294853150261539,
      0.7462912346894797,
      0.7870932401371551,
      0.07062982415768515,
      0.48313936540704683,
      0.6622209359526908,
      0.115399259873879,
      0.6872873456110286,
      0.6981114122053442,
      0.504124699964496,
      0.8683273200191458,
      0.7166708401294236,
      0.6182749276751418,
      0.6232014757378306,
      0.39529436063508416,
      0.38233751371397573,
      0.7167883560053652,
      0.44552297638641014,
      0.9047130954552666,
      0.021405918043153394,
      0.7727889117003455,
      0.6159269939967781,
      0.06738501744015668,
      0.32597272676736,
      0.3087168672643883,
      0.9038271378155378,
      0.23784856178197233,
      0.18904989841550568,
      0.2210457214133057,
      0.848521080227047,
      0.3413897391223164,
      0.9617188178997028,
      0.787246394196182,
      0.10829421222201396,
      0.6481604816985572,
      0.7469217894494218,
      0.03391105392878513,
      0.15653537504224724,
      0.9992419020899515,
      0.6853055751030905,
      0.25484180859629757,
      0.9989993979407218,
      0.6524217395054385,
      0.6347337365749102,
      0.744143846619154,
      0.5150140806392638,
      0.7356517947329767,
      0.6376489951475847,
      0.45323207581238756,
      0.37210842438874125,
      0.7037428860280608,
      0.23895712561486693,
      0.5940955300660384,
      0.9945112193658604,
      0.707620198578572,
      0.9534313058612712,
      0.7114461577312933,
      0.4395467057289705,
      0.49249444180522495,
      0.06731022572559242,
      0.27550073951848686,
      0.8881137570119427,
      0.8104454683630198,
      0.58025781616706,
      0.5300344472969072,
      0.07180701688387292,
      0.3757757212457067,
      0.300809054944117,
      0.8118121304991793,
      0.8542922211831256,
      0.9187886496881005,
      0.9817062663157549,
      0.5612733835334486,
      0.2686584688003274,
      0.5043663782398784,
      0.18781304522437448,
      0.71123547918031,
      0.2222548857108344,
      0.5264317813777212,
      0.9750138797195244,
      0.07515074344946227,
      0.2914045013201676,
      0.7958427234065533,
      0.45715523003574077,
      0.5492189810560055,
      0.28384337953527417,
      0.4591770410905638,
      0.27511237675800737
    ],