{
  "step": 18,
  "insect_id": "Fruit_Fly",
  "timestamp": 1753377433.9348605,
  "sensory_input": {
    "visual": [
      -0.10152676340812043,
      -0.6937678024242259,
      -0.545830156839945,
      1.1298524375125074,
      0.9404773029229105,
      -1.3858889142208217,
      -0.30283881231500426,
      -0.5859859767581979,
      0.31337206461298683,
      -1.5716226479385065
    ],
    "olfactory": [
      3.3210906489457956,
      1.3989955113853711,
      1.8474009810207823,
      -0.7048628518214703,
      2.2547112839257655
    ],
    "pheromonal": [
      -0.7749492727939836,
      -0.3488901395081446,
      0.17933370593718947
    ],
    "mechanosensory": [
      -0.37488386429687753,
      -0.6720524524347646,
      1.2841799679664467,
      1.7956768691251175
    ]
  },
  "processed_output": {
    "visual": "[ 2.02055420e-01 -4.53701564e-01 -5.66936226e-02  1.87162720e-01\n  6.30166420e-05 -5.52453133e-02 -2.89838014e-01 -3.12657755e-01\n  4.60146430e-02  1.88363058e-02  1.02924846e-01 -2.97759421e-01\n -2.47151094e-01 -3.01460275e-01  2.64883066e-01  2.27128270e-01\n  1.05976644e-01  3.48852562e-01 -1.54552852e-01 -7.24206737e-03\n -1.00135371e-01  1.78689563e-01 -8.47586306e-02 -8.61904147e-02\n -9.29112267e-02  1.16903107e-01  3.85742614e-01  8.06203656e-02\n -2.37057622e-01  1.50223650e-01  7.95253638e-02  5.09964957e-02\n -2.45111966e-01  7.52166969e-02 -1.68789267e-02 -1.73135547e-01\n -1.72124257e-01  3.20711856e-01  2.95595687e-01  1.56282464e-01\n -5.97725975e-01  5.69976775e-02  3.30642561e-01 -8.88503717e-02\n -1.60414299e-01 -2.61307958e-02 -4.92487117e-02  1.55322755e-01\n -5.24373660e-01 -9.55639135e-02  7.20772149e-02  1.36104643e-01\n -1.48783017e-01  1.21666844e-01  3.79164634e-01  2.08306769e-01\n -4.03010448e-01  1.75322787e-01 -3.19732403e-01  4.94854937e-02\n -1.30136596e-01  3.96104547e-01 -1.43126713e-01 -1.52757244e-01\n  3.83920887e-02  1.57679808e-01 -6.57875584e-01 -1.46649878e-01\n -5.20795416e-01 -3.58352771e-02  8.28250408e-02  1.20153041e-01\n -2.34539517e-03 -8.61408773e-02 -1.14961135e-01  2.61336680e-01\n -3.82793002e-02 -4.64519517e-01 -3.55310324e-01  3.76704498e-01\n -1.47313883e-01 -1.05659636e-01 -6.90633383e-02 -1.90461071e-01\n -1.39050989e-01 -1.46150207e-01 -2.51453700e-01 -2.04252690e-02\n -2.72004607e-01 -8.26724519e-03  1.44709766e-01 -2.77107104e-01\n  4.45617550e-01 -4.59890585e-01 -2.43964068e-01 -1.34770402e-01\n -3.64481107e-02  2.72940606e-01  2.05558789e-01  8.77583549e-02\n  5.02500626e-02 -3.67116184e-01 -4.77219807e-01 -3.03173996e-01\n -1.41332202e-01  3.66663434e-01 -1.40063395e-01 -3.66287494e-01\n -2.45502805e-01 -2.10860389e-01  1.42030587e-01 -1.23188116e-01\n -1.09611646e-01 -9.66353397e-06  8.51498768e-02  4.83358498e-01\n  7.75337252e-02 -1.55591104e-01  2.21927448e-02  1.09315933e-01\n  2.42764926e-01 -3.57524904e-01 -2.40708057e-01 -3.70595173e-01\n  7.46125708e-02  3.70137226e-01  6.74389336e-02 -1.61008501e-01\n  2.04931016e-01  2.40511917e-01 -5.35114298e-01 -2.48438070e-01\n  4.98865168e-03  1.33066971e-02 -3.74259466e-01 -2.91659870e-01\n -2.41557317e-02  2.26875035e-01 -1.87052308e-02  2.61184690e-01\n  7.27057849e-02  3.89405558e-01 -1.59651985e-01  1.45842176e-01\n  3.90217534e-01 -8.19142784e-02 -5.72107325e-02 -2.02509722e-01\n -2.38709656e-02  3.95036324e-01 -2.80433168e-01 -3.21245619e-01\n  2.13023308e-01  5.59628810e-01 -2.96217105e-01  1.29289703e-02\n -1.69854064e-01  3.05915250e-01  9.66973587e-02 -1.30922955e-01\n  7.46399523e-02  2.60581452e-01  4.26743444e-02 -2.14104151e-01\n  5.90034456e-02  3.28736406e-01 -2.95060262e-01  1.57556479e-01\n -2.75753867e-01  3.58419192e-01 -2.37748786e-01 -1.74712805e-01\n -7.69962727e-02  1.69635616e-01  6.46026297e-02  4.91564875e-01\n  4.11878890e-01 -7.31898815e-02  5.84314410e-02  7.42349045e-02\n -3.38422151e-01  2.03799271e-01  1.73990080e-01 -1.39060292e-02\n  5.59992303e-01 -7.30564177e-02 -1.18607763e-01  1.87621965e-01\n  1.01764089e-01  4.18843586e-01  4.43860720e-01 -8.41777656e-02\n  6.17174938e-02 -3.70872812e-01 -1.07628167e-01 -3.86734425e-02\n  2.54348895e-01 -3.45836208e-01  5.59069602e-02 -8.36116146e-02]",
    "olfactory": "[-0.43407846  0.10924369  0.08634465 -0.16644999 -0.35201972  0.34379147\n  0.65300342  0.2246108   0.40918759  0.70760213 -0.00679636 -0.48002186\n  0.22889023 -0.18708004  0.44792867 -0.28099793 -0.20286335 -0.67450062\n  0.11571609 -0.05678457  0.08357718 -0.3604767   0.59775736  0.26848135\n -0.70481106 -0.25256267  0.36954685 -0.05038419 -0.13903647  0.50806814]",
    "pheromonal": "[ 0.04388994 -0.09148413 -0.01562694 -0.02394158 -0.11885013 -0.00674276\n -0.1450674  -0.09627078 -0.06640526 -0.1652792   0.00380559  0.06416785\n -0.0303935   0.06867799 -0.11858331  0.11292659 -0.0368748   0.1533858\n -0.01928461  0.0726826   0.01674131  0.13545938 -0.09364103  0.05080815\n  0.09891548  0.06049287  0.0610883  -0.04606074 -0.14169365 -0.08118703]",
    "mechanosensory": "[ 0.17725456 -0.27059985 -0.29796646 -0.03634213  0.04483564  0.05057987\n  0.2989261  -0.1401734  -0.2262128  -0.43152643 -0.08326014 -0.37154167\n  0.00546966  0.1037081   0.26868097  0.06978161  0.24492337  0.04189298\n  0.05191835 -0.08518734  0.06884388  0.06505336  0.04240709  0.56141807\n -0.04895247  0.25137891  0.13311695  0.28434414  0.19481485 -0.26182495\n  0.11259753 -0.27374318  0.01040322  0.08737315 -0.06034035 -0.01705283\n  0.22134943  0.09721734 -0.04638449  0.17137169 -0.32921904 -0.01921841\n  0.26522889 -0.33320947 -0.07199287  0.24436055  0.09206022  0.19455218\n  0.20197218 -0.4520324  -0.25666258 -0.42248612  0.28997305 -0.20265599\n -0.37450758 -0.01033279  0.13902935  0.25663526 -0.05311178 -0.06153575]"
  },