{
  "step": 30,
  "insect_id": "Honeybee",
  "timestamp": 1753377453.5098553,
  "sensory_input": {
    "visual": [
      -1.1756456164496711,
      -0.026490447788826626,
      0.42408100974749824,
      -0.6555068547427192,
      0.1864774339422558,
      0.6817187025784737,
      -0.5030795016018245,
      0.26081554630836307,
      0.2871050502448543,
      -0.25974421614107324
    ],
    "olfactory": [
      1.1955584550201488,
      -1.9634903371309325,
      1.8517375296747953,
      0.7848866495903924,
      -0.14119799548717635
    ],
    "pheromonal": [
      -0.9496021458456221,
      0.7122993037334349,
      0.07745882381384919
    ],
    "mechanosensory": [
      0.07227793104211937,
      -2.0836613148766663,
      0.5553033079858329,
      1.5637009403031814
    ]
  },
  "processed_output": {
    "visual": "[-1.81142082e-01 -7.20291274e-02  2.70760932e-01 -3.08022168e-02\n  7.32166291e-02  6.41147690e-02 -3.15134258e-01  1.35220301e-01\n -2.86749834e-02  6.69979726e-04 -4.21337042e-02  1.86371418e-02\n  3.92348554e-01  3.26852333e-01  6.68962251e-02 -5.40607128e-02\n  6.41992048e-02 -1.61776960e-01  5.06701716e-02 -7.01843219e-02\n -4.81511085e-02  1.24576589e-01  1.79288424e-01  2.57281241e-03\n  2.05497284e-01  5.11993168e-02  1.27328709e-01  9.78772448e-02\n -2.50917235e-01 -1.59174462e-01 -6.31301566e-02  2.14710020e-01\n  1.08100483e-01 -1.09433374e-01 -6.15860804e-02 -2.15450163e-01\n -1.26670096e-01  3.56902277e-01 -1.70346873e-01  1.16407948e-02\n  1.35004434e-01  9.68868303e-02  1.29737191e-01  1.59354423e-03\n -1.82110337e-01 -1.39547354e-01  5.95568851e-02  1.21301065e-01\n -2.22982544e-01  8.71559929e-03  1.04735836e-01  3.26134651e-01\n -2.87120888e-02 -5.96155175e-02  2.08406378e-01 -1.82729389e-01\n -2.27717782e-01 -1.47506342e-01  4.93610996e-02 -2.13681533e-01\n  1.53692855e-01 -3.50783586e-02  1.39376733e-01  2.73858559e-01\n -3.02918164e-01 -9.27888553e-03  1.58771522e-02 -1.58628474e-01\n -2.49355534e-01 -7.26001487e-02 -2.37201607e-01 -3.39694427e-02\n  1.36484818e-01 -7.09314471e-02  1.19219848e-01  1.55954830e-01\n  2.54934080e-01  2.02366533e-01 -2.86034649e-01 -3.06462940e-02\n -9.95486729e-02 -3.17203283e-02  2.57209767e-01  8.25662527e-02\n -5.34522599e-02 -2.68235316e-01 -1.75939126e-01 -2.34516007e-01\n -4.00260535e-02 -9.34753263e-02  6.76540348e-02  3.31990173e-01\n -1.49782518e-01  3.91889271e-02 -4.06480903e-01  2.53287647e-01\n -7.03706365e-02 -3.14720277e-01  2.28742777e-02  1.79025013e-01\n -3.67198694e-02  1.44793692e-01  3.69589145e-02 -4.84152705e-02\n  1.73373239e-01  9.43807577e-02 -2.56823628e-01 -9.74564509e-02\n  4.08920682e-02  5.07356601e-02  4.70635751e-02  1.47458824e-01\n -3.23614846e-01  1.70803002e-01 -2.28291417e-01  3.41065462e-01\n -1.23118365e-01 -6.63771009e-02  9.11059547e-02  8.48628062e-02\n  2.94171150e-01 -3.96921476e-02  1.11057007e-01 -5.91819952e-02\n -4.41575346e-02 -2.58920229e-01 -2.71526160e-01  6.24083731e-02\n -3.15115882e-01 -2.38289713e-01 -2.58914547e-01 -1.42464448e-01\n  7.27102422e-02  6.82602028e-02 -8.58369807e-02  1.69009210e-01\n  1.80108390e-01  3.80293547e-01  6.14021574e-02  2.78498614e-02\n -1.47503977e-01 -2.37510047e-01 -2.07351052e-01  3.59614779e-03\n -1.63896931e-01  1.37806684e-02  1.72448611e-01 -1.90219755e-01\n  1.84715766e-02 -9.90325818e-02  6.88567387e-02 -1.10362960e-01\n -7.77388560e-02 -5.44344721e-02  1.64537100e-01 -4.19489660e-01\n -9.66794720e-02  5.27171583e-02  4.23796271e-02 -1.57435637e-01\n -2.82118284e-01  2.26543465e-01 -1.48608259e-01  1.30845223e-01\n -1.77318688e-02 -1.66424184e-01 -7.16261567e-02  6.44452026e-02\n  1.45851241e-01 -2.58885330e-01  3.98963327e-01  8.69985170e-02\n -2.62824793e-01  2.11007340e-02 -2.49565399e-02  1.53126538e-01\n -2.76339440e-01 -8.15625140e-02  9.41998274e-02 -1.04273242e-01\n  1.28494806e-01  6.48682053e-02  4.74414291e-02  1.66078687e-02\n  3.81204515e-01 -6.61791644e-02 -1.85075396e-01 -1.34777197e-03\n  9.23840704e-02  3.31430204e-04  4.43247651e-02 -1.10882684e-01\n  1.30908122e-01 -2.74021203e-01  1.00235209e-01 -1.88685025e-01\n  2.22927853e-01  3.33133040e-02 -9.04551104e-02  3.83453616e-02]",
    "olfactory": "[-0.05062976  0.29748893 -0.01481846  0.25790631 -0.70961183  0.1408123\n  0.31198476 -0.16470961  0.13154198  0.43831813 -0.60054267  0.10193066\n -0.19417489  0.26124942 -0.21403122  0.54239035  0.12680842 -0.04602285\n -0.2525082   0.1902444   0.00082747  0.61112649  0.05191464  0.18065119\n -0.67072312 -0.19773339  0.05860694 -0.01266589  0.53457365 -0.20122767]",
    "pheromonal": "[-0.01455482  0.09280041  0.09227506 -0.02022648  0.07345803  0.09490357\n -0.01357899  0.01058101  0.14538288 -0.22893421  0.17910924  0.08349826\n  0.09011159 -0.03897447 -0.07755413 -0.30367064 -0.05911874 -0.05489705\n  0.17127622  0.17278725 -0.0574209  -0.19528689 -0.05037266  0.06356175\n  0.105179    0.07233481 -0.04087442 -0.02160191 -0.3311024   0.04206262]",
    "mechanosensory": "[ 0.02987738 -0.35967435  0.17999014 -0.06495764 -0.04824081 -0.35719039\n  0.39792203 -0.0790833  -0.035079    0.23056819  0.07309453 -0.24266002\n  0.31839567 -0.42775089 -0.23258093 -0.21947816  0.10752218  0.18760265\n -0.16467165 -0.30221404  0.10767295 -0.21333913  0.09675172 -0.20160907\n -0.07758205  0.09361426  0.16594883  0.06736372 -0.32808035 -0.0643238\n -0.02735246 -0.54117649  0.41491028 -0.32112135 -0.04198089 -0.33018299\n  0.18028657  0.33553507  0.14632225  0.13629309 -0.2030119   0.16264126\n  0.22499245  0.22600509 -0.03415239 -0.07811463  0.46544238  0.37487057\n -0.10004162  0.20071689  0.06941012  0.09398566  0.35212943 -0.03464713\n -0.227588   -0.08907754 -0.33177011 -0.25887934 -0.12846402 -0.29169496]"
  },