{
  "step": 70,
  "insect_id": "Fruit_Fly",
  "timestamp": 1753377473.763923,
  "sensory_input": {
    "visual": [
      2.9002145021804027,
      0.18498185906345385,
      0.4247945806846658,
      1.358090646120591,
      0.7808299368037265,
      -0.12101203951317449,
      -1.2401638968829547,
      0.3889842942254517,
      1.4468116952955306,
      0.823776730920402
    ],
    "olfactory": [
      -1.7007341116207315,
      -0.5459148142200427,
      -0.10050358865363591,
      -0.4049564658798337,
      0.8415220063953556
    ],
    "pheromonal": [
      0.29031102027082284,
      0.8168992273480533,
      -0.1960563035447282
    ],
    "mechanosensory": [
      -0.31326381103203477,
      -0.09799627213544182,
      -0.24994969404841633,
      0.11064644354029465
    ]
  },
  "processed_output": {
    "visual": "[-0.24939545 -0.53405517 -0.44751081 -0.2766495   0.68711114 -0.1621981\n  0.19416505 -0.092983    0.12461164 -0.1577315  -0.1367407   0.02863068\n  0.10297717 -0.61492636 -0.01838475  0.48768642  0.18193723 -0.01416264\n -0.68842409 -0.11387653 -0.30849744  0.33846014  0.28120779  0.09155051\n  0.31651551  0.51317567 -0.58364191  0.56629531 -0.37505458 -0.2859545\n -0.02311343  0.77876068 -0.75617568  0.56759402 -0.00880305 -0.22458505\n  0.32655262  0.20057848  0.06266911  0.06540337  0.47209735 -0.61816541\n -0.08469778  0.02698918  0.29432224  0.69189532  0.1355702  -0.42327361\n  0.55596682 -0.21793517  0.39449273 -0.48395826  0.50895206  0.08603677\n  0.16489518 -0.4436619  -0.27902214 -0.01623172  0.48205223  0.18949208\n -0.63554849 -0.12220311 -0.49340774  0.06819845  0.52927844  0.46611917\n -0.34805932 -0.23175262 -0.08037606 -0.06191723 -0.24244688  0.32281379\n  0.22706397  0.44623711  0.21688401 -0.48029125  0.29763705 -0.10702721\n -0.39260437  0.40643693 -0.24040266 -0.06874516  0.17638885 -0.29095252\n -0.50542907 -0.53861077 -0.06973757  0.0049394  -0.16018618  0.46193641\n  0.10749365 -0.0995891  -0.21651956  0.19217538  0.3177845  -0.05204008\n -0.35925564 -0.27947333  0.38963223 -0.0355794  -0.28502232 -0.14720277\n  0.04740087 -0.24618851 -0.17366322 -0.26084118  0.55768511  0.07237064\n  0.26223501 -0.76161713  0.2316721  -0.21643     0.5864398   0.07457144\n -0.00763651  0.23060112  0.10186094  0.53811069  0.02161574  0.32108687\n  0.00934467 -0.19612624 -0.29430548 -0.00902004 -0.24411117  0.0793416\n -0.24735295  0.13802512 -0.1176964   0.05495081  0.48133686  0.20383838\n  0.33335713 -0.25124952 -0.32297661  0.31684544 -0.14854646  0.03956456\n -0.47356925  0.63285677 -0.45221358  0.29822742 -0.49471925  0.37316142\n -0.53871235  0.00569773  0.1209865  -0.17392098  0.00664806 -0.658403\n -0.07353079  0.41196328 -0.38963992 -0.15985557 -0.27789619 -0.10226995\n -0.02671823  0.21694228  0.66457575  0.44832539 -0.07471964 -0.54203045\n -0.51460783  0.0763459  -0.26256979 -0.77450407 -0.13754566  0.14037707\n -0.16881747 -0.13521456  0.01836006 -0.59651384 -0.06606065  0.077127\n  0.2297647   0.21078694  0.10965299 -0.31495665  0.60731771  0.15868292\n -0.52627966  0.43202451  0.43887548  0.09384007  0.15709644 -0.4520592\n -0.03139584  0.60502598  0.12479006  0.39207749 -0.34419213 -0.25267738\n -0.1919796   0.00914536  0.37997769 -0.04420833  0.54995371  0.6254968\n -0.03370948  0.1377194 ]",
    "olfactory": "[ 0.00367444  0.05573917  0.05542048 -0.13501182 -0.16977837 -0.01150385\n -0.25721118 -0.35168949 -0.17478736 -0.2947625   0.08720814  0.23135935\n -0.24880689  0.16198858 -0.11582411  0.02820182 -0.33455401  0.13260758\n -0.09365773  0.05020843  0.16021075  0.22382938 -0.14093266  0.15705747\n -0.05747361  0.11597098  0.213065   -0.0937888  -0.47503321 -0.2765077 ]",
    "pheromonal": "[ 6.75342277e-02  1.43845265e-01  7.09692467e-02  9.13055281e-02\n  1.54977600e-01 -7.40158255e-02  2.01610587e-01  6.89545822e-02\n  3.82521051e-02 -1.34223162e-02 -2.83798995e-02  1.24942304e-04\n  1.92956111e-02 -6.89683973e-02  1.27112671e-01 -1.53678404e-01\n  3.41281317e-02 -8.82585494e-02  1.87876956e-02 -1.65232461e-02\n -3.38942141e-02 -1.66470001e-01  2.03138688e-01 -1.36066433e-01\n -3.37918524e-02 -9.10582905e-02 -3.13449595e-02 -5.28991043e-02\n  3.94975254e-02 -3.51680931e-02]",
    "mechanosensory": "[-0.01128945 -0.02432994  0.01348464 -0.02489911 -0.03744631  0.0186531\n -0.05504042 -0.01945256 -0.00017303  0.05838982 -0.05128074 -0.00419652\n -0.0246096   0.00627975  0.03300946  0.04551165  0.02613193 -0.01747307\n  0.03632654 -0.01329703 -0.03449279 -0.05802135 -0.01403396  0.04527518\n  0.03577761 -0.0455947   0.04393703 -0.04768691  0.00144589  0.04183973\n -0.02501985  0.00781007 -0.00635471  0.04067855  0.03984264  0.00762928\n -0.04643277 -0.03000669  0.01538738  0.07850694  0.01246385 -0.04434289\n -0.00382834 -0.02225546 -0.02685903  0.03886194  0.01816866 -0.02096019\n -0.00660601 -0.07573475 -0.04890243  0.00574209 -0.08293599  0.00895717\n  0.02760301 -0.00733793 -0.00858101  0.01763775  0.02563906  0.00321952]"
  },
  "neural_activity": {
    "mushroom_body": [
      0.9573342550431373,
      0.5685218001748344,
      0.1532728767834156,
      0.440756085521535,
      0.4259028932173351,
      0.8065279792960456,
      0.735175839227128,
      0.5075710583125029,
      0.3182408848813949,
      0.1857101658658754,
      0.147293821091668,
      0.5144536606534947,
      0.45121488345427196,
      0.4906687440412314,
      0.9154397942576439,
      0.03221105435352989,
      0.5357325732152792,
      0.1382546922159048,
      0.36067250393003913,
      0.5332526610283069,
      0.8730295292421824,
      0.04063562036991242,
      0.7485949842136878,
      0.3405914174807766,
      0.18318381682710538,
      0.5600384713303344,
      0.1937550886838283,
      0.5397260475592325,
      0.5783223468361413,
      0.9653669883642755,
      0.4658507608321515,
      0.041218211917091296,
      0.9430155978024163,
      0.2674308460540551,
      0.7293295369440447,
      0.57561750059022,
      0.8256796537657,
      0.8151716530122752,
      0.5281132367497178,
      0.8266383224215215,
      0.7639307513444167,
      0.2648371836316852,
      0.5252438849384159,
      0.5541905466888357,
      0.37818191129782974,
      0.7450469935471635,
      0.2806576625628212,
      0.970184082071879,
      0.823677363336939,
      0.978073118620327,
      0.49119614886596097,
      0.6255023153178355,
      0.3681622586961123,
      0.27170809027288534,
      0.7049624491081308,
      0.9090151895400193,
      0.41775828586490404,
      0.6095412889618553,
      0.585938072687339,
      0.8930936343998793,
      0.9166908334120343,
      0.8584724743974405,
      0.4721485132611529,
      0.4807210850130702,
      0.966113607256765,
      0.14152773929286366,
      0.6864110737296917,
      0.8136470071682644,
      0.6496913523967113,
      0.8044161094802286,
      0.6584368982773874,
      0.7552418973233255,
      0.616923263713886,
      0.3417038976597814,
      0.3231289351313176,
      0.1544216935411289,
      0.7029083784993677,
      0.5724367368870931,
      0.2916010291694956,
      0.02198318626477036,
      0.1818806884802623,
      0.9196557994989446,
      0.6893228355088742,
      0.8528493442801934,
      0.33072324176447354,
      0.4919088973308279,
      0.9279620406010517,
      0.28301492112311355,
      0.076863264671996,
      0.21435225530737068,
      0.47425321392117226,
      0.3668784589614873,
      0.8654826015894379,
      0.22710319324722184,
      0.7957563775459994,
      0.5848636850024898,
      0.9513743724371871,
      0.09511916040574064,
      0.46089376742698995,
      0.027475684173515202
    ],