{
  "step": 35,
  "insect_id": "Honeybee",
  "timestamp": 1753377453.569536,
  "sensory_input": {
    "visual": [
      -2.2079703116933906,
      -0.3168181648413122,
      -0.5950217532737858,
      -0.2781403910367523,
      0.013665740973395376,
      -1.4870618715368633,
      0.278303642499758,
      -0.2440970263514543,
      0.45370174776091954,
      -0.5131524860080345
    ],
    "olfactory": [
      -1.2346571491426046,
      1.178196683543455,
      -0.37990549252034433,
      -1.0688714301261866,
      0.2672723028962372
    ],
    "pheromonal": [
      -0.41933433651498064,
      1.3630532780533995,
      2.585067506241462
    ],
    "mechanosensory": [
      0.5237303245381857,
      1.966981626906185,
      1.5111013361009298,
      0.12790921759889265
    ]
  },
  "processed_output": {
    "visual": "[-0.22388989 -0.23666975 -0.28953515 -0.09183784 -0.31535169  0.22169367\n -0.45648846  0.19852562  0.2940923   0.14407652  0.05287328  0.14657941\n  0.38302494  0.11782     0.33509446 -0.31950461 -0.25063872 -0.25895849\n -0.29720147  0.55722031  0.17806654 -0.39934134  0.04332865  0.04197452\n  0.45063056  0.35770665 -0.00378032  0.11924433 -0.37900406  0.15095244\n  0.06631898  0.04882801  0.36729187 -0.30586918 -0.39866474 -0.30233202\n -0.18789523  0.17822679 -0.09310229  0.04881042 -0.19455668 -0.00123034\n  0.3017972   0.17614339  0.36102035  0.19735147  0.22799611  0.200953\n  0.23835697 -0.03213331  0.03672705  0.30533626  0.08916614  0.00137551\n  0.2899823  -0.10969966 -0.26806684 -0.24070446  0.3203236   0.13428424\n -0.02308299 -0.01538274 -0.00338882  0.46436864 -0.09927632 -0.00275354\n  0.12576355 -0.17108471 -0.42044771  0.16575067 -0.30462219 -0.28910934\n  0.51018455  0.21459267 -0.01207785  0.16782649  0.14346206  0.47596165\n -0.50161061  0.45839222 -0.3110948  -0.4100302   0.10841288  0.14685258\n -0.08339066 -0.02270873 -0.21638854 -0.17692128 -0.2860837  -0.31266555\n  0.15450852  0.1578648   0.07482423  0.59131065 -0.46680189  0.06416016\n  0.21199166 -0.44207641  0.28075774 -0.41618101  0.16673079  0.01799508\n -0.10180765 -0.21853434 -0.03668499  0.29238907  0.06216193  0.1732109\n  0.22003928  0.28559317  0.0445492   0.17512667 -0.27047885  0.33216177\n  0.07193532  0.41525204  0.10689312 -0.42369987  0.31205154  0.09683892\n  0.12499611 -0.22146985  0.37799571 -0.69796534 -0.13383748 -0.33631483\n -0.08945341  0.30998951  0.20982778 -0.23827843 -0.07153873 -0.12812249\n -0.4832326   0.67189438  0.31095571  0.3409751   0.15210064  0.28844385\n  0.07350088 -0.2020588  -0.16480106 -0.08814725  0.3440634  -0.15045028\n -0.07326666 -0.09588736  0.1990167   0.04649332 -0.15656157 -0.14627647\n  0.01526176  0.28386368 -0.26579344 -0.03503317  0.03438322 -0.38327287\n -0.30264945  0.20569656  0.11097041 -0.42492342  0.12050501  0.1760199\n -0.04901066  0.15854723 -0.03440605 -0.50763247 -0.11720066  0.03860212\n  0.15436212 -0.55083958  0.30916939  0.52871758 -0.08020584  0.13534721\n -0.10167738  0.35707365 -0.15309267 -0.48869258 -0.17758842 -0.09612394\n  0.39913205 -0.14397719 -0.18675193  0.04380879  0.57459257 -0.30020033\n  0.04389894  0.20293277 -0.3011258   0.20580749 -0.2865821   0.00290978\n -0.00075601 -0.02861921 -0.15967113 -0.29334991  0.16728563 -0.05615882\n -0.12058056 -0.1024502 ]",
    "olfactory": "[-0.18070527 -0.16102765  0.07588176 -0.00339297  0.48889855  0.12790019\n -0.19172226  0.19562871  0.0197315  -0.33225573  0.26121994  0.13192698\n  0.15639208 -0.13695219 -0.03702268 -0.41722682 -0.10895297  0.09995024\n  0.3263082  -0.02881116  0.00813957 -0.42967375  0.0139791  -0.08955043\n  0.44729509  0.04757804  0.01563033 -0.13072604 -0.38308356  0.13009171]",
    "pheromonal": "[-0.27524157  0.31044463  0.40448914 -0.02669267 -0.51670868  0.2368208\n  0.18609161  0.04823482  0.61456792 -0.32869545 -0.10538385  0.5547013\n -0.13728993  0.28240529 -0.55994912 -0.22663313 -0.0710809  -0.06076364\n  0.44626035  0.592998   -0.11770605  0.20329336 -0.32449684  0.22524195\n -0.17657985  0.1025846   0.03674629 -0.41637105 -0.23363321 -0.20359302]",
    "mechanosensory": "[-0.02257405  0.33172632 -0.15898579 -0.08982276  0.10843436  0.01332222\n -0.28557481 -0.16759222  0.04123905  0.06075793 -0.33721278  0.07168655\n -0.23391438  0.21785908 -0.01995825  0.45251996  0.00303614 -0.07657136\n -0.20012703  0.12221979 -0.06422577  0.36943311  0.1899518   0.18675022\n -0.29183168 -0.12112872 -0.09924708 -0.00755559  0.46208576 -0.3445549\n -0.30330192  0.65101956 -0.13885269  0.09572433  0.36258385  0.33354165\n -0.08989701  0.10853679 -0.00148512  0.16619444 -0.1035162   0.30590113\n -0.2434144  -0.02674992  0.06622347  0.0143974  -0.03851113  0.02120503\n  0.2390574   0.03073812  0.30592774 -0.03540531 -0.49508956 -0.34934363\n  0.21547358  0.1130451   0.04784327  0.29536693  0.27396104  0.35414715]"
  },
  "neural_activity": {
    "mushroom_body": [
      0.12635954055289922,
      0.6510662603041527,
      0.6627929837081565,
      0.9059514415899972,
      0.694024905970108,
      0.13032535785611132,
      0.6785700910874193,
      0.25181423548906845,
      0.9354434499568303,
      0.9820695225306735,
      0.35894562736900226,
      0.09852715118231181,
      0.294853150261539,
      0.7462912346894797,
      0.7870932401371551,
      0.07062982415768515,
      0.48313936540704683,
      0.6622209359526908,
      0.115399259873879,
      0.6872873456110286,
      0.6981114122053442,
      0.504124699964496,
      0.8683273200191458,
      0.7166708401294236,
      0.6182749276751418,
      0.6232014757378306,
      0.39529436063508416,
      0.38233751371397573,
      0.7167883560053652,
      0.44552297638641014,
      0.9047130954552666,
      0.021405918043153394,
      0.7727889117003455,
      0.6159269939967781,
      0.06738501744015668,
      0.32597272676736,
      0.3087168672643883,
      0.9038271378155378,
      0.23784856178197233,
      0.18904989841550568,
      0.2210457214133057,
      0.848521080227047,
      0.3413897391223164,
      0.9617188178997028,
      0.787246394196182,
      0.10829421222201396,
      0.6481604816985572,
      0.7469217894494218,
      0.03391105392878513,
      0.15653537504224724,
      0.9992419020899515,
      0.6853055751030905,
      0.25484180859629757,
      0.9989993979407218,
      0.6524217395054385,
      0.6347337365749102,
      0.744143846619154,
      0.5150140806392638,
      0.7356517947329767,
      0.6376489951475847,
      0.45323207581238756,
      0.37210842438874125,
      0.7037428860280608,
      0.23895712561486693,
      0.5940955300660384,
      0.9945112193658604,
      0.707620198578572,
      0.9534313058612712,
      0.7114461577312933,
      0.4395467057289705,
      0.49249444180522495,
      0.06731022572559242,
      0.27550073951848686,
      0.8881137570119427,
      0.8104454683630198,
      0.58025781616706,
      0.5300344472969072,
      0.07180701688387292,
      0.3757757212457067,
      0.300809054944117,
      0.8118121304991793,
      0.8542922211831256,
      0.9187886496881005,
      0.9817062663157549,
      0.5612733835334486,
      0.2686584688003274,
      0.5043663782398784,
      0.18781304522437448,
      0.71123547918031,
      0.2222548857108344,
      0.5264317813777212,
      0.9750138797195244,
      0.07515074344946227,
      0.2914045013201676,
      0.7958427234065533,
      0.45715523003574077,
      0.5492189810560055,
      0.28384337953527417,
      0.4591770410905638,
      0.27511237675800737
    ],