{
  "step": 16,
  "insect_id": "Honeybee",
  "timestamp": 1753377433.9028282,
  "sensory_input": {
    "visual": [
      0.6480630679284959,
      -0.4971098206680327,
      -0.37509556298331137,
      0.12568081746544627,
      0.7048267050858286,
      -0.07272960094966761,
      1.2577330028830285,
      0.22058743249882132,
      0.1993164152397495,
      0.013956356216581778
    ],
    "olfactory": [
      -0.9456097833343301,
      0.870197947776958,
      1.5712184777944367,
      0.2028807707801344,
      -0.20051456614146934
    ],
    "pheromonal": [
      1.1658811642302822,
      0.025812055427503273,
      1.0389631737031932
    ],
    "mechanosensory": [
      0.6508371469575446,
      0.031913192490796674,
      -0.6628375096732019,
      0.10928604588184096
    ]
  },
  "processed_output": {
    "visual": "[-0.07564051  0.2228421  -0.07975768 -0.08244955 -0.23791287  0.21648381\n  0.14510153 -0.01063899 -0.07535309 -0.16107102  0.03005131 -0.17535036\n  0.0041777  -0.0137694  -0.26072241 -0.05791133  0.01304282 -0.07551635\n  0.15309907  0.12117231 -0.08005908  0.03613616  0.04020421 -0.00738637\n  0.21576528  0.01554418  0.07997297 -0.09435713 -0.10424527  0.04059013\n  0.12404918 -0.2122741  -0.02332511 -0.07332919 -0.00686728  0.31805314\n  0.03141047 -0.25546573 -0.02989649  0.19843004  0.03479731 -0.3022564\n -0.12419455 -0.1716098   0.07289655  0.19401956 -0.08937114  0.06171724\n  0.15841829  0.06880204  0.09495401 -0.0738159   0.11723375 -0.15753877\n -0.20133162  0.20366256  0.20664587  0.0766387   0.09763732 -0.104591\n  0.05378279 -0.04637274 -0.09019525 -0.08575547  0.31385931 -0.39134886\n  0.29917715  0.14908679  0.06108682  0.12063538  0.09860216  0.18473499\n -0.12117524  0.18987483 -0.21261734 -0.11547856  0.01965195  0.13558591\n  0.25110003 -0.19081728  0.11450681  0.02532396 -0.21705234 -0.22433033\n -0.16617792 -0.14106931  0.20002019  0.16573203 -0.14331512 -0.21264906\n -0.14860056 -0.39470809 -0.02290713 -0.01536117  0.25318737  0.20442697\n -0.04377783  0.13243441  0.1192659  -0.08546176  0.22140259  0.09537535\n -0.00846942  0.03578254 -0.17477262  0.08986534  0.02240984 -0.13507831\n  0.10867335 -0.09485184 -0.1992717  -0.09825414  0.16330367 -0.10635571\n  0.0911236   0.0184426   0.02958708 -0.10903623  0.06633975  0.07416855\n -0.4688738   0.12863173  0.02582822  0.03071525  0.08795891  0.21866062\n  0.07906272  0.02064875 -0.04971947  0.13614154  0.29791803  0.04032464\n -0.08440891  0.19773367  0.15910618 -0.05175763  0.05486503 -0.1397279\n -0.06505304  0.15459478  0.01141971 -0.06392222  0.11047332  0.07097322\n -0.34173293  0.12631049 -0.16000098 -0.07052227 -0.13419044 -0.0287379\n -0.03244336  0.34981389 -0.05164857 -0.0620943  -0.16909795  0.12169964\n -0.09186047 -0.093847   -0.00807563  0.08390256  0.23710506 -0.14800699\n  0.27164069 -0.21708206 -0.11671339 -0.01156472  0.32524592 -0.14081865\n -0.13335587  0.25257374 -0.45007729  0.06613316  0.11836329  0.08720574\n  0.00695244  0.04253678  0.17771048  0.18232096 -0.06141745  0.20323544\n  0.33368197 -0.3282745  -0.02322461 -0.17001625 -0.2153675   0.03389436\n  0.2708035   0.0373775  -0.04946055  0.07602813 -0.12340353  0.08458865\n  0.12771294  0.08760342 -0.17392135  0.14079204 -0.28851308 -0.08776563\n -0.05708358 -0.02304479]",
    "olfactory": "[-0.11348492  0.29650897  0.26704814  0.05249378 -0.34858788  0.22817146\n  0.1132795  -0.02763649  0.44992477 -0.27882911  0.01291593  0.37542088\n -0.02541682  0.12341269 -0.38122754 -0.28763168 -0.03263263 -0.09400231\n  0.32301663  0.47337382 -0.10663976  0.03399361 -0.16966687  0.21361169\n -0.13347058  0.07475891 -0.02345755 -0.19954331 -0.31483122 -0.10995592]",
    "pheromonal": "[-0.10226904 -0.00085066  0.10746623 -0.06039266 -0.32101819 -0.06731073\n  0.08990924  0.02059659  0.16937656  0.09675036 -0.21130985  0.1940576\n -0.20143205  0.19414506 -0.19724478  0.26833234  0.03344764  0.04117114\n  0.02498591  0.09836243  0.01535505  0.32463151 -0.14643261  0.00760558\n -0.14960733 -0.0043877   0.06838822 -0.20730409  0.30275526 -0.16084233]",
    "mechanosensory": "[-0.11917407 -0.07153814  0.00937456 -0.1022738  -0.04503617  0.05278311\n  0.02588016  0.10118307 -0.24584913 -0.04496749  0.16479579 -0.15669725\n  0.21021407  0.03953417  0.029407   -0.11999178  0.07620464 -0.01612414\n -0.01439084 -0.06483418  0.09293149  0.08920751  0.02025892 -0.1073938\n  0.04757794 -0.01051528  0.07341931 -0.08948741 -0.25646144  0.0621714\n  0.03032739  0.14584106  0.06005358  0.15576786  0.03820926 -0.13161053\n -0.08986775 -0.22902817 -0.12729036  0.00197252  0.02891102 -0.00656277\n  0.0070446  -0.22953128 -0.00542779 -0.04884968  0.0799604   0.00694778\n -0.03630433  0.08919228 -0.15123033 -0.02177244  0.10840709  0.03387288\n  0.00514562  0.04574143  0.04166118  0.056709   -0.03072749 -0.16947227]"
  },
  "neural_activity": {
    "mushroom_body": [
      0.12635954055289922,
      0.6510662603041527,
      0.6627929837081565,
      0.9059514415899972,
      0.694024905970108,
      0.13032535785611132,
      0.6785700910874193,
      0.25181423548906845,
      0.9354434499568303,
      0.9820695225306735,
      0.35894562736900226,
      0.09852715118231181,
      0.294853150261539,
      0.7462912346894797,
      0.7870932401371551,
      0.07062982415768515,
      0.48313936540704683,
      0.6622209359526908,
      0.115399259873879,
      0.6872873456110286,
      0.6981114122053442,
      0.504124699964496,
      0.8683273200191458,
      0.7166708401294236,
      0.6182749276751418,
      0.6232014757378306,
      0.39529436063508416,
      0.38233751371397573,
      0.7167883560053652,
      0.44552297638641014,
      0.9047130954552666,
      0.021405918043153394,
      0.7727889117003455,
      0.6159269939967781,
      0.06738501744015668,
      0.32597272676736,
      0.3087168672643883,
      0.9038271378155378,
      0.23784856178197233,
      0.18904989841550568,
      0.2210457214133057,
      0.848521080227047,
      0.3413897391223164,
      0.9617188178997028,
      0.787246394196182,
      0.10829421222201396,
      0.6481604816985572,
      0.7469217894494218,
      0.03391105392878513,
      0.15653537504224724,
      0.9992419020899515,
      0.6853055751030905,
      0.25484180859629757,
      0.9989993979407218,
      0.6524217395054385,
      0.6347337365749102,
      0.744143846619154,
      0.5150140806392638,
      0.7356517947329767,
      0.6376489951475847,
      0.45323207581238756,
      0.37210842438874125,
      0.7037428860280608,
      0.23895712561486693,
      0.5940955300660384,
      0.9945112193658604,
      0.707620198578572,
      0.9534313058612712,
      0.7114461577312933,
      0.4395467057289705,
      0.49249444180522495,
      0.06731022572559242,
      0.27550073951848686,
      0.8881137570119427,
      0.8104454683630198,
      0.58025781616706,
      0.5300344472969072,
      0.07180701688387292,
      0.3757757212457067,
      0.300809054944117,
      0.8118121304991793,
      0.8542922211831256,
      0.9187886496881005,
      0.9817062663157549,
      0.5612733835334486,
      0.2686584688003274,
      0.5043663782398784,
      0.18781304522437448,
      0.71123547918031,
      0.2222548857108344,
      0.5264317813777212,
      0.9750138797195244,
      0.07515074344946227,
      0.2914045013201676,
      0.7958427234065533,
      0.45715523003574077,
      0.5492189810560055,
      0.28384337953527417,
      0.4591770410905638,
      0.27511237675800737
    ],