{
  "step": 66,
  "insect_id": "Fruit_Fly",
  "timestamp": 1753377473.7118008,
  "sensory_input": {
    "visual": [
      -0.04963027653895683,
      -0.4287536902724132,
      -0.10727163926809904,
      0.05479146380810174,
      -1.441420040196777,
      0.7352419733810117,
      0.3238866618703093,
      -0.132073806788384,
      -0.04748196595300628,
      -1.208904666186937
    ],
    "olfactory": [
      0.8816002072689716,
      -1.0982615454990958,
      0.9891690086719999,
      0.8147477382433471,
      -1.0631573047292906
    ],
    "pheromonal": [
      1.4184718097787075,
      -0.2061086761178342,
      -1.220325105043667
    ],
    "mechanosensory": [
      -0.38536738582705365,
      -0.5056157982791555,
      1.0588736544813941,
      0.49030981068026275
    ]
  },
  "processed_output": {
    "visual": "[ 0.14653185  0.22430907 -0.14559599 -0.11556565  0.07293726  0.35223287\n  0.08369276 -0.024493    0.3870831   0.01295664  0.25668227 -0.13285116\n -0.13860312 -0.14277177  0.25375375  0.0776271  -0.0704462   0.18657074\n  0.07118116 -0.18932616  0.10005093  0.05447924  0.23911041 -0.25465193\n -0.11650384 -0.20830843  0.2137918  -0.2849013   0.32674516  0.10677949\n  0.10336481  0.12504851  0.24145418 -0.50199648 -0.36763784  0.11052177\n -0.27160304  0.2680939  -0.04168237  0.21772906 -0.18403228  0.08136856\n -0.24578027  0.25810042  0.30263988 -0.01215097  0.03418393  0.35406337\n -0.14959819 -0.23714023 -0.20535522 -0.14002063 -0.23640237 -0.18346093\n  0.20032649 -0.00428252 -0.07245946 -0.06880473 -0.0572278  -0.24836976\n  0.34178265  0.46618514 -0.01482829 -0.05384332  0.06658154  0.00262587\n -0.36024754  0.1809165   0.24847826  0.11223368  0.15821683 -0.16310215\n  0.15662501 -0.32613001  0.14235393  0.3367833  -0.13855221 -0.37106344\n -0.19944725 -0.31477192  0.52135338  0.20946771 -0.25212105 -0.09261559\n  0.15360112  0.48129818 -0.45620809 -0.07663619  0.01120324  0.11869928\n  0.12217231  0.08120193 -0.10545463  0.1711372   0.10084298 -0.34631708\n  0.00679192 -0.0530832  -0.01493922  0.25331339 -0.43923568  0.02472177\n -0.02758647 -0.00787262 -0.23742675  0.37676392 -0.03490684 -0.23471645\n  0.1088869   0.11295159  0.14489849 -0.15630636  0.18014069 -0.14345744\n  0.30820293 -0.0157318   0.05309484 -0.29834491 -0.0100803  -0.16316345\n  0.05795989  0.07297621  0.02691115 -0.51599003 -0.179367   -0.3097889\n  0.23687729  0.21029771  0.12732213  0.19629535  0.15901488 -0.27436206\n -0.19499701  0.12298966  0.08721574 -0.20103442  0.02024671  0.28411953\n  0.23289175 -0.15516625  0.18285478 -0.01076034  0.31255619  0.087588\n -0.04401092  0.12098018 -0.21051134 -0.31728986 -0.07451308 -0.03390757\n  0.09004013  0.26997082  0.16940298  0.05086211 -0.12159463  0.31726722\n -0.35799164 -0.14155268 -0.42118855 -0.06032892  0.40800902 -0.00323274\n  0.09207825  0.03134009  0.01270189  0.19113302 -0.12614163 -0.12452516\n -0.14195358  0.07486121 -0.27480835 -0.06737347  0.31023048  0.07560115\n  0.12927121  0.29166587  0.03581609  0.2658059  -0.26752576 -0.09855886\n -0.04044008  0.13642451 -0.31094053 -0.0300942   0.11875573  0.19285184\n -0.19557238 -0.25974405  0.18672625 -0.15338544  0.12386357  0.24109721\n -0.01348927 -0.16020264 -0.18159523  0.24022917 -0.10219183 -0.45927058\n -0.01818675 -0.10010214]",
    "olfactory": "[-0.08650334 -0.4355081  -0.2175459   0.01578215 -0.27276975  0.17805307\n -0.16281413  0.31020071  0.15533926  0.21909744 -0.09783295 -0.28288806\n  0.29033018 -0.04816739 -0.21689856  0.39403015  0.40114193  0.1938073\n  0.04554397  0.10551731 -0.14001477  0.15119316 -0.23319132  0.10327435\n  0.28678431  0.04664774 -0.11504636  0.13839162  0.40211249  0.37053858]",
    "pheromonal": "[-0.20026241  0.27295474 -0.00709197 -0.05700917  0.34077181  0.04664397\n  0.03967102  0.08252175  0.05480613  0.39116563  0.08097599 -0.02083283\n -0.12744102 -0.09335996  0.20672967 -0.2477054  -0.0410534  -0.32400789\n -0.04403535 -0.28504301  0.06230183 -0.18685418 -0.11107599 -0.02119895\n -0.24489299 -0.02969684 -0.2124648   0.25826768  0.32711426  0.11461979]",
    "mechanosensory": "[ 0.18946658 -0.26598754 -0.17414434 -0.02981127 -0.0369438   0.02291402\n  0.23341433 -0.01557194 -0.27567707 -0.25569168  0.05284917 -0.26471043\n  0.02914377  0.13841929  0.16767446  0.05494668  0.16124246  0.13413519\n -0.03568536 -0.07485978  0.04132554  0.13430145  0.03341415  0.20135592\n -0.07737889  0.20448405  0.12892485 -0.003275    0.16226021 -0.17482015\n  0.0148889  -0.14743277  0.08078545  0.05056241 -0.04235704  0.00129118\n  0.22290316  0.09077381  0.0170188   0.05694471 -0.22501073 -0.04343065\n  0.18316092 -0.27003315  0.06229252 -0.00971455  0.08751076  0.04985298\n  0.06819609 -0.33578479 -0.06350416 -0.24866213  0.13619159 -0.09138842\n -0.21801306  0.06871373  0.06016798  0.07933421  0.08076774 -0.1416536 ]"
  },
  "neural_activity": {
    "mushroom_body": [
      0.9573342550431373,
      0.5685218001748344,
      0.1532728767834156,
      0.440756085521535,
      0.4259028932173351,
      0.8065279792960456,
      0.735175839227128,
      0.5075710583125029,
      0.3182408848813949,
      0.1857101658658754,
      0.147293821091668,
      0.5144536606534947,
      0.45121488345427196,
      0.4906687440412314,
      0.9154397942576439,
      0.03221105435352989,
      0.5357325732152792,
      0.1382546922159048,
      0.36067250393003913,
      0.5332526610283069,
      0.8730295292421824,
      0.04063562036991242,
      0.7485949842136878,
      0.3405914174807766,
      0.18318381682710538,
      0.5600384713303344,
      0.1937550886838283,
      0.5397260475592325,
      0.5783223468361413,
      0.9653669883642755,
      0.4658507608321515,
      0.041218211917091296,
      0.9430155978024163,
      0.2674308460540551,
      0.7293295369440447,
      0.57561750059022,
      0.8256796537657,
      0.8151716530122752,
      0.5281132367497178,
      0.8266383224215215,
      0.7639307513444167,
      0.2648371836316852,
      0.5252438849384159,
      0.5541905466888357,
      0.37818191129782974,
      0.7450469935471635,
      0.2806576625628212,
      0.970184082071879,
      0.823677363336939,
      0.978073118620327,
      0.49119614886596097,
      0.6255023153178355,
      0.3681622586961123,
      0.27170809027288534,
      0.7049624491081308,
      0.9090151895400193,
      0.41775828586490404,
      0.6095412889618553,
      0.585938072687339,
      0.8930936343998793,
      0.9166908334120343,
      0.8584724743974405,
      0.4721485132611529,
      0.4807210850130702,
      0.966113607256765,
      0.14152773929286366,
      0.6864110737296917,
      0.8136470071682644,
      0.6496913523967113,
      0.8044161094802286,
      0.6584368982773874,
      0.7552418973233255,
      0.616923263713886,
      0.3417038976597814,
      0.3231289351313176,
      0.1544216935411289,
      0.7029083784993677,
      0.5724367368870931,
      0.2916010291694956,
      0.02198318626477036,
      0.1818806884802623,
      0.9196557994989446,
      0.6893228355088742,
      0.8528493442801934,
      0.33072324176447354,
      0.4919088973308279,
      0.9279620406010517,
      0.28301492112311355,
      0.076863264671996,
      0.21435225530737068,
      0.47425321392117226,
      0.3668784589614873,
      0.8654826015894379,
      0.22710319324722184,
      0.7957563775459994,
      0.5848636850024898,
      0.9513743724371871,
      0.09511916040574064,
      0.46089376742698995,
      0.027475684173515202
    ],