{
  "step": 71,
  "insect_id": "Ant",
  "timestamp": 1753377473.7736082,
  "sensory_input": {
    "visual": [
      -3.03391105650938,
      0.7577909700131078,
      0.5613878497711065,
      -1.0797106660075828,
      0.029309647724155768,
      0.01334185741149391,
      -0.4363388058708389,
      -2.261938690434468,
      0.32629627677802175,
      -0.2900372676004472
    ],
    "olfactory": [
      1.0709422297913007,
      0.8007571600377248,
      0.5041653763106367,
      1.831137013442233,
      0.15717037207999365
    ],
    "pheromonal": [
      -0.44834657688588236,
      -0.5000780038462183,
      -0.6943920734074037
    ],
    "mechanosensory": [
      -0.5048280945588288,
      0.7625098849914378,
      -0.2779412621995806,
      -2.089697133356301
    ]
  },
  "processed_output": {
    "visual": "[ 0.16488129 -0.52015509  0.22318652 -0.0149526   0.6982659   0.50521442\n  0.23147925 -0.05056158  0.07648282  0.47599283 -0.24162475  0.26785136\n -0.50280648  0.2486176  -0.38275446 -0.1026857  -0.01312126  0.05540889\n  0.75461441  0.03065922  0.33645032 -0.25064803  0.18367638 -0.23459117\n  0.34984139 -0.07889386 -0.11311969 -0.59676647  0.09016122  0.05876476\n -0.32482131 -0.28567944 -0.14907914 -0.41701122 -0.15435655 -0.49346869\n  0.16655368 -0.13725052  0.17975803 -0.314528   -0.11855566 -0.37861711\n  0.85438014  0.37149319 -0.66910822  0.28279853 -0.0196073  -0.39290868\n  0.32188039  0.31376484 -0.73411256 -0.05902976 -0.69373694 -0.00461656\n  0.03500874 -0.16674253  0.33373217 -0.16801906  0.35903306 -0.06771664\n  0.25501917  0.37538746  0.12649745 -0.11476723  0.38911464  0.22967241\n  0.00938216  0.21699532 -0.28827606 -0.21461547  0.29335881  0.32860338\n -0.02834022  0.39386645  0.27333485  0.11959606  0.35771091 -0.32046625\n  0.2360146  -0.26558448 -0.57193371 -0.1864048   0.32114953  0.04419374\n -0.4391364   0.30175718 -0.70453445  0.47589827 -0.46327952  0.48039143\n  0.07885605  0.1439223   0.01891124 -0.16358012  0.23861851  0.50086254\n  0.22271999 -0.6957662   0.26209842 -0.46717251 -0.42464194  0.3771707\n -0.26726917 -0.35466165  0.1550912   0.55220655  0.74920896  0.24721006\n -0.59407828 -0.33326093 -0.42568943  0.18414483  0.52671901 -0.45176728\n  0.20115777  0.34388876 -0.44045776  0.17056198  0.20292316 -0.56262676\n  0.45761152  0.57746731 -0.48665431  0.41880995 -0.16821151 -0.46598053\n -0.44358908 -0.07477988 -0.40191551 -0.08880793 -0.39277363  0.29701561\n -0.61522361 -0.22249214 -0.70915489 -0.46767172  0.39798226  0.07996442\n -0.65342706  0.36182578 -0.43080015  0.53783466 -0.15267988 -0.28997245\n  0.40370427 -0.07699231 -0.49503653  0.56257164  0.10350604  0.12347801\n -0.60933143  0.58664946 -0.55924165 -0.32262326  0.01618178  0.07968527\n -0.41638652  0.06425397  0.10235052 -0.14942962  0.70895729 -0.0185988\n  0.09888508  0.37167728  0.36581204 -0.37129325  0.44819827 -0.090817\n  0.30237673 -0.37076264  0.26496213  0.27721404  0.17335561 -0.24181382\n -0.56286938  0.39956175  0.38487184  0.59905796 -0.01221111 -0.24633564\n  0.11642137 -0.55541231 -0.12181862 -0.42173509 -0.44028459  0.23003152\n  0.23622422 -0.41160816  0.6327745  -0.00300159 -0.55938448 -0.85066986\n  0.29896823 -0.71720581 -0.36661132  0.10584895 -0.12618885  0.48673843\n -0.47101181  0.07937857]",
    "olfactory": "[-0.33382956  0.29805669  0.16750594 -0.34864155  0.16330205 -0.24658432\n  0.16216762 -0.21800577 -0.14513909  0.07428891 -0.14765737  0.33961808\n  0.24930341  0.09198929  0.19910623  0.14158235 -0.06312315  0.23753719\n  0.04688408 -0.007442   -0.55701187  0.35357967  0.04766287  0.23009004\n -0.03557483  0.46988335 -0.03795763 -0.06695256 -0.26845952 -0.01039606]",
    "pheromonal": "[ 0.06348164 -0.05763684 -0.04594445  0.05778154 -0.09155457  0.12389845\n  0.03273671  0.16641984  0.08228914  0.08120924  0.1018918  -0.15717864\n -0.07100027 -0.0739071  -0.00792373 -0.01173648 -0.02703553 -0.07165582\n  0.11540085 -0.03842568  0.10173251 -0.13098367 -0.09021211 -0.21111857\n  0.00705855 -0.08245044  0.08985192 -0.04886198  0.0784844  -0.0790338 ]",
    "mechanosensory": "[ 0.05655246  0.36384152 -0.00320254  0.17965436 -0.18960533 -0.35335009\n -0.03493422  0.15861267  0.04856407 -0.05186414 -0.17837882 -0.17810538\n  0.10820653  0.20805512  0.14974229  0.38978283  0.05173182  0.38388956\n -0.47430985 -0.08999172 -0.08646738  0.09201229 -0.09200438 -0.16576658\n -0.03794708 -0.12225755 -0.10526309  0.35359924  0.18438511  0.26708225\n -0.22437947 -0.30159248  0.01825619 -0.19272924 -0.10356153  0.09325423\n  0.01255026 -0.00899186 -0.42022198 -0.38555252 -0.15038994 -0.23723913\n -0.06727632 -0.26873326 -0.1998702  -0.19508519  0.17223852  0.03078126\n -0.05776656 -0.01185962 -0.1979695  -0.29616358 -0.04532371  0.16640358\n -0.01988727 -0.08009627  0.35471784 -0.15810491  0.06899742  0.08357427]"
  },
  "neural_activity": {
    "mushroom_body": [
      0.4924007237947772,
      0.14693464607642892,
      0.767210702383254,
      0.6248820631260946,
      0.9864482839136465,
      0.33642038262559837,
      0.4422341246408278,
      0.9350583906263176,
      0.8758108280827299,
      0.364067756289724,
      0.02099672115939233,
      0.3653858631904884,
      0.8151629850456615,
      0.6140212660019688,
      0.32891618603502437,
      0.18893806693942827,
      0.7905736907455317,
      0.49916065962944123,
      0.19717420637235406,
      0.9213049964468009,
      0.447226947943287,
      0.7632966728025157,
      0.8032316000008118,
      0.5535376916288629,
      0.07895300729288246,
      0.37207011325454553,
      0.17281634483101527,
      0.9955464920855303,
      0.7331206509221954,
      0.5386381999688542,
      0.39924139702265893,
      0.2069417262349741,
      0.18638278300294076,
      0.5276332937882693,
      0.6015984856107799,
      0.738477463568368,
      0.012070075146157544,
      0.39691921306107414,
      0.9742478701988332,
      0.24929524690375904,
      0.2769088846934247,
      0.5292959918493957,
      0.07966113583142909,
      0.21578219897423678,
      0.7698762304225306,
      0.28290490199427065,
      0.9405319902264295,
      0.6002708120426894,
      0.45739250176265134,
      0.4463890668275149,
      0.9356395009266144,
      0.2565397437437217,
      0.45391089141763574,
      0.6693230026315135,
      0.02617703582476605,
      0.02531896787827681,
      0.5251034861530219,
      0.7031803637078137,
      0.058529304862222964,
      0.01939748304062039,
      0.5974268143442467,
      0.12381889677257696,
      0.6523379317512753,
      0.9321946265931902,
      0.591086092657511,
      0.1240378689225623,
      0.9362653987395712,
      0.5070649457786084,
      0.0919345703443104,
      0.7666644812076299,
      0.08779127460972835,
      0.33673866917057105,
      0.5896370886961854,
      0.2909284330490943,
      0.7323145070044182,
      0.7236888826592979,
      0.5710198786593059,
      0.7176901664961559,
      0.24203636076752333,
      0.41260492944946736,
      0.8738631246179162,
      0.4024116122514887,
      0.24035654060282785,
      0.3736574116109701,
      0.03336379466983419,
      0.6106387280493265,
      0.9364508555576203,
      0.22944403673237168,
      0.4365801853721185,
      0.8738519447485829,
      0.5050267126920194,
      0.453349231079773,
      0.993777465048396,
      0.3051647484911183,
      0.5080186252800102,
      0.5197698326970429,
      0.18403870897738006,
      0.28479427375720423,
      0.10024162543381976,
      0.18808052763581162
    ],