{
  "step": 86,
  "insect_id": "Honeybee",
  "timestamp": 1753377493.4350839,
  "sensory_input": {
    "visual": [
      1.1240581436300705,
      0.006069341855491226,
      1.2851523384561658,
      0.5519332247065595,
      -0.21628929369144306,
      -2.113503946759952,
      -0.09563749806311712,
      0.3110996122041973,
      0.10073511017042362,
      0.9170377229128198
    ],
    "olfactory": [
      -0.625674378981109,
      -1.748993243141827,
      0.13079886339757335,
      -0.4330381049245791,
      -1.0748114085812859
    ],
    "pheromonal": [
      -1.8364209588377391,
      -0.1728656138291751,
      -0.5190331135241862
    ],
    "mechanosensory": [
      -1.0956117476412055,
      1.6551002791583236,
      -0.8244047120043905,
      -0.008711717617680734
    ]
  },
  "processed_output": {
    "visual": "[ 0.32193466 -0.20790227 -0.35688231  0.12170718  0.12200787 -0.44584843\n  0.14575722 -0.12637219  0.12008534  0.13397506  0.23475259 -0.21414021\n -0.45153701 -0.35090604  0.49912463  0.21054227 -0.01190108  0.14483675\n -0.07339961 -0.21057168 -0.00184486 -0.46662515 -0.2918289  -0.21823358\n -0.11981268  0.12541565 -0.24916708  0.102453    0.16206258  0.02401373\n -0.22862252 -0.477928   -0.059563   -0.18333507 -0.07675328  0.34257104\n  0.16909635 -0.1791182   0.13534104  0.00963527 -0.43813936 -0.03982698\n  0.06324163  0.02806268 -0.31445538  0.03472177 -0.26260644  0.02817967\n  0.1581876  -0.42417046 -0.30888625 -0.28010697  0.2622966  -0.00422908\n -0.50821447  0.27795453 -0.04915654  0.17516011 -0.47318713  0.42949682\n  0.20675193 -0.05993039 -0.13145922 -0.03141109  0.30581561  0.45453011\n -0.12722176  0.21791267 -0.00599541 -0.04820635  0.28429879 -0.04490795\n  0.06505188 -0.56154494 -0.41836822 -0.16390898 -0.3659048   0.12697811\n  0.0495559   0.05967786 -0.41252085 -0.2197715  -0.0467719   0.11836093\n -0.17368413  0.54009545 -0.30291764  0.08711256  0.40042631 -0.03219909\n -0.00874713 -0.3348595  -0.28080782 -0.0658673   0.57965185 -0.52957831\n  0.08683035 -0.29253551 -0.00767568 -0.12042539  0.13860355  0.05035259\n  0.08341053 -0.00345087 -0.37429432 -0.37984793  0.11448233  0.28859415\n -0.36820002  0.00934991 -0.08255056  0.0312609   0.50041205 -0.04201634\n -0.50678498 -0.0628662  -0.0121297  -0.13978238  0.08092691  0.24132709\n -0.12222988 -0.34487151 -0.15717655  0.06797584 -0.19927766  0.16657334\n  0.30463951 -0.12118965  0.41725114  0.62070118  0.47273996  0.26189583\n -0.35990331 -0.2099096  -0.13819474 -0.23215453 -0.40071534 -0.60844192\n -0.03958567  0.19669938  0.27744974  0.19511111  0.38237475  0.16682894\n  0.45572767  0.05145162 -0.15196261  0.51954005  0.1987052   0.1503055\n -0.20804987  0.28569551  0.05529693 -0.44387947 -0.26551207  0.46395595\n -0.10357027 -0.30780117 -0.08084565  0.45602227  0.62350719  0.10535155\n -0.03107274  0.15352617  0.33927987  0.35836135 -0.25881783  0.46702606\n -0.21480665 -0.09346513 -0.06958849 -0.24987986 -0.07715543  0.19283106\n -0.12408966 -0.09227214  0.54339392 -0.40530619 -0.02201512  0.25659051\n -0.28700766  0.56843999  0.06193844  0.29453428  0.01637857  0.24733414\n -0.0546205  -0.03169366 -0.10990061  0.11098222  0.08146456  0.14749198\n  0.02524268  0.16346684  0.05972083  0.27582974  0.00192768 -0.00258612\n  0.27399626  0.20342962]",
    "olfactory": "[ 0.06472718  0.00610516 -0.17858167  0.53379139  0.02045511  0.26412161\n -0.17484232 -0.11215212 -0.24128936  0.25092516 -0.25123344  0.10905916\n -0.03642648 -0.19228182  0.01401217  0.16592671  0.27009744  0.12179315\n -0.03063639 -0.19521379  0.10444885  0.02578143  0.39497403  0.07051252\n -0.12610129 -0.25632801  0.00156844  0.14969605  0.26857774 -0.08817369]",
    "pheromonal": "[ 0.03761833  0.13812843 -0.06646757  0.19055521  0.22001754  0.24199994\n -0.03930524 -0.03269103 -0.06711246 -0.14314951  0.13271567 -0.10306196\n  0.25702485 -0.18913487  0.09219117 -0.36248016 -0.04629146 -0.06716372\n  0.05848036  0.04982513 -0.0458593  -0.33826309  0.18719483  0.08088436\n  0.03128612 -0.03424763 -0.07543247  0.19863986 -0.40738596  0.1696475 ]",
    "mechanosensory": "[ 0.19398019  0.11223255 -0.16994104 -0.08762585  0.11956003  0.34181466\n -0.37719708  0.25433789  0.31533592 -0.20496052 -0.02195578 -0.0760402\n -0.32216004  0.32570756  0.02430926  0.12457692 -0.48515769  0.11942643\n  0.15129634  0.26265517 -0.11549387 -0.0292335   0.13843834  0.44842152\n  0.18426082 -0.23709824  0.01962118  0.00804714  0.44835719 -0.00981198\n  0.00535864  0.12162402 -0.31187723  0.25722947 -0.19267114  0.40712253\n -0.1839331  -0.26283293 -0.134077   -0.20649811  0.27125777  0.29708057\n -0.14092848 -0.03797933  0.07045841 -0.0634955  -0.45955579 -0.1117988\n -0.00916668 -0.0339304  -0.3686554   0.07238764 -0.18534921  0.11462252\n  0.31512714 -0.05878462  0.11826576 -0.10066596 -0.08167888  0.03288239]"
  },
  "neural_activity": {
    "mushroom_body": [
      0.12635954055289922,
      0.6510662603041527,
      0.6627929837081565,
      0.9059514415899972,
      0.694024905970108,
      0.13032535785611132,
      0.6785700910874193,
      0.25181423548906845,
      0.9354434499568303,
      0.9820695225306735,
      0.35894562736900226,
      0.09852715118231181,
      0.294853150261539,
      0.7462912346894797,
      0.7870932401371551,
      0.07062982415768515,
      0.48313936540704683,
      0.6622209359526908,
      0.115399259873879,
      0.6872873456110286,
      0.6981114122053442,
      0.504124699964496,
      0.8683273200191458,
      0.7166708401294236,
      0.6182749276751418,
      0.6232014757378306,
      0.39529436063508416,
      0.38233751371397573,
      0.7167883560053652,
      0.44552297638641014,
      0.9047130954552666,
      0.021405918043153394,
      0.7727889117003455,
      0.6159269939967781,
      0.06738501744015668,
      0.32597272676736,
      0.3087168672643883,
      0.9038271378155378,
      0.23784856178197233,
      0.18904989841550568,
      0.2210457214133057,
      0.848521080227047,
      0.3413897391223164,
      0.9617188178997028,
      0.787246394196182,
      0.10829421222201396,
      0.6481604816985572,
      0.7469217894494218,
      0.03391105392878513,
      0.15653537504224724,
      0.9992419020899515,
      0.6853055751030905,
      0.25484180859629757,
      0.9989993979407218,
      0.6524217395054385,
      0.6347337365749102,
      0.744143846619154,
      0.5150140806392638,
      0.7356517947329767,
      0.6376489951475847,
      0.45323207581238756,
      0.37210842438874125,
      0.7037428860280608,
      0.23895712561486693,
      0.5940955300660384,
      0.9945112193658604,
      0.707620198578572,
      0.9534313058612712,
      0.7114461577312933,
      0.4395467057289705,
      0.49249444180522495,
      0.06731022572559242,
      0.27550073951848686,
      0.8881137570119427,
      0.8104454683630198,
      0.58025781616706,
      0.5300344472969072,
      0.07180701688387292,
      0.3757757212457067,
      0.300809054944117,
      0.8118121304991793,
      0.8542922211831256,
      0.9187886496881005,
      0.9817062663157549,
      0.5612733835334486,
      0.2686584688003274,
      0.5043663782398784,
      0.18781304522437448,
      0.71123547918031,
      0.2222548857108344,
      0.5264317813777212,
      0.9750138797195244,
      0.07515074344946227,
      0.2914045013201676,
      0.7958427234065533,
      0.45715523003574077,
      0.5492189810560055,
      0.28384337953527417,
      0.4591770410905638,
      0.27511237675800737
    ],