{
  "step": 99,
  "insect_id": "Honeybee",
  "timestamp": 1753377493.586063,
  "sensory_input": {
    "visual": [
      -0.04077870104836443,
      -0.5767387556910393,
      1.5409673857745159,
      -0.7553340796913125,
      -1.6446058881259609,
      -0.516765902275608,
      -0.48073096735684495,
      -1.5141638091474867,
      0.35088631997603725,
      -0.6737399482948648
    ],
    "olfactory": [
      -0.18349254715564584,
      -0.3479269114918712,
      -2.3802404056981117,
      0.2398491291740558,
      0.15296714817949186
    ],
    "pheromonal": [
      1.0996331446082805,
      -0.9525321121407695,
      1.163415873551321
    ],
    "mechanosensory": [
      -0.12263197834638663,
      -0.7438756055299846,
      0.31115300050634437,
      1.7014180595876307
    ]
  },
  "processed_output": {
    "visual": "[-0.15900307 -0.02240498 -0.30880815  0.40876684 -0.11208694 -0.30246696\n  0.14482076  0.32326556 -0.03525682 -0.01983161 -0.40814258 -0.35382187\n  0.09745139  0.01093763  0.44491301 -0.02603257  0.20077133  0.21853754\n  0.11227059  0.00133122 -0.12503658 -0.45600224  0.12756102  0.17318931\n  0.04953202  0.4363187  -0.19794723  0.28904639 -0.05106398  0.03313778\n -0.31977718  0.16425598  0.25475486  0.11923024  0.11402187  0.17209453\n  0.1071215   0.43940253 -0.01668869 -0.48818171 -0.09148532 -0.00471838\n  0.37299029  0.1233781   0.1182721  -0.5252689   0.36121215 -0.25809376\n  0.15578761  0.05292463 -0.09349261  0.09484741 -0.06552803 -0.23660539\n  0.05512996 -0.09295923 -0.07032664 -0.06358982 -0.36201549  0.48402159\n  0.25442404 -0.0437116   0.16640384  0.44583853  0.40358243  0.71692631\n -0.47150878 -0.18966074 -0.04809574 -0.04245358 -0.11660291  0.02349602\n  0.25140099 -0.39649143 -0.24383954  0.45524344 -0.20426672 -0.01322909\n -0.4689853   0.57056553 -0.03948901 -0.1311303   0.52126436 -0.16347254\n -0.25046426  0.5056194  -0.13515908 -0.07918567  0.31675253  0.45267485\n  0.22315643 -0.0530228  -0.17704248  0.17450172 -0.30826258 -0.07141834\n -0.18475849  0.08292321 -0.17645891  0.44390311 -0.5074916  -0.25726006\n  0.11110006 -0.37361978 -0.41755755 -0.01183322 -0.1535526   0.23138199\n  0.07417914 -0.05228271  0.54180279 -0.1885505  -0.57305798  0.17585087\n -0.24816289  0.35392212 -0.08782078 -0.13439384  0.14937177  0.37477221\n  0.41171792  0.04100849  0.2615031  -0.53210806 -0.418164   -0.43959628\n -0.20227715  0.27715699  0.1726979  -0.00132702 -0.0132817  -0.02709378\n  0.25038737 -0.30627405 -0.14254263 -0.17738812 -0.20128802  0.25645073\n -0.40080912 -0.05357018 -0.1695922   0.01405975  0.28359219 -0.10659498\n  0.27579685 -0.15817507 -0.01742597  0.3296007   0.19780947  0.29568815\n  0.1677414   0.02382307 -0.12965185  0.17032403 -0.34640504 -0.36208334\n  0.16377395 -0.10804277 -0.36847678  0.2146131  -0.08163438 -0.30528862\n -0.29861724  0.26639673  0.0283163  -0.39445323 -0.42214651  0.56678145\n -0.11720607 -0.5653717   0.76239438 -0.29996449 -0.60752044 -0.04423153\n -0.03492681 -0.08415831  0.384759   -0.27748864 -0.13889826  0.32767678\n  0.36044949  0.19648192  0.02905273 -0.0403739   0.28309289  0.48513527\n -0.29268294 -0.41625997 -0.02800607  0.39682576 -0.30298236 -0.01120948\n -0.01594669 -0.16531913 -0.04780882  0.14325041  0.28791556 -0.00680748\n  0.53747958  0.12640184]",
    "olfactory": "[ 0.26828969 -0.19980681 -0.27941424 -0.1280155   0.49591167 -0.22234606\n -0.1365361  -0.04098274 -0.45274226  0.08575752  0.30057875 -0.49969853\n  0.19223254 -0.24981853  0.4840766  -0.05933794 -0.02718987 -0.03372205\n -0.31351139 -0.41116215  0.03477436 -0.32001127  0.17179825 -0.16010061\n  0.24449213  0.02836477 -0.07830081  0.36494437 -0.10693635  0.22609517]",
    "pheromonal": "[-0.12150431  0.04606047  0.01106887  0.12857018 -0.39773148  0.04567641\n  0.12952313 -0.01186656  0.0599816   0.2689637  -0.40918698  0.13522867\n -0.16954212  0.17651267 -0.15937459  0.39681182  0.07464599  0.06041965\n -0.08754752  0.03017868  0.04154494  0.40315136  0.00698489  0.0304495\n -0.3360821  -0.12688056  0.08311337 -0.12225157  0.43182181 -0.14274551]",
    "mechanosensory": "[ 0.08489617 -0.25877518  0.05815484 -0.17515479  0.02661334 -0.17568355\n  0.1564121   0.04641985  0.05536603  0.13377649  0.02987491 -0.32499931\n  0.17816997 -0.21850792 -0.22487601 -0.07685233 -0.1386819   0.23049068\n -0.15208321 -0.17116273  0.06779388 -0.10189894  0.23106427  0.05499044\n -0.04690222 -0.06748717  0.18284977  0.03945245 -0.05880229 -0.14678244\n -0.09996061 -0.29117759  0.26650941 -0.12267181 -0.02918272 -0.08198615\n  0.03341289  0.16356176  0.03449412  0.07835457 -0.08462959  0.39512464\n  0.09765248  0.12549879  0.01799313 -0.12873553  0.27401002  0.34499548\n -0.05609023  0.23131866 -0.10206952  0.1184957   0.17375891 -0.06238389\n -0.00656122 -0.07624608 -0.26180072 -0.22177962 -0.1119966  -0.25196725]"
  },
  "neural_activity": {
    "mushroom_body": [
      0.12635954055289922,
      0.6510662603041527,
      0.6627929837081565,
      0.9059514415899972,
      0.694024905970108,
      0.13032535785611132,
      0.6785700910874193,
      0.25181423548906845,
      0.9354434499568303,
      0.9820695225306735,
      0.35894562736900226,
      0.09852715118231181,
      0.294853150261539,
      0.7462912346894797,
      0.7870932401371551,
      0.07062982415768515,
      0.48313936540704683,
      0.6622209359526908,
      0.115399259873879,
      0.6872873456110286,
      0.6981114122053442,
      0.504124699964496,
      0.8683273200191458,
      0.7166708401294236,
      0.6182749276751418,
      0.6232014757378306,
      0.39529436063508416,
      0.38233751371397573,
      0.7167883560053652,
      0.44552297638641014,
      0.9047130954552666,
      0.021405918043153394,
      0.7727889117003455,
      0.6159269939967781,
      0.06738501744015668,
      0.32597272676736,
      0.3087168672643883,
      0.9038271378155378,
      0.23784856178197233,
      0.18904989841550568,
      0.2210457214133057,
      0.848521080227047,
      0.3413897391223164,
      0.9617188178997028,
      0.787246394196182,
      0.10829421222201396,
      0.6481604816985572,
      0.7469217894494218,
      0.03391105392878513,
      0.15653537504224724,
      0.9992419020899515,
      0.6853055751030905,
      0.25484180859629757,
      0.9989993979407218,
      0.6524217395054385,
      0.6347337365749102,
      0.744143846619154,
      0.5150140806392638,
      0.7356517947329767,
      0.6376489951475847,
      0.45323207581238756,
      0.37210842438874125,
      0.7037428860280608,
      0.23895712561486693,
      0.5940955300660384,
      0.9945112193658604,
      0.707620198578572,
      0.9534313058612712,
      0.7114461577312933,
      0.4395467057289705,
      0.49249444180522495,
      0.06731022572559242,
      0.27550073951848686,
      0.8881137570119427,
      0.8104454683630198,
      0.58025781616706,
      0.5300344472969072,
      0.07180701688387292,
      0.3757757212457067,
      0.300809054944117,
      0.8118121304991793,
      0.8542922211831256,
      0.9187886496881005,
      0.9817062663157549,
      0.5612733835334486,
      0.2686584688003274,
      0.5043663782398784,
      0.18781304522437448,
      0.71123547918031,
      0.2222548857108344,
      0.5264317813777212,
      0.9750138797195244,
      0.07515074344946227,
      0.2914045013201676,
      0.7958427234065533,
      0.45715523003574077,
      0.5492189810560055,
      0.28384337953527417,
      0.4591770410905638,
      0.27511237675800737
    ],