{
  "step": 23,
  "insect_id": "Honeybee",
  "timestamp": 1753377433.9919367,
  "sensory_input": {
    "visual": [
      -0.4319065999704323,
      -0.001687313382713966,
      0.005128790513164366,
      0.08790219406142033,
      -1.5015708253145337,
      -0.6914523804129171,
      0.7131319654664983,
      0.9039852129304692,
      -0.15630562852124963,
      0.6272137884879263
    ],
    "olfactory": [
      0.8558135189382944,
      0.5992095184464872,
      -0.4961976457034852,
      -1.5259071258949037,
      -0.9348679402797658
    ],
    "pheromonal": [
      -0.5640147630056599,
      -0.7034994194399156,
      0.9985186844360556
    ],
    "mechanosensory": [
      -0.08703063479552933,
      0.6791833274877614,
      1.565616902665134,
      -0.21263683642753098
    ]
  },
  "processed_output": {
    "visual": "[-5.50910561e-02 -4.72131587e-01  1.30367762e-01  8.43585090e-02\n -5.72729187e-02  1.00941287e-01 -1.17771343e-01  5.91123765e-02\n  9.98020655e-02 -2.06830084e-02  2.21235647e-02  2.42043483e-01\n -6.64099742e-02 -4.89670652e-01  7.21935423e-02  3.10187981e-01\n -1.32243336e-01 -6.28349057e-02  3.75847235e-02 -2.06413313e-01\n  1.87094075e-01 -1.97357643e-01 -1.95425946e-01 -2.52230696e-01\n -1.68226117e-01  3.43817097e-01 -1.80695558e-01  7.23088732e-02\n  4.17251223e-03  1.92178658e-01  1.33003344e-01 -1.39512680e-01\n  2.26271085e-03  1.40314344e-01  2.55849537e-01  2.43070522e-01\n  1.36525541e-01 -5.33990318e-02  1.52568649e-01  1.57106460e-01\n -1.75029745e-01  3.69827013e-01 -1.74723888e-01  1.32635421e-02\n -1.33211272e-01  2.19217644e-01 -8.37679959e-02  1.08671450e-02\n -2.95486218e-01  1.09462647e-01  3.56947868e-04 -1.18186481e-01\n  1.84893186e-01 -3.17451956e-01  2.26582483e-01  3.12766412e-01\n -2.59928235e-01  1.00827237e-01 -7.10409010e-02  1.72817795e-01\n -2.29673172e-02 -2.46924355e-01  3.36890543e-01 -3.57535994e-01\n  8.31697361e-02  2.60038390e-02  3.60777570e-02  1.68125713e-01\n -3.45424787e-01 -1.92367774e-01 -2.01285655e-01 -5.68733700e-01\n -7.79875023e-02  9.64079915e-02 -4.73829654e-01  2.73447294e-01\n -2.26871421e-01 -1.77914870e-01 -2.62479274e-01  3.95373809e-02\n -4.93618860e-02 -1.26318766e-01  4.08350430e-02  3.75219931e-01\n  4.51955946e-02  1.43565119e-01  1.14773046e-01 -2.41205354e-01\n -2.47132778e-01  3.15701163e-01  2.86056574e-03  5.20420221e-02\n -1.77427026e-01 -7.44089290e-02 -2.08831936e-01 -3.42885997e-01\n  1.14985971e-01 -1.32983165e-01  8.63234174e-02 -3.19730788e-01\n  9.54304710e-02 -1.99808182e-01 -3.31159285e-01  8.92905423e-02\n  2.03504147e-01 -3.01744596e-02 -1.19944518e-01 -6.50683792e-02\n -3.41448921e-02  9.38146923e-02 -2.63322310e-02  1.46438601e-01\n  2.06446750e-01 -1.24866148e-01 -2.25221630e-02  2.86323417e-02\n  9.87581756e-02  1.67826520e-01  2.42434990e-01 -3.61469358e-01\n -1.61038047e-02  4.42459520e-03  9.20220314e-02  1.20819924e-01\n -1.79214921e-01 -7.40406210e-03  2.03688714e-01 -1.54822007e-01\n  1.65203009e-01 -3.28895031e-02 -7.33836201e-02 -2.51206688e-01\n -3.56906571e-01  2.56772709e-01  7.18599295e-02  2.25496173e-01\n -1.20318379e-01  3.90104236e-01 -6.76013460e-02  1.32464029e-01\n  3.92028747e-01  3.69070538e-01  1.69762914e-01 -2.36130751e-02\n  4.67314480e-02  2.21841289e-01 -5.02116429e-02  9.75686968e-02\n  1.28440500e-01  3.28278016e-02 -2.90199562e-01  5.43578223e-03\n  2.76236753e-01 -1.94989855e-02  1.46805863e-01  1.66990952e-01\n -3.36634777e-01  2.66582979e-01  2.10935823e-01 -5.40464297e-02\n  1.21489505e-01  2.34382179e-01 -1.70987657e-01  2.01595884e-01\n  2.89257625e-01 -2.61577549e-02  1.48061307e-01  1.93166689e-01\n  5.83184903e-02 -1.62088847e-01  2.60202627e-01  2.77657587e-01\n  2.71020943e-01  2.12137316e-01  2.42876324e-01 -3.60263664e-02\n  2.41057616e-01 -4.63321064e-02 -4.92799623e-03 -2.26995413e-01\n  9.31600580e-02  3.11248195e-01  1.17591099e-03 -4.14581676e-02\n  1.18955288e-01  2.77923236e-01  3.26537294e-01 -3.51761277e-01\n -2.57801081e-01  1.21751749e-01  3.11304795e-01  6.13399553e-02\n  1.81345084e-02  2.17953842e-01  1.56308590e-01 -4.43411365e-01\n  4.91929260e-02 -2.09780114e-01 -1.01737937e-01 -3.04956361e-01]",
    "olfactory": "[-0.0410694  -0.47440583 -0.00986059  0.09724301  0.50241471 -0.16602803\n -0.42487624  0.1495576  -0.19872447 -0.03714717  0.17557179  0.29226721\n -0.25339853 -0.14582997 -0.0184763   0.1114351   0.21678861  0.30416259\n  0.24642634 -0.39170419  0.17951948 -0.14306589  0.07207299 -0.22295892\n  0.57804491 -0.03161537  0.08576539 -0.23857601  0.32629152 -0.17142577]",
    "pheromonal": "[-0.11903946  0.19584931  0.028788    0.24678079 -0.26708082  0.26172705\n  0.10912656 -0.0271016   0.11605579  0.06293988 -0.27071891  0.13630196\n  0.03654742  0.04949221 -0.1659179   0.02033967  0.01505345 -0.01128125\n  0.05090359  0.17432969 -0.0201067   0.11937311  0.09575325  0.1249537\n -0.28886329 -0.11538006  0.01747046 -0.02081643  0.01384475 -0.02226031]",
    "mechanosensory": "[ 0.04861545  0.24232335 -0.05805648  0.08970037  0.06854802 -0.10630875\n -0.10083541 -0.24321185  0.17793516  0.10745394 -0.32486066  0.23540163\n -0.2618126   0.02174506 -0.02016295  0.33205214  0.06456094 -0.07576972\n -0.10925757  0.08115247 -0.10199096  0.13077048  0.0232883   0.08342206\n -0.23344631  0.00979506 -0.14396098  0.07553971  0.38220988 -0.2227523\n -0.17888225  0.25691188 -0.08335642 -0.14672291  0.20380755  0.21081594\n  0.07851193  0.31205253  0.14744969  0.1236493  -0.13513214  0.05526517\n -0.1116597   0.20176137  0.02124658  0.0817938  -0.01148097 -0.00725881\n  0.16636365 -0.08582348  0.38597653 -0.02641525 -0.34356671 -0.23530467\n  0.03360893  0.03616592 -0.01455019  0.14792166  0.20152262  0.35628887]"
  },