{
  "step": 14,
  "insect_id": "Ant",
  "timestamp": 1753377433.8819258,
  "sensory_input": {
    "visual": [
      1.294632166895175,
      0.9976279213422906,
      -0.11712482648232667,
      0.05237833484381034,
      2.0596517618587384,
      -0.27736042741167555,
      -2.3898802763145297,
      0.3424927439297966,
      -0.12442761939180239,
      -0.4608834939246213
    ],
    "olfactory": [
      0.6384210986096166,
      -0.946354840107203,
      1.6764477204664578,
      0.15600067850836974,
      -0.0637324015574564
    ],
    "pheromonal": [
      0.22235608472606214,
      1.130856591020059,
      -0.33531274148235946
    ],
    "mechanosensory": [
      0.4188571350991834,
      -1.7997017401819984,
      1.3755760337327196,
      -0.5294217732444404
    ]
  },
  "processed_output": {
    "visual": "[-1.95437243e-01  1.93427577e-02 -9.36479991e-02 -3.34097812e-01\n -4.77539092e-01 -1.12463184e-01 -1.37669309e-01 -2.65160518e-01\n  1.38666777e-01  2.07764248e-01  5.08455263e-01 -5.37668644e-01\n  2.93097900e-01 -3.09264823e-01  1.23589669e-01  4.08291165e-01\n -4.81803123e-01 -1.07666574e-01 -2.71610266e-01 -7.38165636e-01\n -3.91599165e-01  4.81836079e-01 -3.36654478e-01  5.62387608e-02\n -3.47007020e-01 -1.84865487e-01 -1.67014106e-01 -9.22368613e-02\n -4.70873422e-01 -1.16045174e-01 -2.42516953e-01 -1.42672532e-01\n  3.05781850e-01 -1.38460732e-01 -3.81666515e-01  2.16654819e-01\n  5.58152047e-01 -1.45318528e-01  1.66963494e-01 -1.68420496e-01\n -4.68503973e-01  2.09868039e-01 -5.28304490e-01  3.19927529e-01\n  2.26591943e-01 -1.50931618e-01  3.08449204e-01  1.35681495e-01\n -1.70035379e-01 -4.36180968e-01 -2.19036989e-02  5.85482359e-01\n  2.85659538e-01  9.90605486e-02  4.50130299e-01  1.62130606e-01\n -4.38567316e-01  2.52846076e-01  1.39592297e-01 -8.55894204e-02\n  2.81007378e-01  1.33380031e-01  1.21992559e-02  3.51619628e-01\n -3.49564738e-02  5.24921720e-01  6.42288210e-01  2.23115770e-01\n  6.02766414e-01  5.40185238e-01 -4.11375790e-01 -4.21774602e-02\n -7.26812352e-02 -5.09056336e-01 -1.78372421e-01  1.75748894e-01\n  1.86532271e-01  2.38313353e-01 -4.11335946e-03 -3.76504023e-01\n -5.97697624e-02  3.35821828e-01 -5.69322801e-01  3.51366283e-01\n  1.70734754e-01 -2.67179488e-02 -6.88592153e-01  1.60955937e-01\n  2.40939121e-01  2.01868353e-04 -2.14747564e-01  2.14491042e-01\n  2.16537922e-01  1.94319567e-02 -1.57209438e-01  2.69696193e-01\n -1.11016659e-01  4.30242950e-01 -1.71710092e-01 -1.19039314e-01\n  5.26639368e-01  3.70499451e-01  2.63849099e-01  3.01324312e-01\n -2.66298339e-02 -6.31849816e-02  1.83623006e-01 -5.99195609e-02\n  5.68251025e-01 -1.42584006e-01  8.44240345e-03 -5.04083496e-01\n  1.14479493e-01  4.12513288e-01 -2.48946189e-01 -1.43021647e-01\n  3.80101347e-02  3.11017246e-01 -5.75774754e-01  4.85988997e-01\n  5.12429963e-02 -2.13806100e-02 -1.92849372e-01 -5.59625123e-01\n  2.62776859e-01  1.70593517e-01  4.35045509e-01 -3.45318321e-01\n  1.02727419e-01  4.84125567e-01 -5.85640563e-03  7.44395065e-02\n -3.10856222e-01 -4.01356138e-02  5.17829118e-01 -1.79056700e-01\n -7.33249347e-01 -1.84651465e-02 -3.10403490e-01 -5.31756321e-01\n  3.80195612e-01  3.00614652e-01 -5.98071406e-01  3.09133853e-01\n  5.53303165e-01 -3.45562456e-01  1.95621994e-02  1.52177587e-01\n -5.27400718e-01  3.64186891e-01  6.73836212e-01  5.20286806e-01\n  7.07195898e-02  3.59393494e-01 -7.45669890e-02  1.30045018e-01\n  3.50065912e-01  2.39969994e-01  3.15339785e-01  2.33887022e-01\n -1.46941525e-01 -2.27441292e-01 -1.74620529e-01 -2.40034527e-01\n -2.12438820e-01 -5.78115129e-03  5.22319692e-01 -5.26090515e-01\n -2.64416087e-01  2.27372868e-01 -1.78349443e-01 -2.55250367e-01\n  7.14996453e-01 -3.69056626e-01  3.59828100e-01 -1.62055479e-01\n  1.63970068e-01  2.82645056e-01  1.98519540e-01  6.67537885e-02\n  3.67632790e-03  5.32246815e-01 -6.09082926e-01  3.48811269e-01\n  8.31664212e-02  4.74870858e-02 -1.15295427e-01  9.67323914e-02\n  4.03796811e-01 -1.44519506e-01 -3.64451821e-01 -3.00524891e-01\n  2.42433161e-02 -2.14314477e-01 -5.09795880e-01  1.18495827e-01\n -1.46408008e-01 -6.22891610e-01  6.80661716e-01  7.68675955e-01]",
    "olfactory": "[ 0.39527754 -0.15450315 -0.17824256  0.21761062 -0.30836519 -0.11434137\n -0.07906722 -0.01805352 -0.12404221  0.08281997 -0.13642941  0.01389633\n  0.14031484  0.23172267 -0.06004928  0.3018781  -0.25716249  0.14434333\n -0.00745475  0.00952866 -0.20962258  0.05737194 -0.11456295  0.22854909\n  0.22384195  0.10491713  0.06879738  0.23080199 -0.16348012 -0.00463171]",
    "pheromonal": "[-0.3493517   0.14789288  0.17921911 -0.18871383  0.2929825  -0.05785056\n  0.02711109 -0.15558701 -0.02557571 -0.15235749 -0.01835793  0.20206012\n -0.00987923 -0.0634095   0.0497183  -0.15870152  0.1696429  -0.00808603\n -0.1049064   0.02171697 -0.02768894  0.1282923   0.16664736  0.08555468\n -0.14651181  0.06556074 -0.13171425 -0.12545638  0.00809797  0.08872913]",
    "mechanosensory": "[-0.35323964  0.10563283 -0.16665534 -0.30319859  0.21237583  0.35046228\n -0.0011149  -0.0556541  -0.10738092 -0.05321267  0.1192357   0.32076646\n  0.1494989   0.17618078 -0.005184   -0.43758771  0.17176031  0.29967153\n -0.2155374  -0.09602486 -0.05835768 -0.16235688 -0.22629083  0.0485301\n -0.13237265  0.10873525 -0.16707225 -0.37144941 -0.37447486 -0.4375264\n  0.1911335  -0.1444968   0.33000899 -0.40700493  0.18244347  0.46256624\n  0.12895591  0.19669208 -0.15415998  0.40868195  0.04576395  0.2550388\n  0.19297928  0.10980284 -0.25662595 -0.05376651 -0.3420104  -0.1438975\n  0.02736882 -0.10800292 -0.15507259  0.22263551  0.1094924  -0.04173866\n  0.35094392  0.091346    0.27586525 -0.16171355 -0.1995468  -0.19435257]"
  },