{
  "step": 78,
  "insect_id": "Fruit_Fly",
  "timestamp": 1753377493.3490903,
  "sensory_input": {
    "visual": [
      1.0175347038915719,
      -1.313633107688633,
      -0.9909541685394269,
      -1.1285550496111791,
      -0.048397080517236006,
      -0.09085389791934848,
      -0.0486769332192557,
      -1.742455856711834,
      -0.513187782050952,
      -0.5719018714251515
    ],
    "olfactory": [
      0.8926160831299353,
      -2.084712764186359,
      0.5585602181578222,
      0.12827652306293943,
      1.1761352479304734
    ],
    "pheromonal": [
      -0.006347920519843271,
      0.3207343021928013,
      -1.7368237180887747
    ],
    "mechanosensory": [
      -0.9962582181260031,
      -0.8049297272976264,
      1.1243238577185934,
      -0.23224738351564797
    ]
  },
  "processed_output": {
    "visual": "[ 0.11946953  0.01137307 -0.1359351  -0.15280878 -0.35191893  0.58115714\n -0.21918383  0.05468548  0.46404416  0.47398132 -0.15556458  0.00366134\n -0.05919971  0.54950893  0.39949754 -0.14335863 -0.50143232  0.23636997\n -0.09062685 -0.24840531 -0.29331673  0.16476342 -0.23636985 -0.5605201\n  0.07097988 -0.11022418  0.40653899  0.13724635  0.25689659 -0.23295132\n  0.39914633  0.03592379 -0.39780012 -0.17659863  0.23093644  0.3586376\n -0.10775512 -0.01567694  0.14973873  0.21079677  0.07554236  0.01095024\n  0.03607702  0.25105627  0.23556221 -0.1905804  -0.47639918  0.01506691\n -0.06994947  0.07968029 -0.18864858  0.22046685 -0.3841293   0.39315947\n -0.09629333 -0.36463759 -0.03434091  0.31432368 -0.13959694 -0.28943147\n -0.15118454  0.26390332  0.20908502  0.12638835 -0.090055    0.18048329\n -0.1591422  -0.04209477  0.0870949  -0.11751013 -0.24972711  0.15084985\n -0.09003259  0.11203338  0.03436024  0.26059997  0.37403678 -0.25932229\n  0.22955879 -0.01133567  0.10443336 -0.38579886 -0.38107962 -0.16560792\n -0.38559033  0.28534597 -0.15699244  0.31971549 -0.05254446  0.17001186\n  0.07753796 -0.23172226  0.11878983  0.01054674  0.65230851 -0.22441955\n -0.15862076  0.29415271 -0.10100322 -0.13859649 -0.51769911 -0.13198517\n -0.31383378 -0.18194626 -0.31403428  0.22415122 -0.19954308 -0.22587574\n -0.00283397  0.30724531  0.51618287 -0.2009144  -0.304672    0.28587946\n  0.23918885  0.10162    -0.10000665 -0.38919493  0.13296602 -0.22581718\n  0.73568613  0.07744039  0.19740346 -0.2144442  -0.20152822  0.037446\n  0.23363723  0.12512411 -0.36319295 -0.11223339  0.56237574 -0.08756041\n  0.22813359 -0.17968062 -0.34316049 -0.56512892 -0.11727734  0.18801205\n  0.58973437 -0.32883066  0.09298735 -0.26629205  0.12002862 -0.15602547\n  0.27052919  0.02169256  0.01508579 -0.38395101 -0.1388435  -0.30607475\n  0.18849638 -0.11584805  0.10380522  0.08552401 -0.05374653  0.10240899\n -0.59376078  0.10845133  0.03331048 -0.08949172  0.61007254 -0.15925751\n -0.02397513 -0.04506865 -0.17583023 -0.04737666 -0.32188649  0.23604077\n  0.018855    0.58937582 -0.42868696 -0.24627181  0.04009115  0.1965217\n -0.10603761 -0.13468797  0.59615734  0.28983034  0.22756022  0.16579117\n  0.25924432  0.26639935 -0.19420856 -0.05555266  0.4244226   0.02624693\n -0.48072077 -0.16869311  0.49423237  0.03022699 -0.16441041 -0.1950417\n -0.01035179 -0.55894541  0.16462938 -0.19750628  0.01775176 -0.04017491\n -0.20540761 -0.35880681]",
    "olfactory": "[-0.4857593  -0.134599   -0.14961823 -0.3423994  -0.43491213  0.40177995\n -0.32453147 -0.06515399  0.1367836   0.48803877  0.11189803 -0.18303945\n -0.13787065  0.04642283 -0.06928863  0.19669063 -0.21078966 -0.19349198\n -0.13496407 -0.10024861  0.22510591  0.24819001 -0.37629021  0.48035428\n -0.33835194  0.1248203   0.19091055  0.26316078 -0.11272841  0.32552941]",
    "pheromonal": "[ 9.51634493e-03  4.19849442e-01  1.01499457e-01  3.99541654e-02\n  4.53021138e-01 -1.31332253e-01 -1.26506593e-05 -7.06873095e-02\n -7.46102179e-02 -1.41792335e-02  7.48730745e-02  2.10795789e-01\n -2.67715543e-01 -5.34009623e-02  1.86209535e-01 -3.32363381e-01\n -1.23536181e-01 -1.56748363e-01 -9.83693964e-02 -2.24578185e-01\n  8.11383616e-02 -1.85338998e-01 -3.69971830e-02 -1.70380933e-01\n -9.97171247e-02 -3.71441825e-02 -1.83677026e-01  1.15186185e-01\n  8.99549499e-02 -2.11423117e-01]",
    "mechanosensory": "[ 0.28603661 -0.41929884 -0.14276402 -0.0645706  -0.1805044   0.03390237\n  0.2343295   0.05078107 -0.44825317 -0.16477302  0.13125508 -0.31478719\n  0.0332142   0.25329326  0.20118391  0.13402426  0.20953464  0.26227839\n -0.08709638 -0.12617118 -0.00598256  0.19762714  0.02864259  0.00779771\n -0.09831437  0.22034423  0.24925853 -0.31513443  0.2230528  -0.14363195\n -0.10072331 -0.10957194  0.18057795  0.09457091  0.00053542  0.02931214\n  0.28272945  0.09876705  0.09975287  0.08822477 -0.24030194 -0.13882248\n  0.20584909 -0.38272876  0.18571158 -0.18394327  0.15214402 -0.07512813\n -0.02170337 -0.48275305  0.0111182  -0.22036788 -0.03686755 -0.0269118\n -0.15227697  0.16628089  0.01170402 -0.01249039  0.27014991 -0.28389366]"
  },
  "neural_activity": {
    "mushroom_body": [
      0.9573342550431373,
      0.5685218001748344,
      0.1532728767834156,
      0.440756085521535,
      0.4259028932173351,
      0.8065279792960456,
      0.735175839227128,
      0.5075710583125029,
      0.3182408848813949,
      0.1857101658658754,
      0.147293821091668,
      0.5144536606534947,
      0.45121488345427196,
      0.4906687440412314,
      0.9154397942576439,
      0.03221105435352989,
      0.5357325732152792,
      0.1382546922159048,
      0.36067250393003913,
      0.5332526610283069,
      0.8730295292421824,
      0.04063562036991242,
      0.7485949842136878,
      0.3405914174807766,
      0.18318381682710538,
      0.5600384713303344,
      0.1937550886838283,
      0.5397260475592325,
      0.5783223468361413,
      0.9653669883642755,
      0.4658507608321515,
      0.041218211917091296,
      0.9430155978024163,
      0.2674308460540551,
      0.7293295369440447,
      0.57561750059022,
      0.8256796537657,
      0.8151716530122752,
      0.5281132367497178,
      0.8266383224215215,
      0.7639307513444167,
      0.2648371836316852,
      0.5252438849384159,
      0.5541905466888357,
      0.37818191129782974,
      0.7450469935471635,
      0.2806576625628212,
      0.970184082071879,
      0.823677363336939,
      0.978073118620327,
      0.49119614886596097,
      0.6255023153178355,
      0.3681622586961123,
      0.27170809027288534,
      0.7049624491081308,
      0.9090151895400193,
      0.41775828586490404,
      0.6095412889618553,
      0.585938072687339,
      0.8930936343998793,
      0.9166908334120343,
      0.8584724743974405,
      0.4721485132611529,
      0.4807210850130702,
      0.966113607256765,
      0.14152773929286366,
      0.6864110737296917,
      0.8136470071682644,
      0.6496913523967113,
      0.8044161094802286,
      0.6584368982773874,
      0.7552418973233255,
      0.616923263713886,
      0.3417038976597814,
      0.3231289351313176,
      0.1544216935411289,
      0.7029083784993677,
      0.5724367368870931,
      0.2916010291694956,
      0.02198318626477036,
      0.1818806884802623,
      0.9196557994989446,
      0.6893228355088742,
      0.8528493442801934,
      0.33072324176447354,
      0.4919088973308279,
      0.9279620406010517,
      0.28301492112311355,
      0.076863264671996,
      0.21435225530737068,
      0.47425321392117226,
      0.3668784589614873,
      0.8654826015894379,
      0.22710319324722184,
      0.7957563775459994,
      0.5848636850024898,
      0.9513743724371871,
      0.09511916040574064,
      0.46089376742698995,
      0.027475684173515202
    ],