{
  "step": 53,
  "insect_id": "Honeybee",
  "timestamp": 1753377473.5297332,
  "sensory_input": {
    "visual": [
      -0.534274130196645,
      1.4270985278735038,
      -0.534293857692164,
      -2.10629623387237,
      -0.08745274692220498,
      -1.6367773240985726,
      -1.7404591039775124,
      1.3150590330476113,
      -0.9672387067750159,
      1.0342054939574756
    ],
    "olfactory": [
      -0.21590161527754473,
      -0.616421005444612,
      -1.2631331749255388,
      -0.31441069906161695,
      0.8720502747003688
    ],
    "pheromonal": [
      -0.3625939181807545,
      -0.9802884979341934,
      -0.3298470579589489
    ],
    "mechanosensory": [
      0.2324800937920437,
      1.725465040518258,
      -1.3358976783298313,
      -1.349136312198953
    ]
  },
  "processed_output": {
    "visual": "[ 3.15485950e-01 -7.90162484e-01  1.97761013e-01 -1.84279357e-01\n  5.12141358e-01 -4.89255184e-01 -4.64948459e-01 -3.93079194e-01\n  4.53749611e-01  5.54782970e-01  2.89230728e-01  7.07114329e-01\n -9.68374562e-02 -2.35999943e-01  3.42863476e-01 -4.04096796e-02\n -5.09485526e-01 -1.20708948e-01 -5.24103282e-01 -4.11980643e-01\n  3.50827918e-01  8.78056301e-02  3.05423065e-01 -1.68913989e-01\n  4.89986621e-02  4.23160889e-02 -1.33940550e-01 -5.83720590e-01\n  5.69057576e-01 -7.12135574e-01  4.05903960e-02  2.98621376e-02\n  6.68148493e-02 -3.55781036e-01 -2.01611217e-01  1.04375387e-01\n  2.13001279e-02  2.03982889e-01  6.33614617e-01  5.21994365e-01\n -3.13716351e-01  5.82587086e-01  4.97205463e-01  5.81066386e-01\n -5.21277482e-01  3.60468811e-03 -5.50707538e-01  3.91192224e-01\n  1.98988568e-01 -6.40695256e-01 -1.92192648e-01  3.33352120e-01\n -2.90894449e-02 -2.38966635e-01  3.52395536e-01 -5.88601452e-01\n -3.51387819e-01  5.61330222e-02  2.61427390e-01 -8.96530465e-02\n  1.67175833e-01 -1.73658310e-01 -4.67486024e-01 -1.92721344e-01\n -6.68105139e-01 -2.22114439e-01 -5.40467937e-01 -4.61712247e-01\n  3.86029447e-02  2.08335425e-01 -2.75267763e-01 -4.78750052e-01\n  6.05196988e-01  1.98981388e-02 -4.93833135e-02 -1.01060413e-02\n  6.05595746e-02  1.72752373e-01  2.14670994e-02 -1.96411580e-02\n -4.46321586e-01 -1.01150901e-01  6.58390193e-02  7.81267303e-01\n  4.03011666e-01  1.59758358e-01 -6.96840031e-01 -4.86753757e-01\n  4.15916269e-01 -2.92219567e-01  1.28016124e-01  6.98667991e-01\n  7.57595484e-02  1.95952126e-01  8.89104592e-02 -4.72236511e-01\n -1.89174528e-01 -6.35958737e-01 -3.27225713e-01 -4.47127908e-01\n  3.74168096e-01 -3.62560572e-01  3.75077551e-01  7.12204976e-02\n  7.06658461e-01  8.62900187e-02  3.23428343e-01 -3.42644728e-01\n -2.67621150e-01  5.32289521e-01 -3.09265847e-01  6.98675235e-01\n  2.42466360e-01 -1.92550178e-01 -2.45712822e-01 -2.02405944e-01\n -7.16543428e-02 -1.25751279e-01 -2.33979835e-03 -1.36795097e-01\n  1.60577608e-01 -2.87729552e-01 -2.67640527e-01  3.06712710e-01\n -3.78518763e-01 -4.28241081e-01 -2.77736248e-01 -4.13468659e-01\n  3.69421913e-01  1.38481426e-01  3.28654510e-01 -1.39147021e-01\n -3.99741181e-01 -1.78687138e-02 -2.72674602e-01  2.46296148e-01\n -4.85877015e-01 -7.01737953e-02  1.91788404e-01 -4.63748337e-02\n  1.34337658e-01  2.51711895e-01  9.52142141e-02 -4.01854394e-02\n  6.13953187e-01  5.39316927e-02  7.40689304e-02 -3.72455336e-01\n -2.16349530e-01 -3.01842862e-01 -4.90393389e-01 -4.21080754e-01\n -7.69407812e-02 -4.03563828e-01  5.44725315e-01 -5.07087629e-04\n -2.19522674e-01 -1.24785339e-01  2.96626653e-01 -1.50837372e-01\n -9.58062887e-02  3.44909814e-01 -5.03120563e-01  3.44572025e-01\n  4.01668602e-01  5.02523569e-02 -6.66543902e-01  4.31794925e-01\n -9.58183117e-02 -2.66475800e-01  3.77924188e-01  5.26476373e-01\n  2.35188772e-01 -3.50391917e-01 -1.15596477e-01  1.21916401e-01\n  3.27210425e-02 -5.01579798e-01  1.26426975e-01 -3.40238508e-01\n -6.73369379e-01  4.85266901e-01 -1.07302874e-01  7.31713681e-01\n  6.56252611e-01  6.24388937e-01 -3.62987399e-01  6.54573887e-01\n  3.75590838e-01 -5.06641476e-01  6.28730145e-01 -1.59904255e-02\n -1.96466550e-01  3.64664669e-01  4.07990293e-01 -2.16900592e-01\n -4.90568273e-02 -3.14825264e-01 -1.78034411e-01 -7.13363396e-02]",
    "olfactory": "[-0.05288513 -0.15452317 -0.21141455 -0.03383044  0.36994584 -0.00774358\n -0.00335835  0.10429531 -0.3463446   0.12256796 -0.03839127 -0.37971731\n  0.23542993 -0.11541664  0.32263511  0.01167011 -0.13694199  0.03848817\n -0.21594545 -0.31476092  0.03757448 -0.20150538  0.17043848 -0.15943169\n  0.06802675 -0.07472924  0.01825495  0.19045834 -0.02547631  0.25770596]",
    "pheromonal": "[ 0.02761654  0.02417501 -0.14286192  0.18937122  0.04645388  0.10750103\n  0.00024065 -0.03822579 -0.1890713   0.15470697 -0.13367848 -0.14604595\n  0.09523442 -0.08864207  0.1282639   0.06849737  0.03251252  0.0096451\n -0.13729556 -0.12959898  0.02657133 -0.02387782  0.19942814  0.00523256\n -0.12807176 -0.11670744 -0.00784904  0.16342158  0.06282111  0.07440438]",
    "mechanosensory": "[-0.09442305  0.23302842 -0.14500826 -0.01191297  0.00246771  0.38702082\n -0.33455845  0.19889022 -0.13284081 -0.26891508  0.11650107  0.08421813\n -0.12691402  0.41067164  0.23680958  0.03911657 -0.09046056 -0.15743926\n  0.1857158   0.23257238 -0.02721138  0.1916736  -0.09127997  0.11627373\n  0.17305996 -0.09463938 -0.07649383 -0.12577955  0.07005206  0.16362043\n  0.10090536  0.49026318 -0.34480288  0.40304189 -0.01644274  0.18923153\n -0.23047237 -0.48893795 -0.23738204 -0.16894435  0.24635324 -0.17543893\n -0.1706105  -0.36501004  0.02215578  0.02512377 -0.4092857  -0.34888542\n  0.02075637 -0.12369662 -0.26199022 -0.08820689 -0.17328945  0.12901416\n  0.2036719   0.08987713  0.3322649   0.21670226  0.0376227   0.08165375]"
  },