{
  "step": 12,
  "insect_id": "Fruit_Fly",
  "timestamp": 1753377433.858682,
  "sensory_input": {
    "visual": [
      -1.5087737848432703,
      -0.8388471999156356,
      -0.5308316974093512,
      -1.7440121605915582,
      1.9983140134549897,
      -0.15279066062865534,
      -0.14797182733404932,
      -0.8634036872813446,
      -0.579719819216281,
      -2.1672123072315417
    ],
    "olfactory": [
      1.737210900952373,
      -0.15973207947356474,
      0.05258358312496765,
      -0.8103507286649432,
      -0.11242404846830106
    ],
    "pheromonal": [
      0.3039864031227596,
      0.42249532978590776,
      1.262404653714605
    ],
    "mechanosensory": [
      1.079350139407675,
      -1.2754818019305183,
      1.1179502620420576,
      -0.8452003981346723
    ]
  },
  "processed_output": {
    "visual": "[ 1.62685616e-01 -2.28633386e-02  3.12702223e-01  2.91834473e-01\n -7.14321260e-01  1.65365889e-01 -6.33998825e-01 -3.70217426e-01\n  1.77146425e-01  2.85588885e-01 -1.04201770e-01 -1.65967154e-01\n  2.20505905e-01  7.81935156e-01  4.82372691e-01 -1.00395826e-01\n -1.03604119e-01  1.96974673e-01  5.63303497e-01  3.50643351e-01\n -4.72725275e-01  8.48747561e-02 -1.17384591e-01 -2.45040372e-01\n -2.56234292e-01 -1.12839444e-02  7.64733986e-01  9.48495472e-02\n -1.22528070e-04  2.59263032e-01  4.14761368e-01 -5.95781646e-01\n  5.74109537e-01  5.89690147e-02  1.90271349e-01 -1.15672881e-01\n -3.45989834e-01 -1.52432630e-01 -4.34823389e-02  4.17337073e-01\n -5.68261827e-01  6.15262170e-01  5.18951464e-01  2.99968376e-01\n -4.26792362e-01 -7.68534846e-01  1.05648783e-01  2.59461977e-01\n -5.30339849e-01 -1.86594967e-02 -2.70628321e-01  7.46670876e-01\n -4.94379918e-01  3.67308352e-01 -2.29277599e-01  1.71403809e-01\n -1.79726143e-01  5.85280158e-02 -5.00967325e-01 -6.22557128e-02\n  1.07829372e-01 -2.52945671e-01  5.16518323e-01  2.46811432e-01\n -4.61770607e-02 -6.84490199e-02 -4.48591296e-01  1.05136605e-01\n  1.35333300e-01 -5.23942865e-01 -1.53002537e-01  3.65713274e-01\n -1.23464429e-01 -6.64827618e-02 -2.75739008e-01  2.15274257e-01\n -8.62323636e-02 -2.30393843e-01  5.00245926e-01 -3.19228009e-01\n -3.75256646e-01 -2.16781693e-01 -1.75781341e-01 -4.67404378e-01\n -2.53928539e-01  2.72169124e-01  1.79692015e-01  2.36282747e-01\n  2.88723768e-02 -5.21612099e-01  1.08365153e-01 -4.81052335e-01\n  6.31552118e-01 -7.13378712e-01 -1.00560260e-01  7.94990374e-02\n  3.94517605e-01  2.26315127e-01  4.81779432e-01  7.96354574e-02\n  4.47911513e-01 -4.30963035e-01 -6.00589137e-01 -3.33822982e-01\n -2.49944372e-01 -1.53473378e-02 -3.79464354e-01  8.45676059e-02\n -6.21366560e-01  5.68542170e-01  2.24413979e-02 -2.59085427e-01\n -6.96336389e-01  2.84071586e-01  4.51268284e-02  2.80146098e-01\n -4.57891947e-02 -8.44751615e-01  3.07637767e-02  1.22458901e-01\n  7.05708144e-01 -2.80266557e-01  5.18423252e-03  2.63909990e-02\n  3.27347482e-01  5.62666335e-02  4.06838385e-01 -3.94367037e-01\n -2.17742590e-01 -3.95300840e-01 -2.98104316e-01 -3.41898604e-01\n  5.72849977e-01 -2.83396110e-01  6.44876259e-03 -6.99974041e-01\n  6.57799035e-05  8.09454188e-02  5.58171897e-01 -5.54522451e-01\n  4.45604552e-01 -4.21304973e-01  3.11472527e-01 -4.77324592e-01\n  5.25066745e-01  6.51071389e-02  1.65440612e-01  1.18954432e-01\n -3.75520433e-01  4.42713713e-01 -8.25926470e-02 -4.87978781e-01\n  3.68284868e-01  2.41203077e-01 -2.13606341e-02  1.61588242e-01\n -2.65754674e-01  5.00538498e-01 -2.77307692e-01 -6.91452763e-01\n -1.76113263e-01  4.87394548e-01  6.32290883e-01 -3.41923099e-01\n  4.25898803e-01  2.64724975e-01  6.81273174e-02  2.92557629e-01\n  3.34045863e-01  2.78701312e-01 -2.97234805e-01  4.01646799e-01\n -1.55485054e-01 -7.15889788e-02 -1.73724644e-01 -2.44749862e-01\n  6.20091385e-01  4.43463563e-01 -4.49907631e-01  2.58417245e-01\n  1.27015561e-01  3.13454663e-02 -1.09148311e-01 -3.79502184e-01\n  4.00524852e-01 -3.28713379e-02  2.38719705e-01 -6.86244319e-01\n  1.98001173e-01  3.57875480e-02  6.78913208e-01  1.28859054e-01\n  2.87321764e-01 -4.34845314e-01  1.96159276e-01 -5.11297915e-01\n -2.32001855e-01 -3.92812114e-01 -1.26147537e-01 -1.32254329e-01]",
    "olfactory": "[-0.16150317 -0.11258832 -0.0862694  -0.13027919  0.09248303  0.06916416\n  0.14674486  0.04618229  0.0044022   0.47456777  0.07359197 -0.17258177\n  0.15943606  0.01403844  0.10176878 -0.05939727 -0.04738863 -0.32803795\n  0.16680969 -0.19265248 -0.04654102 -0.07324454 -0.05604624  0.08638152\n -0.2968883   0.03818404 -0.12919037  0.17049474  0.33385968  0.27253974]",
    "pheromonal": "[ 0.04295413 -0.24062106 -0.02556617  0.04273415 -0.26159176  0.04992714\n  0.17514712  0.12164645  0.09786538  0.014837   -0.08498803 -0.18014565\n  0.24009527 -0.01724671 -0.04272026  0.1500556   0.13243914  0.04634974\n  0.09800231  0.16781726 -0.09563984  0.00814262  0.20167317  0.02759001\n  0.04711332 -0.04790817  0.12254188 -0.13364145 -0.03076486  0.15459951]",
    "mechanosensory": "[ 0.15829261  0.01005641 -0.136402    0.31585583 -0.171491   -0.10704768\n  0.30401497 -0.18907414 -0.10744785 -0.48220794  0.16520978 -0.18310415\n  0.0663123   0.2240538  -0.34470554  0.03354285  0.06113567  0.20918045\n -0.25315258 -0.08492441  0.03963042  0.40985242  0.14274397 -0.02232696\n -0.14420287  0.33577084 -0.02254204 -0.15205139  0.08026847 -0.28615974\n -0.21010149 -0.18609318  0.23563224 -0.23116234 -0.14269938  0.04521803\n  0.16430037  0.20086811 -0.03491309 -0.25465616 -0.23775388  0.27238892\n  0.11704583 -0.24301604  0.45813502 -0.12609361 -0.07441658  0.06971818\n -0.04578552 -0.15083619  0.20860388 -0.31903156  0.12720362  0.15588943\n  0.0807271   0.16671915 -0.04086288 -0.09585363  0.12689649 -0.28618066]"
  },