{
  "step": 38,
  "insect_id": "Ant",
  "timestamp": 1753377453.6078975,
  "sensory_input": {
    "visual": [
      2.0488043787936805,
      -0.12380774794869337,
      0.34410686388498357,
      0.9549469868014906,
      -0.6462621079749467,
      1.298473994314418,
      0.22435088502281528,
      0.9130147412961286,
      1.3402879838776496,
      1.5336601384389301
    ],
    "olfactory": [
      -0.7084074680957136,
      1.2185260026707094,
      -0.5858707577868144,
      0.5775468611664617,
      2.2928711389264422
    ],
    "pheromonal": [
      0.8232784674519515,
      -0.24549804921886453,
      -0.495056674862685
    ],
    "mechanosensory": [
      1.510848083954207,
      0.4170373883342898,
      -0.4780540508438255,
      1.172070951442859
    ]
  },
  "processed_output": {
    "visual": "[ 8.61964090e-02  2.11522001e-01  2.41895171e-01  1.06312080e-01\n -2.61907516e-01 -1.69006170e-01 -2.77718446e-01  2.91032445e-01\n -1.81416387e-02 -3.55784494e-01  3.10606700e-01 -5.79309604e-02\n -2.01314282e-01 -2.36971786e-01  3.91798131e-01  1.74347107e-01\n -1.14574871e-01  3.41724543e-01 -3.19624008e-01 -3.20910028e-01\n -5.77282445e-01 -2.52229109e-01 -4.24738878e-01  4.06487497e-01\n  4.87235741e-01  8.81111125e-02  3.99651015e-01  4.72154099e-01\n  2.67383210e-01 -2.90854217e-01 -1.83349980e-01  3.88663540e-01\n  3.15782434e-02  1.79605729e-01  4.13324820e-01  2.43719723e-01\n -1.46160371e-01  4.20181018e-04 -4.10530121e-01  8.89665138e-03\n  8.83235337e-02 -5.87767978e-02 -7.72414677e-01 -1.91616354e-01\n  2.67107114e-01 -4.64097785e-01  1.74601091e-02  2.34797143e-01\n -4.15789166e-01 -2.91643940e-04  3.54458793e-01  1.80432287e-01\n  1.81429889e-01 -7.37062924e-02 -1.81380773e-01 -2.41123212e-02\n -2.60825800e-01 -1.72306458e-02 -3.07474728e-01  3.49507609e-01\n  1.24269308e-01 -2.46466762e-01  1.68880238e-01  4.73456380e-03\n -3.16114999e-01 -6.15156644e-01  7.19954748e-02 -3.25777349e-02\n -5.37928387e-01 -1.47960096e-01  3.02305298e-01 -4.31448847e-01\n -3.43108074e-01 -2.75575615e-01 -3.26751219e-01 -3.10878605e-01\n -2.66429234e-01  1.64540419e-01 -3.87924787e-01  7.46747493e-03\n  5.55611209e-01 -2.73119782e-01  1.57601057e-01 -7.83216152e-02\n  2.56530196e-01 -2.66399300e-01  3.52821773e-01 -4.35836498e-02\n -1.55546592e-01 -5.66256785e-01 -3.51349973e-02 -1.36679949e-01\n -2.95744161e-01 -3.46067724e-01 -1.71795064e-01 -3.54002857e-01\n -5.33007087e-01  4.43936171e-02 -4.47472533e-01  1.94610864e-01\n  9.95954795e-02  1.02301497e-01 -8.07821688e-02  4.38708903e-03\n -9.99330360e-02 -2.43341460e-01 -3.93881400e-01  3.09277317e-01\n  5.59155624e-01 -1.96279271e-02 -1.03906825e-01 -9.40569295e-02\n -2.05352103e-01  6.87065481e-01  1.10290249e-01 -2.18217246e-01\n -1.45568467e-01 -2.74666049e-01 -4.57678037e-01  6.06494349e-01\n  3.24853158e-01 -5.15165772e-01  4.45463228e-01 -2.77490748e-02\n  3.20806141e-02  4.65301928e-01 -2.25805883e-01  9.24649098e-02\n  3.94317654e-01  4.35161668e-01  4.82865945e-01  1.46482317e-01\n  2.33437722e-01 -2.11340525e-01  5.15607707e-01  2.00559771e-01\n -1.10805193e-01 -1.26355587e-01  4.70519830e-01 -1.69423940e-01\n  4.98117295e-01 -2.30625280e-01  7.23392321e-02  4.43266448e-02\n -3.58768571e-01  4.77195105e-01 -7.26088651e-02 -1.72861072e-01\n -4.68819489e-01  8.82279359e-03  3.11858189e-01 -5.86740036e-01\n  2.74684809e-01  3.95369797e-01 -1.50379019e-02  9.60338438e-02\n  4.73783491e-01 -3.30867225e-01 -3.04362668e-01  4.39608922e-02\n -5.12051652e-01  6.23521531e-02 -3.20517896e-02 -1.35997001e-01\n -1.20601094e-01  6.23792564e-01 -6.25788116e-01  4.41248348e-01\n  5.90218498e-02 -6.66612731e-02 -2.47095237e-01 -1.43575237e-01\n -3.75993737e-01  6.00385180e-02  2.00722522e-01 -4.11475389e-02\n -3.86345770e-01 -2.96381100e-01 -6.68202398e-03  2.37868860e-01\n -1.00399599e-01  2.71999992e-01  3.40933906e-01 -1.62292398e-01\n  4.89093846e-01 -2.15878605e-01 -1.21817783e-01  6.45749502e-01\n -3.86109443e-01 -3.24506941e-02  7.11433296e-01  5.76259014e-01\n -4.02988011e-01  6.46147445e-01  3.95018678e-01  1.68169839e-02\n  1.21237389e-01  7.85994113e-02  1.46486848e-01 -6.93413516e-02]",
    "olfactory": "[ 0.05069755  0.55455798 -0.20888199 -0.76349683  0.40988812 -0.48077736\n -0.05370007 -0.19640669  0.41418949  0.20858742 -0.09127937 -0.1564568\n  0.01735553  0.21037116  0.22843247 -0.55256383  0.2380461   0.03238953\n -0.28097667  0.4400755   0.13745882  0.00391039  0.39484342 -0.06920879\n -0.224704   -0.0262707  -0.29896508  0.10672801 -0.19511089  0.05182456]",
    "pheromonal": "[-0.09956032 -0.17786145  0.03217419  0.12299862  0.01495879  0.04864318\n  0.00071818  0.19906491  0.00781843 -0.16076614  0.1024196   0.23105841\n -0.11277455  0.08426963 -0.0458231   0.04014545 -0.17091086 -0.05996556\n  0.03522576 -0.02230597 -0.1527735   0.04353186  0.06226433 -0.09141554\n  0.02266301  0.15022052  0.0233729  -0.23503067 -0.01536181  0.0458314 ]",
    "mechanosensory": "[ 0.0344176   0.01459289  0.07166991 -0.13311308  0.01950964  0.10074964\n  0.06311005 -0.12076751 -0.05233188 -0.25652077  0.38003545 -0.14487616\n -0.07758293 -0.07518855  0.01315668 -0.03970693 -0.03477801 -0.18041036\n  0.39731783  0.04524238  0.26601943  0.02110945  0.32713049  0.13923133\n  0.05539085 -0.01280444  0.26153483 -0.13976155 -0.03997094 -0.1233345\n  0.08485532  0.31191423 -0.23195025  0.2738229  -0.30083401 -0.10048867\n  0.0108884  -0.19716711  0.22682376  0.12038116 -0.02845236  0.38147332\n -0.06662897 -0.0561593   0.07707508  0.30937266 -0.13508556  0.09665703\n  0.16822589  0.20674343  0.2776981   0.11283854  0.09583289 -0.12636751\n -0.03606385 -0.09762208 -0.41810229  0.00253423  0.17130566 -0.09021126]"
  },