{
  "step": 92,
  "insect_id": "Honeybee",
  "timestamp": 1753377493.5049512,
  "sensory_input": {
    "visual": [
      1.4701237430520313,
      0.8113892661922987,
      -0.03201428664648118,
      -0.9103747625545685,
      -0.028286393290481122,
      0.6053538422545024,
      1.7113487277728319,
      -0.2549505697119464,
      -1.9023981889611479,
      -0.0836458210037003
    ],
    "olfactory": [
      -0.3965931574377437,
      1.1722773596009581,
      -0.9786293216874409,
      -1.6246863325873881,
      1.121688025129597
    ],
    "pheromonal": [
      0.3925213664150219,
      1.2067448846633153,
      -0.3004352693759035
    ],
    "mechanosensory": [
      0.48208967181125073,
      1.3535376213333563,
      -0.820469358436338,
      -0.03577180189512754
    ]
  },
  "processed_output": {
    "visual": "[ 2.68765143e-01 -1.79995266e-01  2.53728449e-01 -4.53824478e-02\n  3.22342985e-01 -4.85702192e-02  4.48456528e-01 -1.85893030e-01\n -5.73921736e-02  1.79105101e-01 -2.51434113e-01  5.09254386e-02\n -2.44327839e-02 -5.55503626e-01 -5.29506452e-02  3.91212055e-01\n  3.50936958e-01  1.74430072e-01  4.13155822e-01 -5.07738373e-01\n -2.91684535e-01  5.38623505e-01  1.48805057e-02  1.39837252e-01\n  3.08115117e-02  1.19550266e-01 -1.23088332e-01 -6.28220293e-01\n  4.84635007e-02 -3.25023894e-01  2.14811147e-01 -1.18048565e-01\n -2.29871146e-01 -1.71455859e-01  4.79943129e-01  5.66745675e-01\n  2.04204599e-01 -2.21762068e-01  1.65109657e-01 -2.25997780e-01\n  1.59557962e-01  2.04635655e-01  1.74290524e-02  1.28326924e-01\n -1.57372505e-01  2.64700829e-01 -1.11645640e-02 -3.78358402e-01\n -2.66100561e-01 -2.69427866e-02  3.27325015e-02 -4.98033347e-01\n -2.29192138e-01 -3.60672845e-01 -7.25854654e-02  3.69333496e-01\n  1.90709548e-01  1.94881114e-01  5.34788498e-02 -2.94301258e-01\n -3.55019158e-01  1.59048228e-01 -2.30941746e-01 -6.97568467e-01\n  1.92005261e-02 -3.54167073e-01 -5.74112537e-02  2.45177614e-01\n  4.30720804e-01  1.88100058e-01 -8.68781489e-02 -2.18978940e-01\n -2.40605838e-02 -6.27404615e-02 -4.46203290e-01  1.27449826e-01\n -2.63265878e-01 -4.51813080e-01  5.41293559e-01 -1.57199366e-01\n  3.64060461e-01  4.85423151e-01 -1.55904198e-01 -8.78895675e-02\n  2.06400402e-02 -8.11555070e-02  7.78840413e-04  2.32846263e-01\n  1.92252792e-01  3.15353256e-01  1.26436741e-01 -3.37647157e-01\n  1.51128581e-01 -1.08303651e-01  3.33740831e-01  1.04073873e-01\n -2.96405165e-01  4.08668713e-01 -5.58145374e-01  5.11923737e-01\n  4.01533050e-01 -2.68812845e-01 -2.33801068e-01  2.13037507e-01\n  1.59295251e-01  6.67417905e-02  3.05693207e-01 -7.81113590e-01\n  2.26000186e-01 -1.49533757e-01 -5.92433347e-02 -1.37423704e-02\n  8.43932085e-03 -1.14342107e-01  1.41525524e-01 -5.08827266e-01\n -1.84442011e-02  2.26629378e-01 -1.96011463e-01  1.06655834e-02\n -4.24023700e-01  3.79417375e-01 -2.41403381e-01  4.66556853e-01\n -1.52043092e-01 -2.21318714e-01  2.91529712e-01 -3.47372238e-01\n  9.25342650e-02 -2.98314754e-01  3.98124293e-01 -1.35108997e-01\n  1.53020269e-01 -2.28875632e-01 -7.99444362e-02 -2.21795736e-02\n -4.72275992e-02 -5.34559295e-01 -4.89883491e-02  1.57539399e-02\n -2.91313755e-02  3.48923429e-01  2.16109884e-01 -2.66826044e-01\n -2.24980714e-01  6.70563485e-02 -3.97130334e-01 -1.25956182e-02\n  3.22708298e-02  3.41361928e-01 -2.32130162e-01 -6.17187080e-02\n  6.66532317e-02  1.77532095e-01 -2.07717146e-01  5.90231746e-01\n  1.03714284e-01 -1.16146201e-01 -7.73481411e-02  1.44914259e-02\n -4.30466298e-01 -3.58375155e-01 -1.69910300e-01 -4.97420484e-02\n -1.24717690e-01  9.98761487e-02 -3.93789362e-02  8.04717633e-02\n  1.49222293e-01  5.54191489e-01 -4.84555520e-01 -1.99487231e-01\n  1.19855222e-01 -6.27114242e-01 -3.80443012e-01 -6.32551997e-02\n  4.09758017e-01  5.64883821e-01  9.74138872e-02 -1.26007481e-01\n  3.75848073e-01 -1.45556152e-01 -1.38884999e-02  1.27421111e-02\n -4.80989732e-01  6.32839269e-01  2.31748967e-01 -1.07848456e-01\n  9.33502963e-02 -4.42392041e-01  1.84011263e-01  3.89938105e-01\n  1.81148663e-01  8.95902606e-02 -7.65549090e-03 -1.91373929e-01\n -5.29147369e-01 -3.95524076e-01  2.14088719e-01 -8.12094855e-02]",
    "olfactory": "[-3.20537559e-01 -3.95751413e-01 -8.34504149e-03 -1.79267401e-01\n  6.62498971e-01 -8.31073404e-03 -1.96187800e-01  3.55746030e-01\n -1.81727022e-01 -2.39120935e-01  1.85787554e-01 -5.73662005e-02\n  2.00115640e-01 -1.05246804e-01  1.25427659e-01 -2.73333812e-01\n -2.28715476e-01  2.02967430e-01  2.23261198e-01 -2.94936794e-01\n  6.77810013e-02 -4.41775572e-01 -6.37078484e-04 -2.88641384e-01\n  5.53213379e-01  2.66406711e-02  9.64817555e-02 -1.82113000e-01\n -2.20091432e-01  2.47910879e-01]",
    "pheromonal": "[ 0.04338991 -0.10847728  0.10217927 -0.27017556  0.12984548 -0.20287848\n -0.06260455  0.04374059  0.09744039 -0.18478833  0.27287097  0.04380668\n -0.07091876  0.0284797  -0.01334478 -0.11599427 -0.04192955 -0.01060457\n  0.10065906  0.02713722 -0.01817342 -0.08461782 -0.2016448  -0.06090144\n  0.26642773  0.15808291 -0.01146535 -0.10845407 -0.11397888 -0.03274464]",
    "mechanosensory": "[-0.07893884  0.08064908 -0.11063963 -0.16594442  0.02131737  0.23897078\n -0.23017943  0.18638431 -0.16371666 -0.1445684   0.10122034 -0.16839695\n  0.03645472  0.27172724  0.06855988  0.04075489 -0.11674527 -0.01565851\n  0.01345473  0.0879849   0.04042577  0.20773006  0.10711397  0.11734929\n  0.06682014 -0.14021538  0.0517757  -0.11364632  0.02091916 -0.00313839\n -0.02968122  0.43961215 -0.13276396  0.33415696  0.06498365  0.12219574\n -0.21580885 -0.37646304 -0.21755887 -0.05374122  0.13815613  0.15587723\n -0.12797636 -0.31613785  0.03888139 -0.06886518 -0.15740635 -0.07665393\n  0.02104489  0.07605232 -0.25578603 -0.01881944 -0.10767908  0.00430277\n  0.20219657  0.06956896  0.14589862  0.13146145  0.01287377 -0.07086172]"
  },