{
  "step": 10,
  "insect_id": "Fruit_Fly",
  "timestamp": 1753377433.832121,
  "sensory_input": {
    "visual": [
      0.2565861822404174,
      -0.421853280580357,
      1.030507163049104,
      -0.38299220348588525,
      0.3289290890105352,
      1.1239691874120543,
      -1.1465185481231066,
      0.03415625853056713,
      0.9903779996992351,
      0.0648037180772936
    ],
    "olfactory": [
      0.24406327880712503,
      0.7890762367087927,
      -0.6459646798918431,
      -0.5342129813800192,
      -0.8118833522115254
    ],
    "pheromonal": [
      2.48339627381889,
      0.8206275334901705,
      -0.864914427746633
    ],
    "mechanosensory": [
      -0.09448086369424812,
      2.123201411566259,
      -0.7048682787225045,
      -1.024801807431272
    ]
  },
  "processed_output": {
    "visual": "[-0.29035723  0.07130807 -0.11157654 -0.10923863  0.23913616 -0.12475054\n -0.16936236 -0.05412647  0.0910051  -0.07880979 -0.10046078  0.07118328\n  0.3007473  -0.00200553  0.18368273  0.10501168  0.1966772  -0.21401688\n -0.02210335  0.05747051 -0.19179122  0.06952453  0.32217427 -0.27101184\n -0.27140537  0.3291745  -0.22546965  0.1143402  -0.12887759 -0.03330609\n  0.24745673  0.29479341  0.34999357  0.34350951 -0.08667376 -0.173591\n -0.26326856 -0.0624365  -0.26760989  0.28751067  0.29266721  0.16707033\n -0.11298595  0.14722089  0.24091767 -0.08941896  0.24141717 -0.1990524\n  0.28606813 -0.31221656  0.28005703  0.16671702  0.25796546  0.07639195\n -0.06568473 -0.13450612 -0.23659666 -0.21634057  0.06169239  0.2232677\n -0.21069637 -0.35360567 -0.05271246  0.35482807  0.5345029   0.0520822\n -0.23948574  0.11457552  0.39041214 -0.18676776 -0.1634322   0.14482629\n  0.22934982  0.10294444  0.00561743 -0.08827952 -0.17786826 -0.11375406\n -0.23050858 -0.58476726  0.22642898 -0.07687578 -0.08809194 -0.37662762\n -0.30405169  0.17965253 -0.19080187  0.24294383  0.13943348 -0.15308715\n  0.07148045  0.15595999 -0.28263984 -0.0793294   0.16080175 -0.26443897\n  0.01836948 -0.2399432   0.39685898  0.1865736  -0.04594594 -0.12231899\n  0.05517601 -0.25153931 -0.28240807 -0.12706279  0.29857296 -0.07596349\n -0.10336002 -0.08838796 -0.16707892 -0.14941513 -0.08628418  0.13317722\n  0.11158    -0.02093494 -0.1471961  -0.31447694  0.10363984  0.25021776\n  0.16530841  0.06155141 -0.08801298 -0.10159679 -0.23853171 -0.48325893\n -0.05084141 -0.0106049  -0.19185591 -0.17413543  0.31492027 -0.11683049\n  0.35693077 -0.1187416  -0.11084294 -0.22591546  0.1116573   0.22243315\n -0.16728386  0.03176857  0.09009184 -0.59131226 -0.01189959 -0.12616382\n -0.47431302  0.18264143  0.1420022  -0.05194302 -0.03008909 -0.43270724\n  0.01241863  0.50097442 -0.15965656 -0.2058368  -0.21038974  0.28618757\n -0.02279447 -0.04209327  0.05839865 -0.29147831 -0.18077304 -0.11854434\n -0.02620406  0.12206749  0.06879962 -0.44100049  0.03926488  0.11094913\n  0.3389928  -0.28504623 -0.04981244 -0.04503814 -0.0566793  -0.01047247\n -0.08503807 -0.11228844 -0.0018557   0.22459691  0.24004007  0.29129757\n -0.19425314  0.02819082  0.19215346  0.18918767 -0.15667235 -0.20093614\n  0.12304336 -0.28706674  0.10608426 -0.12819831  0.10320383  0.04186976\n  0.15699008 -0.12712711  0.24779146  0.15476515  0.33043314  0.2158539\n -0.19264717 -0.07062701]",
    "olfactory": "[ 0.19897359  0.04434925  0.02667813  0.10359505  0.35749123 -0.2126765\n  0.16550746  0.00781627 -0.12592263 -0.03781723  0.00757819  0.07159906\n  0.0965752   0.00757368  0.06924761 -0.14865432  0.05706623 -0.05395253\n  0.14275805 -0.09533569 -0.12852725 -0.14317173  0.0774852  -0.23495733\n  0.04560006 -0.00976108 -0.22126122 -0.00814427  0.26324635 -0.08572522]",
    "pheromonal": "[-0.18144756  0.31657374  0.03648321  0.04116959  0.40069736  0.03504771\n  0.37048955  0.27065324  0.18843831  0.51697409  0.01758136 -0.17295844\n  0.03665589 -0.20561676  0.35987122 -0.3585636   0.08170014 -0.47157424\n  0.03532721 -0.27872017 -0.02223595 -0.39153323  0.20009022 -0.13515623\n -0.32803265 -0.16394859 -0.22598929  0.20593554  0.44895043  0.24627784]",
    "mechanosensory": "[-0.13966295  0.09788002  0.27343592 -0.27942879  0.2463178   0.02268575\n -0.25596913  0.4275464   0.07697062  0.57958601  0.15892084  0.37500321\n  0.04197274 -0.25370614  0.16583036 -0.2298923  -0.27866748 -0.0793237\n  0.06548449  0.16673691  0.04850878 -0.21636755 -0.13011076 -0.5917264\n  0.00578946 -0.30332005 -0.14999735  0.00418645 -0.14856144  0.30199696\n  0.22592479  0.34814921 -0.17835882  0.07910395  0.0438008  -0.06075648\n -0.02889172 -0.14008834  0.05982869 -0.13151234  0.3714169  -0.19063471\n -0.23495547  0.44456937 -0.31680553 -0.30261302  0.01067357 -0.18336059\n -0.08930897  0.57426174  0.17685119  0.55416543 -0.03930269 -0.07906635\n  0.01751172 -0.07942814 -0.01825009 -0.17706073 -0.08970288  0.24206822]"
  },
  "neural_activity": {
    "mushroom_body": [
      0.9573342550431373,
      0.5685218001748344,
      0.1532728767834156,
      0.440756085521535,
      0.4259028932173351,
      0.8065279792960456,
      0.735175839227128,
      0.5075710583125029,
      0.3182408848813949,
      0.1857101658658754,
      0.147293821091668,
      0.5144536606534947,
      0.45121488345427196,
      0.4906687440412314,
      0.9154397942576439,
      0.03221105435352989,
      0.5357325732152792,
      0.1382546922159048,
      0.36067250393003913,
      0.5332526610283069,
      0.8730295292421824,
      0.04063562036991242,
      0.7485949842136878,
      0.3405914174807766,
      0.18318381682710538,
      0.5600384713303344,
      0.1937550886838283,
      0.5397260475592325,
      0.5783223468361413,
      0.9653669883642755,
      0.4658507608321515,
      0.041218211917091296,
      0.9430155978024163,
      0.2674308460540551,
      0.7293295369440447,
      0.57561750059022,
      0.8256796537657,
      0.8151716530122752,
      0.5281132367497178,
      0.8266383224215215,
      0.7639307513444167,
      0.2648371836316852,
      0.5252438849384159,
      0.5541905466888357,
      0.37818191129782974,
      0.7450469935471635,
      0.2806576625628212,
      0.970184082071879,
      0.823677363336939,
      0.978073118620327,
      0.49119614886596097,
      0.6255023153178355,
      0.3681622586961123,
      0.27170809027288534,
      0.7049624491081308,
      0.9090151895400193,
      0.41775828586490404,
      0.6095412889618553,
      0.585938072687339,
      0.8930936343998793,
      0.9166908334120343,
      0.8584724743974405,
      0.4721485132611529,
      0.4807210850130702,
      0.966113607256765,
      0.14152773929286366,
      0.6864110737296917,
      0.8136470071682644,
      0.6496913523967113,
      0.8044161094802286,
      0.6584368982773874,
      0.7552418973233255,
      0.616923263713886,
      0.3417038976597814,
      0.3231289351313176,
      0.1544216935411289,
      0.7029083784993677,
      0.5724367368870931,
      0.2916010291694956,
      0.02198318626477036,
      0.1818806884802623,
      0.9196557994989446,
      0.6893228355088742,
      0.8528493442801934,
      0.33072324176447354,
      0.4919088973308279,
      0.9279620406010517,
      0.28301492112311355,
      0.076863264671996,
      0.21435225530737068,
      0.47425321392117226,
      0.3668784589614873,
      0.8654826015894379,
      0.22710319324722184,
      0.7957563775459994,
      0.5848636850024898,
      0.9513743724371871,
      0.09511916040574064,
      0.46089376742698995,
      0.027475684173515202
    ],