{
  "step": 2,
  "insect_id": "Honeybee",
  "timestamp": 1753377433.7303958,
  "sensory_input": {
    "visual": [
      0.46635779054206333,
      -0.29686660558845307,
      0.5605703598876761,
      0.15426763385022998,
      -1.518782790660989,
      -0.6634949846746325,
      -0.6162938895744023,
      0.412313878347294,
      -0.7214996404694541,
      0.7292267539900185
    ],
    "olfactory": [
      0.49566312787412453,
      0.3560987687115642,
      -0.07723472325549764,
      -0.3212115068628763,
      0.7960334214120842
    ],
    "pheromonal": [
      2.2191361096092916,
      0.6453132811014828,
      0.6295223724428042
    ],
    "mechanosensory": [
      0.7933240712733818,
      -0.026873036759710808,
      1.4494274228024302,
      1.8283976445038201
    ]
  },
  "processed_output": {
    "visual": "[ 0.08277945 -0.376482    0.06148988  0.26741052  0.06614224 -0.32241707\n  0.05061116 -0.03448356  0.01364888  0.13610363 -0.03954806  0.06026099\n -0.31846319 -0.43474295  0.06823839  0.3199096  -0.08787348  0.2276733\n -0.08724218 -0.31736998  0.10437432 -0.20627675 -0.26678026 -0.15049675\n -0.31205096  0.10346351 -0.14978528  0.06992101  0.27555586  0.04755162\n -0.21385344 -0.15691432 -0.06998219  0.3694444   0.30866235  0.22736882\n  0.13478477 -0.10300446  0.24517292  0.05919157 -0.24913281  0.27772403\n -0.00519824  0.08919925 -0.16205084 -0.08911493 -0.08068315 -0.07444727\n -0.13144883 -0.09055058 -0.20957212 -0.17725369  0.01502191 -0.13190032\n -0.03609756  0.11853244 -0.20557028  0.06035612 -0.30170883  0.40634553\n -0.01440709 -0.08886892  0.09205201 -0.37578899 -0.04979396  0.38200301\n -0.16203941  0.15149272 -0.07940681 -0.21673941  0.07925892 -0.43711664\n -0.05230566 -0.23877432 -0.31123576  0.15284965 -0.42442977 -0.32753912\n -0.09589105  0.05308798 -0.12777586 -0.04321282  0.01145354  0.31192929\n  0.11516306  0.57813444  0.04059341 -0.05610373  0.17572183  0.46095887\n  0.06159932  0.17812564 -0.18979762 -0.28196795  0.03704489 -0.59360202\n  0.00936545 -0.03638519 -0.23828278 -0.03983785 -0.289852   -0.3293243\n  0.05712522 -0.06206809  0.03127178 -0.31453233  0.07171716  0.18104979\n -0.15388848  0.11184729  0.23350479  0.06668665  0.1480198  -0.24562526\n -0.002152   -0.06691655  0.06260883  0.235465    0.03835161 -0.15832468\n  0.226836   -0.02927602 -0.03743014  0.29222417 -0.19561475 -0.021474\n  0.08540006 -0.19200195  0.24588522  0.30256797  0.02096668 -0.00269407\n  0.00778673 -0.25147299 -0.20413432 -0.01682892 -0.4284319   0.11667042\n -0.12684689  0.0755475   0.38724473  0.27489214  0.08686887 -0.14608856\n  0.45553119  0.0379701  -0.0931136   0.24396351  0.32200598  0.19429711\n -0.30131627 -0.24955342  0.3035     -0.07287119  0.09729427  0.09687932\n -0.04926248  0.02092276 -0.00367834  0.28328028  0.15757978  0.12550627\n -0.21231574  0.12156904  0.22441988  0.18978417 -0.17665035  0.3212004\n -0.16728568  0.09392505  0.30414574 -0.104258    0.10592258  0.01911815\n  0.31334174 -0.3040929   0.2889229   0.0387085   0.14463297 -0.09178075\n -0.4029311   0.40223325  0.02384751  0.24775392  0.07842873  0.34101523\n -0.04665516 -0.3390336  -0.09092347  0.05767128  0.26184926  0.05079283\n -0.22478464  0.22877869  0.18671222 -0.13773238  0.13081957 -0.18403366\n  0.17825242 -0.10312705]",
    "olfactory": "[-0.15950219 -0.11727634  0.01787187 -0.19071129  0.1006153  -0.07327435\n  0.05870036  0.14286992 -0.01398685 -0.00968741 -0.04922606 -0.07552643\n  0.04181711  0.0838779   0.02995961  0.04463561 -0.14362303  0.04241192\n -0.01268852 -0.06381219  0.00665672  0.00269943 -0.09794172 -0.11538855\n  0.07003145  0.02629816  0.05956796 -0.10350581  0.03297243  0.08638606]",
    "pheromonal": "[-0.04344769 -0.17692579  0.12914709 -0.30113217 -0.23975717 -0.3252101\n  0.03475194  0.05375479  0.14214145  0.09038671 -0.07078026  0.16199801\n -0.32035457  0.23898999 -0.14063053  0.3710688   0.03669169  0.07108611\n -0.01228885 -0.01566745  0.04137424  0.37059318 -0.29040602 -0.10107645\n  0.04112067  0.09437426  0.0850625  -0.28014112  0.422482   -0.21438083]",
    "mechanosensory": "[-0.03190513 -0.09529404  0.01618458 -0.22882998  0.04414464 -0.27773758\n  0.11270469 -0.13350978 -0.10007777  0.23529812 -0.1519959  -0.29554494\n  0.19609124 -0.1857445  -0.2398787   0.16997625  0.0736279   0.1362314\n -0.33528425 -0.20345477  0.09140967  0.18776862  0.30934605 -0.02165031\n -0.29431006 -0.06420009  0.13073379  0.00842277  0.03137434 -0.35307807\n -0.29508544  0.20816179  0.30415476 -0.11409965  0.29600757 -0.04224249\n  0.017535    0.26913045  0.04939261  0.26139035 -0.24323754  0.4765414\n -0.01405391  0.06202675  0.03535628 -0.10977221  0.42866209  0.39574193\n  0.09991518  0.28494992  0.20594322  0.06402352 -0.08940908 -0.32697053\n  0.02253019  0.03224038 -0.26356368  0.02791924  0.0961034  -0.06804761]"
  },
  "neural_activity": {
    "mushroom_body": [
      0.12635954055289922,
      0.6510662603041527,
      0.6627929837081565,
      0.9059514415899972,
      0.694024905970108,
      0.13032535785611132,
      0.6785700910874193,
      0.25181423548906845,
      0.9354434499568303,
      0.9820695225306735,
      0.35894562736900226,
      0.09852715118231181,
      0.294853150261539,
      0.7462912346894797,
      0.7870932401371551,
      0.07062982415768515,
      0.48313936540704683,
      0.6622209359526908,
      0.115399259873879,
      0.6872873456110286,
      0.6981114122053442,
      0.504124699964496,
      0.8683273200191458,
      0.7166708401294236,
      0.6182749276751418,
      0.6232014757378306,
      0.39529436063508416,
      0.38233751371397573,
      0.7167883560053652,
      0.44552297638641014,
      0.9047130954552666,
      0.021405918043153394,
      0.7727889117003455,
      0.6159269939967781,
      0.06738501744015668,
      0.32597272676736,
      0.3087168672643883,
      0.9038271378155378,
      0.23784856178197233,
      0.18904989841550568,
      0.2210457214133057,
      0.848521080227047,
      0.3413897391223164,
      0.9617188178997028,
      0.787246394196182,
      0.10829421222201396,
      0.6481604816985572,
      0.7469217894494218,
      0.03391105392878513,
      0.15653537504224724,
      0.9992419020899515,
      0.6853055751030905,
      0.25484180859629757,
      0.9989993979407218,
      0.6524217395054385,
      0.6347337365749102,
      0.744143846619154,
      0.5150140806392638,
      0.7356517947329767,
      0.6376489951475847,
      0.45323207581238756,
      0.37210842438874125,
      0.7037428860280608,
      0.23895712561486693,
      0.5940955300660384,
      0.9945112193658604,
      0.707620198578572,
      0.9534313058612712,
      0.7114461577312933,
      0.4395467057289705,
      0.49249444180522495,
      0.06731022572559242,
      0.27550073951848686,
      0.8881137570119427,
      0.8104454683630198,
      0.58025781616706,
      0.5300344472969072,
      0.07180701688387292,
      0.3757757212457067,
      0.300809054944117,
      0.8118121304991793,
      0.8542922211831256,
      0.9187886496881005,
      0.9817062663157549,
      0.5612733835334486,
      0.2686584688003274,
      0.5043663782398784,
      0.18781304522437448,
      0.71123547918031,
      0.2222548857108344,
      0.5264317813777212,
      0.9750138797195244,
      0.07515074344946227,
      0.2914045013201676,
      0.7958427234065533,
      0.45715523003574077,
      0.5492189810560055,
      0.28384337953527417,
      0.4591770410905638,
      0.27511237675800737
    ],