{
  "step": 48,
  "insect_id": "Fruit_Fly",
  "timestamp": 1753377453.7321749,
  "sensory_input": {
    "visual": [
      0.9003694204641262,
      -0.4392035485812726,
      1.3438350520310298,
      0.25346420000416586,
      -0.3944587204684395,
      0.19546357149074084,
      -0.17303480131004603,
      0.42322695544055705,
      -0.21547054552402278,
      -0.3232586059027963
    ],
    "olfactory": [
      0.3361639741320805,
      -0.8183455285298008,
      -0.017360763500851938,
      0.3459387338976782,
      0.8097647392841182
    ],
    "pheromonal": [
      1.0123875283163184,
      -0.14507480630756836,
      -1.3433931732614948
    ],
    "mechanosensory": [
      -0.3761097520196995,
      1.2133565645260376,
      1.1393411563101015,
      -1.2666107765724584
    ]
  },
  "processed_output": {
    "visual": "[-0.0280753   0.05555034 -0.13272468 -0.1724522   0.32680635  0.024096\n  0.15398449 -0.10799368  0.44063203 -0.06918955  0.14326322  0.14727436\n  0.13538899 -0.26469922  0.07723691  0.0663544  -0.20332555  0.0014845\n -0.1601169  -0.13833148 -0.02981204  0.04553096  0.14321966  0.07013103\n -0.07488121 -0.038524   -0.18576152  0.2502991   0.06904894  0.01302113\n  0.24173278  0.36856633  0.01699643  0.236078   -0.21584416 -0.19879577\n -0.10581157 -0.00981099 -0.02400451 -0.06296547  0.20897907 -0.0443399\n -0.17045239  0.17946817  0.1296831   0.14724495  0.08467631 -0.01502605\n  0.01104689 -0.20562801  0.20326939 -0.12471845  0.24795649  0.32489446\n  0.21656232 -0.32373826 -0.46102177 -0.13038054  0.04453739 -0.37474203\n -0.00774677  0.18783363 -0.2868018   0.21011469  0.26449609  0.25211185\n -0.11411415 -0.17486516 -0.04801935  0.29914594 -0.1438052   0.07026622\n  0.24180188 -0.00267711 -0.10317765 -0.20638992  0.13971451 -0.11355941\n -0.10949083 -0.36735925  0.41546001  0.04841127 -0.07258827 -0.02004741\n -0.06079311  0.18057882 -0.42657104 -0.21786663 -0.02259615  0.02795004\n  0.13995757 -0.03794037 -0.36724805  0.0687944   0.07324849 -0.29896535\n  0.1179576  -0.04740412 -0.09956963 -0.12997075 -0.13479374 -0.08603188\n  0.1075184   0.01753654 -0.2702163  -0.13025977  0.20172057 -0.06494351\n  0.21738652 -0.27888413  0.12930625 -0.25689327  0.48124279 -0.00727861\n  0.02434752 -0.3408386  -0.12352759  0.11220168 -0.20584319  0.19082825\n  0.27406366 -0.28978847 -0.12466605 -0.08281906  0.05689196 -0.22348687\n -0.14503845  0.02261214 -0.1097119   0.22004597  0.48532479  0.00402672\n  0.19393792 -0.08817611  0.00537758  0.05455115 -0.01915359  0.20062304\n  0.04241367  0.06946923 -0.12604839 -0.27708739  0.12266984  0.05652084\n -0.21122894  0.27689001 -0.0914198  -0.04400171  0.14485685 -0.35246546\n -0.1643456   0.33288219  0.02078321  0.0855046  -0.39074099 -0.20402884\n  0.25073688  0.02140652 -0.0894537   0.1503931  -0.04287218 -0.27713855\n -0.06377821  0.24671679 -0.16780921 -0.30414096 -0.01302413 -0.22234499\n  0.09847517 -0.05234712  0.03969846 -0.23507176  0.41899899  0.0080779\n  0.1779435   0.19007396  0.15416796  0.18369876  0.21416608  0.18093633\n -0.29620048 -0.01154905  0.02156597  0.02650576 -0.01937453 -0.25463577\n  0.02931335  0.00247546 -0.00305704 -0.00150467 -0.16467651  0.16354727\n  0.11424067  0.04349301 -0.03143407 -0.08922704  0.13345841 -0.34327759\n  0.13640028  0.20061292]",
    "olfactory": "[-0.26705012  0.09591252 -0.0209139  -0.13820745 -0.1688163   0.20399689\n -0.1403544  -0.01350716  0.11132458  0.2109143   0.04626298 -0.05090184\n -0.16314676 -0.02886813  0.03327051  0.00577288 -0.11756417 -0.11603301\n -0.14300198 -0.0583979   0.15592364  0.0560397  -0.12972016  0.21456412\n -0.1826014   0.00908666  0.11484095  0.1227566  -0.12286269  0.10457793]",
    "pheromonal": "[-0.15203414  0.30196759  0.01516964 -0.04012232  0.35976311  0.00610759\n  0.00924195  0.03504852  0.01654004  0.29234985  0.0823317   0.04203654\n -0.16801689 -0.07625943  0.18987249 -0.25750988 -0.06671016 -0.27360702\n -0.06060118 -0.26835361  0.07083377 -0.17114635 -0.11150154 -0.04833625\n -0.20431319 -0.02289086 -0.20247322  0.22638344  0.26352264  0.03046029]",
    "mechanosensory": "[ 0.20230386 -0.30661753  0.05214721 -0.2503367   0.12193752  0.01338068\n  0.15099798  0.4455205  -0.39897132  0.24233696  0.36269714  0.0054298\n  0.12427463  0.02458806  0.27734383 -0.16554544 -0.08141421  0.23460234\n -0.10922619  0.04468304  0.11692882  0.14326656 -0.04994453 -0.56885597\n -0.17435023  0.06926075  0.02941258 -0.19327199  0.10245664  0.01580806\n  0.15854905  0.16915102  0.04070848  0.07404487 -0.05520914 -0.0413534\n  0.36224092  0.04994221  0.11262798 -0.19280506  0.04643595 -0.20149162\n  0.02375192  0.04385886 -0.03867104 -0.48322508  0.12376348 -0.17410027\n -0.07260846  0.18493967  0.25579722  0.27100795  0.13272326 -0.12489207\n -0.21617558  0.11323331  0.02259125 -0.18992822  0.13505087 -0.08693752]"
  },
  "neural_activity": {
    "mushroom_body": [
      0.9573342550431373,
      0.5685218001748344,
      0.1532728767834156,
      0.440756085521535,
      0.4259028932173351,
      0.8065279792960456,
      0.735175839227128,
      0.5075710583125029,
      0.3182408848813949,
      0.1857101658658754,
      0.147293821091668,
      0.5144536606534947,
      0.45121488345427196,
      0.4906687440412314,
      0.9154397942576439,
      0.03221105435352989,
      0.5357325732152792,
      0.1382546922159048,
      0.36067250393003913,
      0.5332526610283069,
      0.8730295292421824,
      0.04063562036991242,
      0.7485949842136878,
      0.3405914174807766,
      0.18318381682710538,
      0.5600384713303344,
      0.1937550886838283,
      0.5397260475592325,
      0.5783223468361413,
      0.9653669883642755,
      0.4658507608321515,
      0.041218211917091296,
      0.9430155978024163,
      0.2674308460540551,
      0.7293295369440447,
      0.57561750059022,
      0.8256796537657,
      0.8151716530122752,
      0.5281132367497178,
      0.8266383224215215,
      0.7639307513444167,
      0.2648371836316852,
      0.5252438849384159,
      0.5541905466888357,
      0.37818191129782974,
      0.7450469935471635,
      0.2806576625628212,
      0.970184082071879,
      0.823677363336939,
      0.978073118620327,
      0.49119614886596097,
      0.6255023153178355,
      0.3681622586961123,
      0.27170809027288534,
      0.7049624491081308,
      0.9090151895400193,
      0.41775828586490404,
      0.6095412889618553,
      0.585938072687339,
      0.8930936343998793,
      0.9166908334120343,
      0.8584724743974405,
      0.4721485132611529,
      0.4807210850130702,
      0.966113607256765,
      0.14152773929286366,
      0.6864110737296917,
      0.8136470071682644,
      0.6496913523967113,
      0.8044161094802286,
      0.6584368982773874,
      0.7552418973233255,
      0.616923263713886,
      0.3417038976597814,
      0.3231289351313176,
      0.1544216935411289,
      0.7029083784993677,
      0.5724367368870931,
      0.2916010291694956,
      0.02198318626477036,
      0.1818806884802623,
      0.9196557994989446,
      0.6893228355088742,
      0.8528493442801934,
      0.33072324176447354,
      0.4919088973308279,
      0.9279620406010517,
      0.28301492112311355,
      0.076863264671996,
      0.21435225530737068,
      0.47425321392117226,
      0.3668784589614873,
      0.8654826015894379,
      0.22710319324722184,
      0.7957563775459994,
      0.5848636850024898,
      0.9513743724371871,
      0.09511916040574064,
      0.46089376742698995,
      0.027475684173515202
    ],