{
  "step": 25,
  "insect_id": "Ant",
  "timestamp": 1753377440.7474263,
  "sensory_input": {
    "visual": [
      -1.09428426389602,
      -1.0028979543486167,
      0.6389439609919734,
      0.18162578719867062,
      -0.30768120121640674,
      -0.012301004782703965,
      1.470822359457999,
      -0.6505322480502231,
      0.3260137656695559,
      0.940096333567758
    ],
    "olfactory": [
      0.16480044644730468,
      -2.040450699421848,
      -0.4574216173529782,
      -0.3268596745862244,
      -1.546937584092661
    ],
    "pheromonal": [
      2.369754415874608,
      -0.5518323119638527,
      -0.07252831945150777
    ],
    "mechanosensory": [
      -0.6273884197937415,
      -0.022583722905523747,
      1.7224870563103145,
      0.7938077109428257
    ]
  },
  "processed_output": {
    "visual": "[ 0.09440616  0.09833776  0.3231352   0.09842096  0.37967609  0.1608095\n  0.05912942  0.00496474 -0.04723717 -0.15744152 -0.42900498  0.26673294\n -0.16724929  0.23958347 -0.08811959 -0.23832206  0.33460659 -0.0281544\n  0.43164205  0.31155802  0.38731014 -0.182872    0.32681315 -0.0865827\n  0.3671437   0.11551413  0.19236871  0.07210616  0.47739965 -0.08969839\n  0.03218513 -0.05018014 -0.35712486  0.0202644   0.24446614 -0.27935359\n -0.09331621 -0.14051529 -0.20319963  0.01295248  0.34244415 -0.16344193\n  0.40480587 -0.42173652 -0.16342818  0.04869856 -0.1642183  -0.04011159\n  0.08455743  0.3408932  -0.09229772 -0.09164515 -0.3380772  -0.0177338\n -0.18675004 -0.2154467   0.48113357 -0.29100806  0.0370062   0.00842336\n -0.09667586 -0.05546888  0.16418085 -0.30977147 -0.05028893 -0.33306794\n -0.31470664  0.11380341 -0.53344662 -0.48377889  0.46259979  0.20313346\n -0.2109992   0.06866443  0.14042838  0.10389935 -0.05957565 -0.32089145\n -0.04002085 -0.03102823  0.13543374 -0.49429339  0.36546634 -0.31355724\n -0.31345798  0.1311892   0.06729422  0.25262273 -0.05910261 -0.00719445\n  0.43253628 -0.03827352 -0.21904849 -0.16304802  0.26655207 -0.29693416\n -0.02423914 -0.45841802 -0.02932995 -0.03282351 -0.46167691 -0.10072683\n -0.16881947 -0.19361619  0.23029241 -0.14392042  0.12752834  0.1007794\n -0.55947467 -0.13259137  0.0118826   0.47295995  0.0652442  -0.10475085\n  0.26280449  0.20689519 -0.24776531 -0.19637232  0.39971803 -0.22197795\n  0.24539729 -0.00585201  0.16035314  0.46569557 -0.13156467  0.17922643\n -0.5448298   0.41504278 -0.01566815 -0.29870807  0.19520262  0.02511453\n  0.0130023  -0.18635686 -0.53486781 -0.00093265  0.61238397  0.04000443\n -0.16392692  0.29025116 -0.04627472 -0.22157187  0.38760175 -0.23467004\n -0.15218628  0.38021742 -0.13203641  0.0208722   0.39478648 -0.2592181\n -0.41439458 -0.43189708 -0.1538432  -0.18516208 -0.13463327  0.10743316\n -0.18833105 -0.18942925 -0.18416582  0.06003614  0.44087418  0.2479538\n  0.11487767  0.17050702  0.06817517 -0.18548583 -0.34085654  0.26303605\n  0.05225722 -0.25630095  0.18145211  0.00290438 -0.48401496  0.1983485\n -0.22938399  0.07652426 -0.06650855 -0.3106735  -0.11857537  0.03796019\n  0.04711698 -0.27131596  0.25846873 -0.33095808  0.20050892  0.07441428\n  0.06457857 -0.16161077 -0.08400739  0.18669838  0.0134675   0.09146455\n  0.03302431  0.28915596  0.40786026  0.14336374  0.04180846  0.67039104\n -0.49828043 -0.46531523]",
    "olfactory": "[ 0.16742744 -0.55140487  0.01835001  0.70393715 -0.49325706  0.49603367\n  0.06939883  0.4477384  -0.18523872 -0.0272819   0.2246264  -0.08605628\n -0.12615075 -0.16892146 -0.1980894   0.46459535 -0.33201284 -0.1189718\n  0.38198698 -0.36766563 -0.03409987 -0.19416359 -0.42132327 -0.27475459\n  0.23654546 -0.04120365  0.37113469 -0.16110853  0.20785342 -0.15682198]",
    "pheromonal": "[-0.11234315 -0.4021617   0.03400149  0.30825454 -0.01367795 -0.01509939\n -0.05541145  0.32724261 -0.07373436 -0.37761204  0.11707254  0.56376747\n -0.16494302  0.31574049 -0.12332738  0.19444269 -0.43117811 -0.04276894\n -0.00910573 -0.01440015 -0.44171715  0.19709468  0.16702563  0.0153255\n  0.12449623  0.39885075  0.01155631 -0.40079172 -0.14053264  0.15819523]",
    "mechanosensory": "[-0.00351582 -0.25726674  0.00874084 -0.00298612 -0.02306313  0.00747975\n -0.21616094 -0.17078207 -0.05576038  0.27788367 -0.0463648   0.45063723\n -0.07815476  0.20926768 -0.07868225 -0.46446828 -0.05879575 -0.1880143\n  0.13284944 -0.03693404 -0.0049705   0.12976369 -0.01648052  0.00631715\n -0.06122967  0.11232651 -0.14871348 -0.28312506  0.03482341 -0.46189503\n  0.15017508 -0.02595993  0.22262389 -0.12740463  0.21284558  0.02509\n -0.12260775  0.2544226   0.09919768  0.03634402  0.20279803 -0.03331047\n  0.00250475  0.07389753 -0.0986453  -0.00378533 -0.07537683 -0.0717531\n -0.05778336 -0.04102101 -0.39388582  0.05374488 -0.03669083  0.02359521\n  0.03286123 -0.01404858  0.2442509   0.13814144 -0.22334387  0.11643598]"
  },
  "neural_activity": {
    "mushroom_body": [
      0.4924007237947772,
      0.14693464607642892,
      0.767210702383254,
      0.6248820631260946,
      0.9864482839136465,
      0.33642038262559837,
      0.4422341246408278,
      0.9350583906263176,
      0.8758108280827299,
      0.364067756289724,
      0.02099672115939233,
      0.3653858631904884,
      0.8151629850456615,
      0.6140212660019688,
      0.32891618603502437,
      0.18893806693942827,
      0.7905736907455317,
      0.49916065962944123,
      0.19717420637235406,
      0.9213049964468009,
      0.447226947943287,
      0.7632966728025157,
      0.8032316000008118,
      0.5535376916288629,
      0.07895300729288246,
      0.37207011325454553,
      0.17281634483101527,
      0.9955464920855303,
      0.7331206509221954,
      0.5386381999688542,
      0.39924139702265893,
      0.2069417262349741,
      0.18638278300294076,
      0.5276332937882693,
      0.6015984856107799,
      0.738477463568368,
      0.012070075146157544,
      0.39691921306107414,
      0.9742478701988332,
      0.24929524690375904,
      0.2769088846934247,
      0.5292959918493957,
      0.07966113583142909,
      0.21578219897423678,
      0.7698762304225306,
      0.28290490199427065,
      0.9405319902264295,
      0.6002708120426894,
      0.45739250176265134,
      0.4463890668275149,
      0.9356395009266144,
      0.2565397437437217,
      0.45391089141763574,
      0.6693230026315135,
      0.02617703582476605,
      0.02531896787827681,
      0.5251034861530219,
      0.7031803637078137,
      0.058529304862222964,
      0.01939748304062039,
      0.5974268143442467,
      0.12381889677257696,
      0.6523379317512753,
      0.9321946265931902,
      0.591086092657511,
      0.1240378689225623,
      0.9362653987395712,
      0.5070649457786084,
      0.0919345703443104,
      0.7666644812076299,
      0.08779127460972835,
      0.33673866917057105,
      0.5896370886961854,
      0.2909284330490943,
      0.7323145070044182,
      0.7236888826592979,
      0.5710198786593059,
      0.7176901664961559,
      0.24203636076752333,
      0.41260492944946736,
      0.8738631246179162,
      0.4024116122514887,
      0.24035654060282785,
      0.3736574116109701,
      0.03336379466983419,
      0.6106387280493265,
      0.9364508555576203,
      0.22944403673237168,
      0.4365801853721185,
      0.8738519447485829,
      0.5050267126920194,
      0.453349231079773,
      0.993777465048396,
      0.3051647484911183,
      0.5080186252800102,
      0.5197698326970429,
      0.18403870897738006,
      0.28479427375720423,
      0.10024162543381976,
      0.18808052763581162
    ],