{
  "step": 64,
  "insect_id": "Honeybee",
  "timestamp": 1753377473.6774073,
  "sensory_input": {
    "visual": [
      -0.8018364128312261,
      0.9070689586497601,
      -1.106507244772223,
      -0.5501421627360055,
      -0.26694440699771915,
      -0.1224538662825011,
      0.34966835598074936,
      0.31874837943189316,
      2.0408250020599614,
      1.1376126836008995
    ],
    "olfactory": [
      -0.11940391042534049,
      1.126880832229184,
      0.9198925982277568,
      -0.9484918534631918,
      1.0158229371724339
    ],
    "pheromonal": [
      -1.5129702192982966,
      1.6272712416180508,
      -1.2544471750496389
    ],
    "mechanosensory": [
      -0.28092421345277163,
      -0.6690171693447227,
      -0.1901555803576566,
      -2.388539468923055
    ]
  },
  "processed_output": {
    "visual": "[-0.16827575 -0.11246834 -0.08989636 -0.36006919 -0.11775224  0.38305153\n -0.24153906 -0.07165487  0.04422398 -0.19045438  0.28140941  0.59337112\n  0.01779508  0.206978   -0.0044184  -0.17213516 -0.41446402 -0.31348628\n -0.43828566  0.32920716  0.46355064 -0.17886234  0.28098872 -0.25198844\n -0.10184264  0.18196311 -0.28407757  0.1218043   0.32163788 -0.02448121\n  0.24857021  0.30818524  0.16411872 -0.29282073 -0.25005466 -0.0644358\n  0.03663294  0.11755253  0.2570488   0.45537713  0.20590974  0.22539351\n -0.14530974 -0.08101435 -0.15480309 -0.0743319  -0.22644987  0.45338993\n  0.14298336  0.28980405  0.21079939  0.37457609  0.16451961 -0.35549817\n  0.55060135 -0.20766597  0.07187042  0.24736723  0.28079182 -0.31777359\n  0.32061057 -0.42942893  0.3722584   0.30973362  0.21314226 -0.37781489\n -0.4051157  -0.49070242  0.03048711  0.35216441 -0.40357963  0.16143472\n -0.11874092  0.52655562  0.06100072 -0.07497097  0.52670793  0.28483498\n -0.20756764 -0.00265725  0.09810081 -0.15043743  0.2298092   0.38203468\n  0.050416   -0.59109944 -0.15061323 -0.38838136 -0.31511827 -0.47547352\n -0.19946677  0.15394888 -0.12064559  0.26574302 -0.29105477  0.14397869\n  0.16605905  0.07370064  0.58324159 -0.56246385  0.1325105   0.15402262\n -0.32429607  0.25552618  0.47784904  0.45425322 -0.40281713  0.11871892\n -0.11696997  0.10578531 -0.56527779  0.3630541   0.16336038  0.14471715\n -0.1924933  -0.03862962 -0.03154342 -0.11025688  0.41772435 -0.5041678\n -0.18904195 -0.0075108   0.28056371 -0.14484989 -0.03752036  0.26352627\n -0.04139902  0.06682088  0.07642737 -0.15019811 -0.12215134 -0.35526622\n -0.43047815  0.26670136  0.12776726  0.0920686   0.23086296  0.60153702\n -0.13583383  0.30623281  0.0144835   0.13229044 -0.16470831  0.55372507\n -0.23470419  0.24167992  0.09378315 -0.54375889 -0.50419067 -0.5830049\n -0.03062184  0.26033232 -0.23667836 -0.00591952  0.25343736 -0.04585014\n -0.32643481  0.03066575  0.1916813  -0.31997409  0.10722246  0.15961988\n  0.06586707  0.19840212  0.36656388 -0.1601737   0.20196585 -0.17536848\n -0.1128502  -0.54114036  0.08999094  0.47473777  0.38511508  0.49099187\n  0.05605178  0.19520675 -0.13040418 -0.61978845 -0.47333648 -0.05084729\n  0.10780281  0.03448928  0.12707189 -0.34225112  0.13167381  0.31447696\n  0.25209387  0.22934257 -0.01944529  0.14535574  0.40367549 -0.33981098\n  0.11783525  0.3096742   0.17897468 -0.0443901   0.01930568  0.21907735\n -0.45739212 -0.19747777]",
    "olfactory": "[-0.38929465 -0.07838305  0.19700538 -0.14784832  0.09366071  0.11945448\n  0.06022324  0.26831921  0.24145345 -0.2297506  -0.08131634  0.23146597\n  0.0584489   0.15044379 -0.24004009 -0.16882029 -0.21706847  0.09568053\n  0.30038211  0.15610365 -0.01783567 -0.07373587 -0.18188756 -0.07902807\n  0.16113802  0.0381533   0.10645288 -0.33906147 -0.15274418  0.06798101]",
    "pheromonal": "[ 0.1306773  -0.02984184  0.05704998 -0.20828455  0.46813679 -0.05151185\n -0.15671754  0.02794443  0.03035765 -0.41788672  0.54347103 -0.09191654\n  0.20284774 -0.19626738  0.12749738 -0.54964388 -0.11618566 -0.09195758\n  0.19623898  0.05818891 -0.07525336 -0.51012547 -0.0800737  -0.01607372\n  0.44804384  0.20356384 -0.10918523  0.09221955 -0.58909887  0.16154768]",
    "mechanosensory": "[-0.06402134  0.19912426  0.06072016  0.38634991 -0.09224528  0.0352109\n  0.06869365 -0.17527151  0.01690411 -0.08090983 -0.01708943  0.52710563\n -0.18794665  0.01176387  0.26505813 -0.07204673  0.30719431 -0.29279439\n  0.24777472  0.12123686 -0.0998495  -0.1280471  -0.44286982 -0.24692895\n  0.08913159  0.24778375 -0.26446187  0.03402163 -0.10772271  0.30357797\n  0.24779848 -0.17263172 -0.21557348 -0.1374392  -0.10609005 -0.10597677\n  0.1577721   0.0582452   0.12948709 -0.10346886  0.02454484 -0.67251533\n  0.04222158  0.08457515 -0.07839882  0.22962479 -0.22539216 -0.41639975\n -0.00737566 -0.37540097  0.27008263 -0.14535093  0.00574453  0.18009782\n -0.22761192  0.02430825  0.2363508   0.13169618  0.07130732  0.29657136]"
  },
  "neural_activity": {
    "mushroom_body": [
      0.12635954055289922,
      0.6510662603041527,
      0.6627929837081565,
      0.9059514415899972,
      0.694024905970108,
      0.13032535785611132,
      0.6785700910874193,
      0.25181423548906845,
      0.9354434499568303,
      0.9820695225306735,
      0.35894562736900226,
      0.09852715118231181,
      0.294853150261539,
      0.7462912346894797,
      0.7870932401371551,
      0.07062982415768515,
      0.48313936540704683,
      0.6622209359526908,
      0.115399259873879,
      0.6872873456110286,
      0.6981114122053442,
      0.504124699964496,
      0.8683273200191458,
      0.7166708401294236,
      0.6182749276751418,
      0.6232014757378306,
      0.39529436063508416,
      0.38233751371397573,
      0.7167883560053652,
      0.44552297638641014,
      0.9047130954552666,
      0.021405918043153394,
      0.7727889117003455,
      0.6159269939967781,
      0.06738501744015668,
      0.32597272676736,
      0.3087168672643883,
      0.9038271378155378,
      0.23784856178197233,
      0.18904989841550568,
      0.2210457214133057,
      0.848521080227047,
      0.3413897391223164,
      0.9617188178997028,
      0.787246394196182,
      0.10829421222201396,
      0.6481604816985572,
      0.7469217894494218,
      0.03391105392878513,
      0.15653537504224724,
      0.9992419020899515,
      0.6853055751030905,
      0.25484180859629757,
      0.9989993979407218,
      0.6524217395054385,
      0.6347337365749102,
      0.744143846619154,
      0.5150140806392638,
      0.7356517947329767,
      0.6376489951475847,
      0.45323207581238756,
      0.37210842438874125,
      0.7037428860280608,
      0.23895712561486693,
      0.5940955300660384,
      0.9945112193658604,
      0.707620198578572,
      0.9534313058612712,
      0.7114461577312933,
      0.4395467057289705,
      0.49249444180522495,
      0.06731022572559242,
      0.27550073951848686,
      0.8881137570119427,
      0.8104454683630198,
      0.58025781616706,
      0.5300344472969072,
      0.07180701688387292,
      0.3757757212457067,
      0.300809054944117,
      0.8118121304991793,
      0.8542922211831256,
      0.9187886496881005,
      0.9817062663157549,
      0.5612733835334486,
      0.2686584688003274,
      0.5043663782398784,
      0.18781304522437448,
      0.71123547918031,
      0.2222548857108344,
      0.5264317813777212,
      0.9750138797195244,
      0.07515074344946227,
      0.2914045013201676,
      0.7958427234065533,
      0.45715523003574077,
      0.5492189810560055,
      0.28384337953527417,
      0.4591770410905638,
      0.27511237675800737
    ],