{
  "step": 70,
  "insect_id": "Honeybee",
  "timestamp": 1753377473.75666,
  "sensory_input": {
    "visual": [
      0.7129219407263168,
      2.281138476733557,
      1.5722483088131578,
      -0.9840192252838127,
      -0.06542695179363428,
      -1.4042709984617194,
      -2.4980550294948416,
      0.9368041257404925,
      -0.191371019423149,
      -1.274042552077482
    ],
    "olfactory": [
      0.46780652835265685,
      1.2846576364376758,
      0.5205880684459075,
      0.030852867320562725,
      -0.16111810115691133
    ],
    "pheromonal": [
      1.2958453648759156,
      1.1927062695279944,
      -0.5815314456990874
    ],
    "mechanosensory": [
      -0.40205890661571386,
      0.00983720547198561,
      1.4564614746928135,
      -0.3005457409717186
    ]
  },
  "processed_output": {
    "visual": "[ 0.60548995 -0.6360771  -0.03250945  0.18653318  0.77635488 -0.69351692\n -0.11389342 -0.18058949  0.58883619  0.17925699  0.10199053  0.09178284\n -0.25642305 -0.10780806  0.72302019 -0.18457083  0.00728631 -0.11792444\n  0.3846203  -0.77888791 -0.11152384 -0.10584947  0.45796736 -0.03605748\n -0.38303643 -0.057273    0.00511719 -0.28182101  0.36748481 -0.5515142\n  0.36095827 -0.08887337 -0.16256381 -0.40774538 -0.37479098 -0.16097947\n  0.22665283  0.67550711  0.28747098 -0.47416325 -0.48579565  0.45865236\n  0.31108444  0.61014035 -0.54916004 -0.19714205 -0.55558082 -0.26940162\n  0.0469542  -0.79206426 -0.18382757  0.11322884  0.31494175  0.45122028\n -0.21011801 -0.59688123 -0.17485056  0.06890232 -0.27240019  0.1643358\n  0.36406107 -0.04446085 -0.40916834  0.41723588 -0.19241853  0.61423026\n -0.56734822 -0.25649678 -0.23926325 -0.55708086  0.20840081 -0.0117893\n  0.45267504 -0.52644931  0.19932823  0.17862416 -0.00763948  0.05460963\n -0.18264709  0.15524943 -0.44117877 -0.16655843  0.36586271  0.44619639\n  0.28768559  0.02236505 -0.6596934  -0.57611371  0.57845863  0.14705672\n  0.0728991   0.31860564  0.44466412  0.01829909  0.53968403  0.17772615\n -0.33443151 -0.72400043 -0.21754595 -0.17231431  0.52133264 -0.07884455\n  0.41304489  0.04135004  0.22239582 -0.21444847  0.16543064 -0.14155333\n -0.58988511  0.04325004  0.13775077  0.17472946  0.3783955  -0.20705737\n -0.6560992  -0.19716392 -0.22605028 -0.0199659  -0.60559581  0.39337121\n  0.36659483 -0.55982898 -0.77918046  0.00288465 -0.2965998  -0.43372881\n -0.18813228 -0.32855092  0.10963569  0.07021225  0.10551682  0.28822751\n -0.12919045 -0.49273197 -0.15893777 -0.14857138 -0.23147462 -0.6584556\n  0.40559494 -0.4836432  -0.09803915  0.30301371  0.18776696  0.15206852\n  0.74261235 -0.03440172  0.36959025  0.38224205 -0.04435165  0.14426621\n  0.29699621 -0.5475376   0.15541781 -0.27849823  0.1982315   0.37036795\n  0.33145431  0.16617246  0.27617407  0.08121286 -0.12066577  0.01692937\n -0.59860945  0.4944501   0.44141633  0.20235214 -0.73983651  0.6954858\n  0.38222556 -0.72965035  0.80576632 -0.06394749 -0.53776281 -0.27996678\n -0.46711034  0.31272027  0.16218204 -0.40636525  0.28921541  0.01105738\n -0.64675252  0.7820449  -0.11306921  0.67953718  0.34295727  0.05304081\n -0.51873191  0.62412781  0.63753936 -0.39013407  0.22989383  0.01735214\n  0.11718639 -0.32891981  0.31978912  0.19035507  0.23947098  0.19250197\n  0.26342363  0.23801099]",
    "olfactory": "[-0.01598781 -0.01814729  0.19706509 -0.22194463 -0.09118107 -0.13617965\n -0.01340744  0.02971491  0.265068   -0.20511226  0.18116109  0.22823556\n -0.1510389   0.11342927 -0.19223592 -0.08755568 -0.01281674 -0.01364422\n  0.19614828  0.18823822 -0.03410363  0.04668117 -0.25804389  0.01201171\n  0.16342327  0.15271744  0.00486422 -0.21847646 -0.07204466 -0.12823029]",
    "pheromonal": "[ 0.08339807 -0.23477932  0.06724347 -0.37123501  0.15375076 -0.36275896\n -0.08757764  0.0546049   0.01088743 -0.08889073  0.27161769 -0.01840142\n -0.16534102  0.06128331  0.05878208  0.0702641  -0.01505142  0.02736565\n  0.00352112 -0.11190024  0.02002879  0.01644047 -0.24583739 -0.14315904\n  0.31584185  0.17438289  0.01247767 -0.12830119  0.09603884 -0.07250638]",
    "mechanosensory": "[ 8.59095045e-02  1.71182553e-01 -5.51272721e-03  1.60089438e-01\n  4.69781238e-02 -1.53408235e-01 -2.62829194e-03 -2.53197052e-01\n  2.36176718e-01  1.21433703e-01 -2.93140359e-01  2.80275467e-01\n -2.55256357e-01 -7.69994403e-02 -2.60534350e-02  2.42726836e-01\n  7.30157039e-02 -5.85183201e-02 -5.77305278e-02  5.41309696e-02\n -1.11871508e-01 -7.26771696e-03 -4.91129664e-02  3.78264143e-02\n -1.83550916e-01  6.50186797e-02 -1.47020034e-01  1.10738664e-01\n  3.18955304e-01 -1.48028535e-01 -1.04992343e-01 -1.51632852e-02\n -4.67160730e-02 -2.46951687e-01  1.00580597e-01  1.37538432e-01\n  1.49867299e-01  3.79623133e-01  2.04219300e-01  9.11415807e-02\n -1.36525298e-01 -5.41588102e-02 -3.65965731e-02  2.94091264e-01\n -1.70861209e-04  1.01671899e-01  1.93341188e-03 -1.02328885e-02\n  1.14786006e-01 -1.27167801e-01  3.84909649e-01 -1.42336410e-02\n -2.32868156e-01 -1.58125101e-01 -5.20091551e-02 -8.05443607e-03\n -5.03135240e-02  5.16435039e-02  1.43735006e-01  3.22837839e-01]"
  },
  "neural_activity": {
    "mushroom_body": [
      0.12635954055289922,
      0.6510662603041527,
      0.6627929837081565,
      0.9059514415899972,
      0.694024905970108,
      0.13032535785611132,
      0.6785700910874193,
      0.25181423548906845,
      0.9354434499568303,
      0.9820695225306735,
      0.35894562736900226,
      0.09852715118231181,
      0.294853150261539,
      0.7462912346894797,
      0.7870932401371551,
      0.07062982415768515,
      0.48313936540704683,
      0.6622209359526908,
      0.115399259873879,
      0.6872873456110286,
      0.6981114122053442,
      0.504124699964496,
      0.8683273200191458,
      0.7166708401294236,
      0.6182749276751418,
      0.6232014757378306,
      0.39529436063508416,
      0.38233751371397573,
      0.7167883560053652,
      0.44552297638641014,
      0.9047130954552666,
      0.021405918043153394,
      0.7727889117003455,
      0.6159269939967781,
      0.06738501744015668,
      0.32597272676736,
      0.3087168672643883,
      0.9038271378155378,
      0.23784856178197233,
      0.18904989841550568,
      0.2210457214133057,
      0.848521080227047,
      0.3413897391223164,
      0.9617188178997028,
      0.787246394196182,
      0.10829421222201396,
      0.6481604816985572,
      0.7469217894494218,
      0.03391105392878513,
      0.15653537504224724,
      0.9992419020899515,
      0.6853055751030905,
      0.25484180859629757,
      0.9989993979407218,
      0.6524217395054385,
      0.6347337365749102,
      0.744143846619154,
      0.5150140806392638,
      0.7356517947329767,
      0.6376489951475847,
      0.45323207581238756,
      0.37210842438874125,
      0.7037428860280608,
      0.23895712561486693,
      0.5940955300660384,
      0.9945112193658604,
      0.707620198578572,
      0.9534313058612712,
      0.7114461577312933,
      0.4395467057289705,
      0.49249444180522495,
      0.06731022572559242,
      0.27550073951848686,
      0.8881137570119427,
      0.8104454683630198,
      0.58025781616706,
      0.5300344472969072,
      0.07180701688387292,
      0.3757757212457067,
      0.300809054944117,
      0.8118121304991793,
      0.8542922211831256,
      0.9187886496881005,
      0.9817062663157549,
      0.5612733835334486,
      0.2686584688003274,
      0.5043663782398784,
      0.18781304522437448,
      0.71123547918031,
      0.2222548857108344,
      0.5264317813777212,
      0.9750138797195244,
      0.07515074344946227,
      0.2914045013201676,
      0.7958427234065533,
      0.45715523003574077,
      0.5492189810560055,
      0.28384337953527417,
      0.4591770410905638,
      0.27511237675800737
    ],