{
  "step": 91,
  "insect_id": "Ant",
  "timestamp": 1753377493.498301,
  "sensory_input": {
    "visual": [
      -1.0165033985076815,
      -0.49574639979479285,
      -0.1709444464714831,
      1.0132274030471295,
      -1.4899658421366884,
      0.7174434654093725,
      -1.1749728990144737,
      2.1753632752982845,
      0.13681352909380298,
      0.4741746638992934
    ],
    "olfactory": [
      -0.37999542906188527,
      2.5801864191353436,
      -0.30090868877591176,
      0.09533348032877736,
      0.0330573321582101
    ],
    "pheromonal": [
      -0.9283210216584606,
      0.32926305804969175,
      -1.5503095508961648
    ],
    "mechanosensory": [
      0.6985406499537782,
      0.21464267185482447,
      0.18006967768257923,
      -0.42556904212882346
    ]
  },
  "processed_output": {
    "visual": "[-0.04536334 -0.01731081  0.28763392 -0.51346797 -0.28390846  0.1990936\n -0.05012274  0.15491003  0.1096655   0.02175208  0.49270482  0.14582421\n -0.47791663 -0.00284105  0.01273075 -0.131848    0.03801174  0.41387937\n -0.45846437  0.1639122  -0.14226062 -0.39878889 -0.14774578 -0.06118273\n  0.23404285  0.1629167   0.46467753  0.59341124  0.06243544 -0.11392152\n -0.30601721  0.10539393  0.11545821 -0.06521194 -0.33596713 -0.05004806\n -0.0269498   0.77252807  0.07158622  0.05154241 -0.48866903 -0.27597692\n -0.2140868  -0.04870294 -0.06524032  0.2355908   0.10550991 -0.34173583\n  0.00189495  0.41847816  0.09843647  0.007158    0.40074394 -0.23154898\n -0.04983703  0.23224567 -0.1666681  -0.5499482  -0.46595262  0.04805291\n -0.37699609 -0.38127527 -0.32782123  0.54589664 -0.23486149  0.13314481\n -0.19122674 -0.30215738 -0.5027226   0.16156387 -0.49053361  0.19324837\n  0.03999594  0.08080113 -0.27980834 -0.18703228  0.11900302  0.2106928\n -0.04627908  0.50791987  0.32226403  0.0704696  -0.17927119 -0.17359232\n  0.03513371 -0.30226186  0.37244259 -0.3399135   0.07112348 -0.7928969\n -0.08984086 -0.52043153 -0.34585478 -0.49515413  0.0554653  -0.20833439\n -0.29287021  0.2846547   0.36302561  0.23134913 -0.12527616  0.05087042\n -0.10769277 -0.04478367  0.15302616 -0.14914974 -0.35330982 -0.45731615\n  0.68267521 -0.11097267  0.10341111 -0.17316281 -0.37009319 -0.07335331\n  0.15470924 -0.17260196  0.12004455  0.25862409 -0.22002522  0.01902333\n  0.0996289  -0.4375207  -0.05497396 -0.06961046  0.06896734  0.4328068\n  0.65934851 -0.07628314  0.63716368 -0.25447162 -0.06652477  0.30363864\n  0.30540793  0.07824901 -0.02146517  0.07459288 -0.45769313 -0.35266885\n  0.17269375  0.34732188  0.1891751   0.60175041  0.34567228 -0.05000099\n  0.02890577  0.19159829  0.45172879  0.34453471 -0.48770276 -0.47086392\n  0.23030425 -0.31958032  0.27628893  0.0098148   0.20551603  0.04404949\n  0.29627479 -0.16978335  0.11046871  0.04587204 -0.73018507 -0.26992946\n  0.29044899 -0.25848335 -0.01080518  0.42763024  0.12082272  0.63007529\n  0.63147823  0.22577548 -0.28821734 -0.13943094 -0.35102486  0.48788685\n  0.04098282  0.14396271 -0.42190299  0.07226464  0.33399645 -0.05361042\n -0.10578637  0.44897441 -0.07957732  0.00644286  0.27141013  0.02847771\n -0.2845254   0.07831066 -0.39334257  0.2201791   0.28756997 -0.02140977\n -0.40833146 -0.34424543 -0.00244063  0.07387099 -0.15838751  0.07282489\n -0.48468147  0.1612212 ]",
    "olfactory": "[-0.5843979   0.46418104  0.33211785 -0.49418762  0.54703971 -0.16614206\n  0.06838278 -0.47349667 -0.05033188 -0.14000476 -0.13173877  0.18264324\n  0.09288679 -0.21791689  0.15928663 -0.35939795  0.48136025  0.04346589\n -0.23322854  0.06624014  0.0820716   0.21978588  0.27494662  0.24204565\n -0.322148   -0.00177553 -0.28311497 -0.03543488  0.02907289  0.12718066]",
    "pheromonal": "[-0.23056934  0.11084368  0.09425763 -0.13587494  0.14032272  0.16296372\n  0.09303772  0.08847342  0.13055728  0.05048694  0.14347995 -0.17025842\n -0.10985955 -0.2389107   0.05438001 -0.20727475  0.19068008 -0.12768194\n  0.10064977 -0.04401126  0.22071353 -0.13329818 -0.01732216 -0.28698456\n -0.15260093 -0.14328682  0.0251042  -0.14700408  0.16681987 -0.07505254]",
    "mechanosensory": "[-0.04439088  0.20493952  0.00129925 -0.06777629 -0.04138476 -0.04332473\n -0.01476125 -0.0313026  -0.04404173 -0.16408907  0.17873818 -0.02784123\n  0.03785348  0.1499009   0.07847125 -0.00113323  0.04288344  0.15841831\n -0.05399355 -0.05272502  0.11012266  0.04292829  0.1028773   0.01048289\n -0.03069788 -0.02974754  0.04422778 -0.0342476  -0.01993959 -0.13101094\n  0.00282248 -0.00915905 -0.01436453 -0.06330424 -0.17215699  0.12325191\n  0.02834519 -0.03862925 -0.1262032  -0.02873076 -0.05750088  0.18463406\n -0.0284604  -0.14786441 -0.14791599  0.08021464 -0.09635595  0.02958003\n  0.07462345  0.09266479 -0.03750232 -0.02914284  0.0595242   0.00494827\n  0.06783937 -0.08566767  0.0360982  -0.107681    0.05951042 -0.04444131]"
  },
  "neural_activity": {
    "mushroom_body": [
      0.4924007237947772,
      0.14693464607642892,
      0.767210702383254,
      0.6248820631260946,
      0.9864482839136465,
      0.33642038262559837,
      0.4422341246408278,
      0.9350583906263176,
      0.8758108280827299,
      0.364067756289724,
      0.02099672115939233,
      0.3653858631904884,
      0.8151629850456615,
      0.6140212660019688,
      0.32891618603502437,
      0.18893806693942827,
      0.7905736907455317,
      0.49916065962944123,
      0.19717420637235406,
      0.9213049964468009,
      0.447226947943287,
      0.7632966728025157,
      0.8032316000008118,
      0.5535376916288629,
      0.07895300729288246,
      0.37207011325454553,
      0.17281634483101527,
      0.9955464920855303,
      0.7331206509221954,
      0.5386381999688542,
      0.39924139702265893,
      0.2069417262349741,
      0.18638278300294076,
      0.5276332937882693,
      0.6015984856107799,
      0.738477463568368,
      0.012070075146157544,
      0.39691921306107414,
      0.9742478701988332,
      0.24929524690375904,
      0.2769088846934247,
      0.5292959918493957,
      0.07966113583142909,
      0.21578219897423678,
      0.7698762304225306,
      0.28290490199427065,
      0.9405319902264295,
      0.6002708120426894,
      0.45739250176265134,
      0.4463890668275149,
      0.9356395009266144,
      0.2565397437437217,
      0.45391089141763574,
      0.6693230026315135,
      0.02617703582476605,
      0.02531896787827681,
      0.5251034861530219,
      0.7031803637078137,
      0.058529304862222964,
      0.01939748304062039,
      0.5974268143442467,
      0.12381889677257696,
      0.6523379317512753,
      0.9321946265931902,
      0.591086092657511,
      0.1240378689225623,
      0.9362653987395712,
      0.5070649457786084,
      0.0919345703443104,
      0.7666644812076299,
      0.08779127460972835,
      0.33673866917057105,
      0.5896370886961854,
      0.2909284330490943,
      0.7323145070044182,
      0.7236888826592979,
      0.5710198786593059,
      0.7176901664961559,
      0.24203636076752333,
      0.41260492944946736,
      0.8738631246179162,
      0.4024116122514887,
      0.24035654060282785,
      0.3736574116109701,
      0.03336379466983419,
      0.6106387280493265,
      0.9364508555576203,
      0.22944403673237168,
      0.4365801853721185,
      0.8738519447485829,
      0.5050267126920194,
      0.453349231079773,
      0.993777465048396,
      0.3051647484911183,
      0.5080186252800102,
      0.5197698326970429,
      0.18403870897738006,
      0.28479427375720423,
      0.10024162543381976,
      0.18808052763581162
    ],