{
  "step": 52,
  "insect_id": "Honeybee",
  "timestamp": 1753377473.516703,
  "sensory_input": {
    "visual": [
      1.2443244707417858,
      2.199510812274723,
      -0.930391545645208,
      0.282742610413283,
      -0.5730059466289813,
      0.6623848352388292,
      0.08347811213137653,
      -0.7237808817074025,
      0.22648708018508235,
      1.6701747206152582
    ],
    "olfactory": [
      -0.6403383055150255,
      1.7543533701021057,
      -1.4686963409645581,
      1.2360109747042325,
      0.7633682613585949
    ],
    "pheromonal": [
      0.8470875279466386,
      2.214489880878711,
      1.1151735912567067
    ],
    "mechanosensory": [
      1.9789660919877423,
      0.9666947077960829,
      -0.540604014118477,
      -0.6820353217484231
    ]
  },
  "processed_output": {
    "visual": "[ 0.39924697 -0.00519771 -0.04266664 -0.34475792  0.41821235 -0.0054893\n  0.40657646 -0.41469691 -0.11364744  0.09723622  0.22204051  0.64755249\n -0.54201495 -0.32883368  0.08473909  0.3207302  -0.09109514  0.20305789\n -0.42522289 -0.09723049  0.33428597  0.27391634 -0.14661134 -0.13026522\n -0.65217723 -0.2075393  -0.51338874 -0.24410567  0.66369506 -0.0318269\n  0.13301821  0.29820674 -0.25857066 -0.1337019   0.20191192 -0.047119\n  0.20294417 -0.28674586  0.37243449 -0.02321532  0.30865937  0.45305724\n -0.30675365 -0.00442927 -0.20392772 -0.04880138 -0.13069069 -0.02675987\n -0.13099796  0.27260618 -0.04551872 -0.39075135 -0.244511   -0.05046796\n  0.33887527  0.08608768  0.33340111  0.43863657 -0.00623131 -0.31523164\n -0.27611745 -0.06453849  0.19864124 -0.49026209  0.04186805 -0.0854183\n -0.65928194 -0.2616829   0.67944155  0.41928664 -0.1227613   0.17321623\n -0.4291919   0.17136608  0.22094453 -0.33571822  0.15063837 -0.511984\n  0.4544024  -0.09219462  0.39156887  0.3891205  -0.02454358  0.26956456\n  0.33086323 -0.33921756 -0.1237475   0.08593407  0.13986644 -0.00457071\n -0.05598709 -0.00568819  0.12263332 -0.07866558  0.28244343 -0.32501191\n  0.19020866  0.67362109  0.04452805 -0.04751801  0.01589051 -0.04755954\n -0.48400464  0.49754432  0.499942    0.11413283  0.01300042 -0.16784581\n -0.24061551 -0.11039148 -0.50398809  0.1699317   0.41458787  0.09519204\n  0.01035647 -0.77599629  0.01241601  0.38663995 -0.02892905 -0.62835387\n -0.12064764  0.1484146  -0.11448112  0.4949203   0.08234744  0.40872596\n  0.44728265 -0.28139175  0.36857976 -0.15508831 -0.06044409 -0.18400651\n -0.04432246 -0.51145452 -0.1831593  -0.23136995  0.0559036  -0.27341688\n -0.05746501  0.16767332  0.08634267  0.49679744 -0.24323521  0.42194819\n  0.18447305  0.02215692 -0.19251811 -0.28210375 -0.27224009 -0.27259271\n -0.1037094  -0.18090684 -0.03625064  0.24125671  0.08694951  0.7160438\n  0.15931682 -0.16226401 -0.01139945 -0.10614407 -0.21209113 -0.1247801\n -0.03251355  0.13262694  0.34534281  0.44953977 -0.04760288 -0.31506865\n -0.0103005   0.20067986 -0.53241444 -0.2179722   0.59240006 -0.09525151\n -0.24402565 -0.22142962  0.02071702 -0.25963824 -0.39641795 -0.26988986\n -0.46045166  0.27959921  0.22642993 -0.26135806 -0.64502181  0.4766214\n  0.15401208  0.07639108  0.03857153 -0.36692299  0.56537006 -0.11488966\n -0.08415485  0.43087672  0.28259683  0.08970684 -0.22536053  0.24699632\n -0.20403206 -0.07244657]",
    "olfactory": "[ 0.24579887  0.12972326  0.06209812 -0.54332744  0.17286342 -0.28225667\n  0.13572178 -0.05419321  0.10669892 -0.34991862  0.54777563 -0.39234985\n  0.23252144 -0.01877294  0.24721838 -0.45377465 -0.27092871 -0.28678923\n -0.10244993  0.18864005 -0.17209532 -0.33069638 -0.30444302  0.00719996\n  0.1758942   0.32908224 -0.14888571  0.20366946 -0.60122516  0.22573807]",
    "pheromonal": "[-0.10259453 -0.01314597  0.34872689 -0.38972504 -0.20061715 -0.20273072\n  0.0321245   0.08789858  0.4656634  -0.340787    0.2391603   0.38352362\n -0.23563457  0.23845917 -0.35182826 -0.13735668 -0.072348   -0.02245855\n  0.33489018  0.34896133 -0.06756046  0.11325518 -0.44613487  0.01675715\n  0.22692517  0.2514332   0.02878265 -0.39843961 -0.12213926 -0.19668654]",
    "mechanosensory": "[-3.46924901e-01  1.40267904e-01 -4.21157313e-02 -1.25878697e-01\n -8.88400790e-02  1.09497774e-01 -6.40414559e-02  2.01326278e-02\n -5.50884052e-01 -7.67705053e-02  1.54519096e-01 -7.16919025e-02\n  3.04057464e-01  2.12756941e-01  1.71688812e-01  1.10945110e-03\n  3.74557562e-01 -2.35533168e-01 -8.67182090e-02 -5.29683804e-02\n  1.52777085e-01  4.13738559e-01 -3.95503068e-02 -2.92424258e-01\n -7.91583361e-02  2.88346807e-02 -1.03588577e-02 -2.08408417e-01\n -3.78342833e-01  3.73151294e-02 -3.66354008e-02  6.73198554e-01\n -6.35279715e-03  3.44938911e-01  3.26865005e-01 -1.78451488e-01\n -1.89631349e-01 -4.10321778e-01 -2.36729787e-01  1.03510205e-01\n -2.62445145e-02 -1.84806355e-01 -1.21101182e-01 -5.00669419e-01\n -9.60646529e-03  1.05699172e-04  1.30477621e-01 -1.46239973e-01\n  8.04899814e-02  7.29936832e-02  1.79496162e-02 -1.50061670e-01\n -8.95523501e-02 -1.08459806e-01  2.52628693e-02  2.07135510e-01\n  2.22398281e-01  4.00359334e-01  1.62638137e-01 -2.95239838e-02]"
  },
  "neural_activity": {
    "mushroom_body": [
      0.12635954055289922,
      0.6510662603041527,
      0.6627929837081565,
      0.9059514415899972,
      0.694024905970108,
      0.13032535785611132,
      0.6785700910874193,
      0.25181423548906845,
      0.9354434499568303,
      0.9820695225306735,
      0.35894562736900226,
      0.09852715118231181,
      0.294853150261539,
      0.7462912346894797,
      0.7870932401371551,
      0.07062982415768515,
      0.48313936540704683,
      0.6622209359526908,
      0.115399259873879,
      0.6872873456110286,
      0.6981114122053442,
      0.504124699964496,
      0.8683273200191458,
      0.7166708401294236,
      0.6182749276751418,
      0.6232014757378306,
      0.39529436063508416,
      0.38233751371397573,
      0.7167883560053652,
      0.44552297638641014,
      0.9047130954552666,
      0.021405918043153394,
      0.7727889117003455,
      0.6159269939967781,
      0.06738501744015668,
      0.32597272676736,
      0.3087168672643883,
      0.9038271378155378,
      0.23784856178197233,
      0.18904989841550568,
      0.2210457214133057,
      0.848521080227047,
      0.3413897391223164,
      0.9617188178997028,
      0.787246394196182,
      0.10829421222201396,
      0.6481604816985572,
      0.7469217894494218,
      0.03391105392878513,
      0.15653537504224724,
      0.9992419020899515,
      0.6853055751030905,
      0.25484180859629757,
      0.9989993979407218,
      0.6524217395054385,
      0.6347337365749102,
      0.744143846619154,
      0.5150140806392638,
      0.7356517947329767,
      0.6376489951475847,
      0.45323207581238756,
      0.37210842438874125,
      0.7037428860280608,
      0.23895712561486693,
      0.5940955300660384,
      0.9945112193658604,
      0.707620198578572,
      0.9534313058612712,
      0.7114461577312933,
      0.4395467057289705,
      0.49249444180522495,
      0.06731022572559242,
      0.27550073951848686,
      0.8881137570119427,
      0.8104454683630198,
      0.58025781616706,
      0.5300344472969072,
      0.07180701688387292,
      0.3757757212457067,
      0.300809054944117,
      0.8118121304991793,
      0.8542922211831256,
      0.9187886496881005,
      0.9817062663157549,
      0.5612733835334486,
      0.2686584688003274,
      0.5043663782398784,
      0.18781304522437448,
      0.71123547918031,
      0.2222548857108344,
      0.5264317813777212,
      0.9750138797195244,
      0.07515074344946227,
      0.2914045013201676,
      0.7958427234065533,
      0.45715523003574077,
      0.5492189810560055,
      0.28384337953527417,
      0.4591770410905638,
      0.27511237675800737
    ],