{
  "step": 17,
  "insect_id": "Fruit_Fly",
  "timestamp": 1753377433.9249842,
  "sensory_input": {
    "visual": [
      -0.61422056382166,
      -2.3513691521022317,
      -0.9918874502429956,
      0.1981151600863091,
      0.0930070847129212,
      0.30831961956171977,
      0.5949721215638167,
      -0.1909735360876109,
      -0.2635286309543437,
      -1.441998902342187
    ],
    "olfactory": [
      -0.52929109864138,
      0.1522037864723999,
      -1.0637272031388632,
      -0.21832991394675527,
      -1.5487720628948798
    ],
    "pheromonal": [
      -0.9418349040249235,
      0.4621657900660645,
      -0.48382338372352096
    ],
    "mechanosensory": [
      -0.7262175057730901,
      0.7792359422846024,
      0.4091443696972363,
      -1.4479001665713476
    ]
  },
  "processed_output": {
    "visual": "[ 0.29839824 -0.06285244 -0.22343967 -0.17835229 -0.1943418   0.2996764\n  0.00329423 -0.29190519  0.27364465  0.16159137  0.35827893 -0.52180918\n -0.02977302 -0.0339635   0.35036903  0.2153122   0.14554494  0.2168425\n  0.39147073 -0.04538323  0.00559586 -0.060908   -0.31555798 -0.38900886\n  0.05514222  0.10878955  0.30723032 -0.18394957  0.03253032  0.28950092\n  0.24493774 -0.22197413  0.17319551 -0.52700316 -0.33072534  0.42760517\n -0.10315493  0.13107893  0.15896649  0.58338529 -0.51718982  0.33961609\n  0.04701614  0.11162671  0.26909757 -0.40679738 -0.02873267  0.44771458\n -0.50004507 -0.34550544 -0.29954126  0.29615587 -0.06666451  0.02323246\n  0.32093104  0.20945651 -0.4178417   0.26079385 -0.18340349 -0.09251414\n  0.37138812  0.4670379   0.13011766  0.03288466 -0.028861    0.3207894\n -0.46689106  0.0205828   0.19886091  0.01746754  0.59607373 -0.14693714\n -0.02520688 -0.23462203  0.24070365  0.73614726  0.00961874 -0.36953428\n -0.27055503 -0.11102056  0.41784217 -0.01289892 -0.27873637 -0.37629903\n -0.20495691  0.50390363 -0.42648268 -0.01342577  0.03171347  0.12954213\n  0.46893518  0.07393121  0.01951936 -0.44025851  0.24820347 -0.44281812\n -0.11966738  0.37204403  0.1222436   0.18059205 -0.51951104 -0.13134047\n -0.54382515 -0.26956993 -0.42222035  0.27300449 -0.52509289 -0.54488769\n -0.22719968  0.30636164  0.09906914 -0.23153549 -0.4284015   0.10860635\n -0.01710107  0.15801542  0.05903252 -0.57332041 -0.05358732 -0.1864393\n  0.33654048 -0.04967772  0.03175995 -0.19763267  0.06204351 -0.19736113\n  0.11125356 -0.05852039  0.36579455  0.30432185 -0.13760165 -0.52479172\n -0.35595954 -0.12102635 -0.30833297 -0.60075279 -0.39198976  0.20413891\n  0.31531817 -0.51278867  0.20002222 -0.0415616   0.32215113 -0.40525253\n  0.29862225  0.1041864   0.157609   -0.35599372 -0.30132204  0.10334475\n -0.42618103 -0.26221911  0.33446882  0.29476321  0.21400949 -0.11761337\n -0.44796277  0.32734705 -0.01421488 -0.23814331  0.57722224  0.00471312\n  0.3227073   0.05222465  0.37381384  0.43750054 -0.25648207  0.11813986\n  0.14044123  0.43781755 -0.35450812  0.04973558  0.32378728  0.23547646\n -0.10890686  0.05709918  0.45733538  0.42496062 -0.19804258  0.22880606\n -0.0980611  -0.03899632 -0.49512959  0.12595596  0.28058305  0.23513416\n -0.26888704 -0.41951687  0.41518053 -0.15339797  0.33032851  0.08072962\n  0.12030713 -0.25293041 -0.40799897  0.21144226 -0.033647   -0.54377376\n -0.14420932 -0.34401664]",
    "olfactory": "[ 0.28877093 -0.04430032 -0.03280335  0.13746184  0.40908493 -0.27047549\n -0.09237277 -0.01755301 -0.22089532 -0.22747032  0.0037308   0.1757589\n  0.05785475  0.05518169 -0.09493952 -0.0117644   0.15955739  0.18849428\n  0.10808971 -0.07739302 -0.15857277 -0.01028354 -0.16962762 -0.27708661\n  0.30546287  0.07481983 -0.33572774  0.04243324  0.35246947 -0.17926736]",
    "pheromonal": "[ 0.15107558  0.1563182   0.08775328  0.07779083  0.13741728 -0.13695216\n -0.00640439 -0.10183257 -0.08902866 -0.28529299 -0.00220829  0.17209757\n -0.11490657  0.01694592  0.01052932 -0.10064058 -0.06110413  0.10182417\n -0.04166538  0.02764895  0.01472379 -0.02800105  0.06908179 -0.12702818\n  0.09201029 -0.01670046  0.00525534 -0.09876653 -0.15874732 -0.23747772]",
    "mechanosensory": "[ 0.14889733 -0.26650354  0.11668424 -0.20944274 -0.01398384  0.02078953\n  0.00891277  0.36369856 -0.33468074  0.33554177  0.27186457  0.04628174\n  0.06982319  0.05585067  0.1949627  -0.05996169 -0.05969876  0.2041701\n -0.07984286  0.01386985  0.02290196  0.07164284 -0.05703222 -0.55338911\n -0.09668864 -0.02667371  0.087397   -0.35514365  0.06692035  0.10718379\n  0.02372158  0.19311188  0.06582613  0.09017994  0.02270364 -0.0082095\n  0.21750261 -0.0029416   0.13709039 -0.09175131  0.09726891 -0.21782461\n -0.02435552  0.02019018  0.01697673 -0.43514959  0.1156002  -0.22848246\n -0.13215387  0.08135044  0.22219779  0.28877745 -0.1010655  -0.01806169\n -0.03508006  0.11943596 -0.0367605  -0.20663862  0.20959786 -0.11277686]"
  },
  "neural_activity": {
    "mushroom_body": [
      0.9573342550431373,
      0.5685218001748344,
      0.1532728767834156,
      0.440756085521535,
      0.4259028932173351,
      0.8065279792960456,
      0.735175839227128,
      0.5075710583125029,
      0.3182408848813949,
      0.1857101658658754,
      0.147293821091668,
      0.5144536606534947,
      0.45121488345427196,
      0.4906687440412314,
      0.9154397942576439,
      0.03221105435352989,
      0.5357325732152792,
      0.1382546922159048,
      0.36067250393003913,
      0.5332526610283069,
      0.8730295292421824,
      0.04063562036991242,
      0.7485949842136878,
      0.3405914174807766,
      0.18318381682710538,
      0.5600384713303344,
      0.1937550886838283,
      0.5397260475592325,
      0.5783223468361413,
      0.9653669883642755,
      0.4658507608321515,
      0.041218211917091296,
      0.9430155978024163,
      0.2674308460540551,
      0.7293295369440447,
      0.57561750059022,
      0.8256796537657,
      0.8151716530122752,
      0.5281132367497178,
      0.8266383224215215,
      0.7639307513444167,
      0.2648371836316852,
      0.5252438849384159,
      0.5541905466888357,
      0.37818191129782974,
      0.7450469935471635,
      0.2806576625628212,
      0.970184082071879,
      0.823677363336939,
      0.978073118620327,
      0.49119614886596097,
      0.6255023153178355,
      0.3681622586961123,
      0.27170809027288534,
      0.7049624491081308,
      0.9090151895400193,
      0.41775828586490404,
      0.6095412889618553,
      0.585938072687339,
      0.8930936343998793,
      0.9166908334120343,
      0.8584724743974405,
      0.4721485132611529,
      0.4807210850130702,
      0.966113607256765,
      0.14152773929286366,
      0.6864110737296917,
      0.8136470071682644,
      0.6496913523967113,
      0.8044161094802286,
      0.6584368982773874,
      0.7552418973233255,
      0.616923263713886,
      0.3417038976597814,
      0.3231289351313176,
      0.1544216935411289,
      0.7029083784993677,
      0.5724367368870931,
      0.2916010291694956,
      0.02198318626477036,
      0.1818806884802623,
      0.9196557994989446,
      0.6893228355088742,
      0.8528493442801934,
      0.33072324176447354,
      0.4919088973308279,
      0.9279620406010517,
      0.28301492112311355,
      0.076863264671996,
      0.21435225530737068,
      0.47425321392117226,
      0.3668784589614873,
      0.8654826015894379,
      0.22710319324722184,
      0.7957563775459994,
      0.5848636850024898,
      0.9513743724371871,
      0.09511916040574064,
      0.46089376742698995,
      0.027475684173515202
    ],