{
  "step": 29,
  "insect_id": "Ant",
  "timestamp": 1753377453.502712,
  "sensory_input": {
    "visual": [
      -0.46196490567647347,
      0.3706281523793003,
      -1.0987016491250476,
      1.0480848646377452,
      0.2212815462831741,
      0.16454468201075426,
      0.3583055758981266,
      -1.1992886087569623,
      -0.36739071368485887,
      1.1025343259705087
    ],
    "olfactory": [
      -0.21143424217928322,
      -2.299702764460361,
      0.02437434581323205,
      0.12321036245025739,
      -2.0316225651391044
    ],
    "pheromonal": [
      1.2117781201113713,
      -1.0872527557696836,
      -0.2283314242214247
    ],
    "mechanosensory": [
      -0.9351110633956947,
      1.1445163918665333,
      -0.00816203472436849,
      -0.3311373667149427
    ]
  },
  "processed_output": {
    "visual": "[ 0.07434022 -0.14625887 -0.08027577  0.15640249  0.12929814  0.48059301\n -0.07617869 -0.25595365 -0.09615873  0.15328349 -0.22854751 -0.2041168\n -0.22793483  0.07944864 -0.04694308 -0.14176784 -0.12691307  0.08033628\n  0.49810209  0.2187739   0.21552851  0.25420641 -0.06637671  0.02337118\n  0.12848146 -0.19514055 -0.0077251   0.009588    0.33590288 -0.16464952\n  0.25955571 -0.17982903 -0.25061303  0.06655474  0.33400957  0.11815256\n  0.05733424 -0.38631648  0.57840893  0.12005916 -0.06212888 -0.29802538\n -0.05229541 -0.13903198 -0.24388808  0.11129469  0.06935966 -0.3860583\n -0.01395156  0.47891317 -0.17522128 -0.14415274 -0.09477733 -0.17223563\n  0.21229886  0.15007614  0.15524964 -0.29802904  0.23302891 -0.10921127\n -0.11362125  0.18918454 -0.18587527 -0.03908051 -0.10922629 -0.45563824\n -0.31682134  0.19255791 -0.09015941 -0.15099803  0.55204917 -0.00902568\n -0.67393182  0.5478474  -0.23150571  0.27347506 -0.10523437 -0.48234521\n -0.08575342 -0.08288333 -0.11077392  0.14759535 -0.08843013 -0.07414493\n -0.22173767  0.14229984  0.22483909  0.18669797  0.06950981  0.11200256\n  0.09335156 -0.21892634  0.2560037   0.07177318  0.19946452 -0.25713028\n -0.12253539 -0.35826161 -0.32973767  0.3077591   0.07843633  0.16985699\n -0.05213517  0.12668968  0.3874843  -0.05787382  0.18549509  0.06627981\n -0.19568797 -0.00293595 -0.43793468  0.12184682  0.15299489  0.46272336\n -0.19822404  0.35191843 -0.32243998 -0.21403488  0.07207108  0.12553309\n  0.02774934 -0.19339241  0.05973628 -0.20970018  0.067552    0.05791457\n -0.35232058  0.23638416  0.28071904 -0.03784321  0.10853675  0.34264454\n  0.04148278 -0.13148385  0.04169038 -0.00401431  0.25670353 -0.31511983\n -0.18232009 -0.20380994 -0.40698506 -0.40307775 -0.10639241  0.30549242\n  0.08007369  0.26972079 -0.28510245  0.30196564  0.40869037 -0.15114316\n -0.0349076  -0.0452207  -0.05020268  0.38311171 -0.32458446 -0.09897135\n -0.08838678  0.11209636 -0.20327146 -0.05492902  0.22438769 -0.03606764\n  0.01755345  0.31903292 -0.15436709  0.15537679  0.04775044  0.4288496\n -0.20808737 -0.22514778 -0.19349908  0.06998427 -0.05976787  0.23097901\n -0.22201905 -0.0014624  -0.07065316 -0.0939243   0.0248742   0.28110226\n -0.33063539  0.22207431  0.2929437  -0.38155627  0.36658211 -0.00822579\n -0.09338714 -0.45849805  0.37348875 -0.04480885 -0.04839098  0.06393272\n  0.13616946 -0.22332692 -0.40792401 -0.00901097 -0.33400622  0.04389657\n -0.2011262   0.07631717]",
    "olfactory": "[ 0.22104199 -0.52058644  0.0413159   0.74235728 -0.60345401  0.54310354\n  0.14053055  0.37563589 -0.29576205  0.13938705  0.16341598 -0.22556326\n  0.01447719 -0.26880306 -0.16544742  0.59730251 -0.31752901 -0.02894052\n  0.4809182  -0.46229459 -0.09700087 -0.19080428 -0.57258609 -0.21742993\n  0.28882867 -0.03970387  0.45703262 -0.01169812  0.20833515 -0.25418073]",
    "pheromonal": "[ 0.11711041 -0.35081091 -0.07924431  0.30567863 -0.18259784  0.07455105\n -0.0319928   0.35094024  0.00284939 -0.14809149  0.13123567  0.24016568\n -0.13539951  0.19996983 -0.10479033  0.18882513 -0.3663379  -0.05786083\n  0.09495307 -0.03696546 -0.23936316  0.00925342 -0.00836867 -0.12857533\n  0.14735742  0.20046318  0.10778616 -0.23593819 -0.05708374  0.02590004]",
    "mechanosensory": "[ 0.20552831 -0.03512975  0.07910893  0.24779776 -0.19377816 -0.32796506\n -0.11641113  0.03409601  0.05973568  0.17584338 -0.21438034 -0.00740676\n -0.06092317  0.08490133  0.02062631  0.18545737 -0.09235477 -0.06881611\n -0.08422075 -0.00488963 -0.04971072  0.1703464   0.02275611 -0.10693197\n  0.02112231 -0.05125372 -0.05915423  0.23453866  0.28886671  0.15323426\n -0.13351579 -0.10121977 -0.03710489  0.05539397  0.01175003 -0.20093561\n -0.11837932  0.03731741 -0.07528158 -0.36365009  0.01453884 -0.29973499\n -0.11449744 -0.1149188   0.01095872 -0.09926902  0.23796664  0.04013152\n -0.08938629 -0.00095342 -0.21349845 -0.22221933 -0.106618    0.11398564\n -0.1791749  -0.06607582  0.16532457  0.08837442  0.00451302  0.19758391]"
  },
  "neural_activity": {
    "mushroom_body": [
      0.4924007237947772,
      0.14693464607642892,
      0.767210702383254,
      0.6248820631260946,
      0.9864482839136465,
      0.33642038262559837,
      0.4422341246408278,
      0.9350583906263176,
      0.8758108280827299,
      0.364067756289724,
      0.02099672115939233,
      0.3653858631904884,
      0.8151629850456615,
      0.6140212660019688,
      0.32891618603502437,
      0.18893806693942827,
      0.7905736907455317,
      0.49916065962944123,
      0.19717420637235406,
      0.9213049964468009,
      0.447226947943287,
      0.7632966728025157,
      0.8032316000008118,
      0.5535376916288629,
      0.07895300729288246,
      0.37207011325454553,
      0.17281634483101527,
      0.9955464920855303,
      0.7331206509221954,
      0.5386381999688542,
      0.39924139702265893,
      0.2069417262349741,
      0.18638278300294076,
      0.5276332937882693,
      0.6015984856107799,
      0.738477463568368,
      0.012070075146157544,
      0.39691921306107414,
      0.9742478701988332,
      0.24929524690375904,
      0.2769088846934247,
      0.5292959918493957,
      0.07966113583142909,
      0.21578219897423678,
      0.7698762304225306,
      0.28290490199427065,
      0.9405319902264295,
      0.6002708120426894,
      0.45739250176265134,
      0.4463890668275149,
      0.9356395009266144,
      0.2565397437437217,
      0.45391089141763574,
      0.6693230026315135,
      0.02617703582476605,
      0.02531896787827681,
      0.5251034861530219,
      0.7031803637078137,
      0.058529304862222964,
      0.01939748304062039,
      0.5974268143442467,
      0.12381889677257696,
      0.6523379317512753,
      0.9321946265931902,
      0.591086092657511,
      0.1240378689225623,
      0.9362653987395712,
      0.5070649457786084,
      0.0919345703443104,
      0.7666644812076299,
      0.08779127460972835,
      0.33673866917057105,
      0.5896370886961854,
      0.2909284330490943,
      0.7323145070044182,
      0.7236888826592979,
      0.5710198786593059,
      0.7176901664961559,
      0.24203636076752333,
      0.41260492944946736,
      0.8738631246179162,
      0.4024116122514887,
      0.24035654060282785,
      0.3736574116109701,
      0.03336379466983419,
      0.6106387280493265,
      0.9364508555576203,
      0.22944403673237168,
      0.4365801853721185,
      0.8738519447485829,
      0.5050267126920194,
      0.453349231079773,
      0.993777465048396,
      0.3051647484911183,
      0.5080186252800102,
      0.5197698326970429,
      0.18403870897738006,
      0.28479427375720423,
      0.10024162543381976,
      0.18808052763581162
    ],