{
  "step": 93,
  "insect_id": "Honeybee",
  "timestamp": 1753377493.5175831,
  "sensory_input": {
    "visual": [
      -0.5247499182422044,
      1.4144570097784526,
      0.32135988467322263,
      -0.6232401141994238,
      -0.5310206953806232,
      0.3608181542428842,
      0.41590702311385186,
      -1.575470736880275,
      -1.483957503637258,
      0.8405390510366486
    ],
    "olfactory": [
      1.413933414549513,
      1.8316624798257306,
      0.3178680978204848,
      0.27256934094669083,
      1.3442112332465974
    ],
    "pheromonal": [
      -0.8849916485994636,
      0.5461073804251836,
      -1.6528242220550284
    ],
    "mechanosensory": [
      -0.701999392540583,
      0.43967670144681126,
      0.8520997564589665,
      0.878827348409778
    ]
  },
  "processed_output": {
    "visual": "[ 0.26899559 -0.22860147  0.11338224 -0.19667305  0.4203909  -0.16641708\n  0.15522838 -0.1619376  -0.11254812  0.50718333 -0.11222914  0.3842833\n  0.08414387 -0.3659996   0.5334056   0.47367577  0.32563493  0.28309807\n -0.29685512 -0.06724987 -0.04900482  0.35181957 -0.31625986  0.13195865\n -0.05997043  0.1674204  -0.43975698 -0.35950314 -0.01082514 -0.17198124\n -0.27047546  0.28688306 -0.01228631 -0.37412169  0.32937955 -0.10800424\n -0.01855975 -0.03375978 -0.00171562 -0.43280636  0.25500393  0.48867992\n  0.27036653  0.168904   -0.12155247  0.01704716  0.4153406  -0.23125362\n -0.42460797  0.12794798 -0.15401381 -0.41057035 -0.50594845 -0.17002703\n  0.29235819  0.3087569  -0.12766153  0.05603017 -0.07043755 -0.24107327\n -0.51660285  0.31479207  0.05844145 -0.48026116 -0.46245619  0.23967344\n -0.49758171 -0.06386206  0.49453222  0.48833723 -0.40819874 -0.33019273\n  0.20858847 -0.42582611 -0.06806156  0.0375635  -0.10649728 -0.37013693\n  0.13991497  0.30195154  0.09386228  0.388079    0.18715825  0.13296667\n  0.06788923  0.0360225  -0.45994323  0.2406339   0.34076407  0.19079876\n  0.41977374  0.17819942 -0.10329463  0.27393983 -0.25142668 -0.36006202\n  0.1076878   0.35107959 -0.50827122  0.64423708 -0.01751379 -0.10846456\n -0.48825009  0.1966824   0.27106237  0.04429285  0.1902104  -0.54891327\n  0.18266942  0.04193517 -0.00944646  0.22397143 -0.35099455  0.52823488\n -0.12515196 -0.48056182 -0.03461399  0.13259716  0.13429182 -0.13930427\n  0.33309362  0.13790916  0.25058595  0.13034055 -0.21952493 -0.41682047\n  0.37137663 -0.13536769  0.33779221 -0.47079089 -0.04720919 -0.2657392\n  0.01699178 -0.28050557 -0.30354072  0.08895623  0.07783957 -0.4068198\n -0.01751135  0.00542407 -0.20137063  0.27468299  0.08506583 -0.23408831\n  0.07231307 -0.23912478 -0.24099606  0.08107995  0.16551189  0.18762213\n -0.2404269  -0.15943337 -0.22511499  0.18029304 -0.14191667  0.43686698\n  0.04348611 -0.24806878 -0.24559581 -0.25182971 -0.56217695  0.01878891\n -0.35527583  0.28700773  0.02745791  0.07991005 -0.45202792  0.0352376\n  0.28401855  0.21619076 -0.26058027 -0.31966099  0.05581455 -0.59688447\n -0.55775262 -0.06565144  0.04055351 -0.1358874  -0.14775237 -0.42371146\n  0.12244657  0.27228317  0.13899204  0.00126807 -0.13429503  0.51398548\n -0.15546168 -0.21661751 -0.2308176  -0.43250082  0.25830015  0.23547205\n  0.03283708  0.01506408  0.16336946 -0.37030028 -0.08940482 -0.12893656\n  0.19460397  0.08226041]",
    "olfactory": "[-0.17234822 -0.06539287  0.22502154 -0.59300009 -0.13081777 -0.32029419\n  0.22693376  0.1757672   0.2952745  -0.19467773  0.12370365 -0.04344165\n -0.05280679  0.30475299 -0.09189138  0.00092941 -0.29534074 -0.07551261\n  0.0319567   0.19618626 -0.08640558  0.14082456 -0.47113138 -0.11698642\n  0.08551897  0.25420744  0.05730681 -0.28154342 -0.08583137  0.03887702]",
    "pheromonal": "[ 1.74407036e-01 -1.17069723e-01 -1.09152996e-01 -1.11785222e-01\n  4.72284939e-01 -9.91375489e-02 -1.60206752e-01 -2.73938234e-04\n -2.17404336e-01 -1.67515349e-01  3.94707344e-01 -2.62016574e-01\n  1.83291397e-01 -2.24019286e-01  2.84417570e-01 -3.12907299e-01\n -5.07543316e-02 -4.00983780e-02 -3.28498837e-02 -1.84659977e-01\n -9.74373452e-03 -4.07540818e-01  7.07046380e-02 -8.14296523e-02\n  3.43530626e-01  9.15228478e-02 -8.32883862e-02  2.10037975e-01\n -3.45171602e-01  1.75267840e-01]",
    "mechanosensory": "[ 0.1782826   0.02049462 -0.05507293 -0.06089048  0.10401716 -0.04999308\n -0.09898463 -0.03184023  0.30175056  0.07364474 -0.19948133 -0.06407823\n -0.20021094 -0.01799476 -0.14623387  0.19642344 -0.25508854  0.15003847\n -0.08584819  0.0489945  -0.07759657 -0.03764683  0.19113709  0.26748695\n -0.09084862 -0.11566273  0.02534598  0.09057243  0.38521434 -0.21534645\n -0.15208605 -0.0595356  -0.00721585 -0.10218319  0.00043178  0.23934785\n  0.02147364  0.22836793  0.08476814  0.03244673 -0.02780259  0.36637829\n -0.04581431  0.22944034  0.04696066 -0.04503859 -0.03502829  0.16890165\n  0.05417696  0.05978802  0.04575185  0.09052827 -0.16262106 -0.12102861\n  0.12275832 -0.06350052 -0.13837934 -0.11699721  0.01078551  0.08800084]"
  },
  "neural_activity": {
    "mushroom_body": [
      0.12635954055289922,
      0.6510662603041527,
      0.6627929837081565,
      0.9059514415899972,
      0.694024905970108,
      0.13032535785611132,
      0.6785700910874193,
      0.25181423548906845,
      0.9354434499568303,
      0.9820695225306735,
      0.35894562736900226,
      0.09852715118231181,
      0.294853150261539,
      0.7462912346894797,
      0.7870932401371551,
      0.07062982415768515,
      0.48313936540704683,
      0.6622209359526908,
      0.115399259873879,
      0.6872873456110286,
      0.6981114122053442,
      0.504124699964496,
      0.8683273200191458,
      0.7166708401294236,
      0.6182749276751418,
      0.6232014757378306,
      0.39529436063508416,
      0.38233751371397573,
      0.7167883560053652,
      0.44552297638641014,
      0.9047130954552666,
      0.021405918043153394,
      0.7727889117003455,
      0.6159269939967781,
      0.06738501744015668,
      0.32597272676736,
      0.3087168672643883,
      0.9038271378155378,
      0.23784856178197233,
      0.18904989841550568,
      0.2210457214133057,
      0.848521080227047,
      0.3413897391223164,
      0.9617188178997028,
      0.787246394196182,
      0.10829421222201396,
      0.6481604816985572,
      0.7469217894494218,
      0.03391105392878513,
      0.15653537504224724,
      0.9992419020899515,
      0.6853055751030905,
      0.25484180859629757,
      0.9989993979407218,
      0.6524217395054385,
      0.6347337365749102,
      0.744143846619154,
      0.5150140806392638,
      0.7356517947329767,
      0.6376489951475847,
      0.45323207581238756,
      0.37210842438874125,
      0.7037428860280608,
      0.23895712561486693,
      0.5940955300660384,
      0.9945112193658604,
      0.707620198578572,
      0.9534313058612712,
      0.7114461577312933,
      0.4395467057289705,
      0.49249444180522495,
      0.06731022572559242,
      0.27550073951848686,
      0.8881137570119427,
      0.8104454683630198,
      0.58025781616706,
      0.5300344472969072,
      0.07180701688387292,
      0.3757757212457067,
      0.300809054944117,
      0.8118121304991793,
      0.8542922211831256,
      0.9187886496881005,
      0.9817062663157549,
      0.5612733835334486,
      0.2686584688003274,
      0.5043663782398784,
      0.18781304522437448,
      0.71123547918031,
      0.2222548857108344,
      0.5264317813777212,
      0.9750138797195244,
      0.07515074344946227,
      0.2914045013201676,
      0.7958427234065533,
      0.45715523003574077,
      0.5492189810560055,
      0.28384337953527417,
      0.4591770410905638,
      0.27511237675800737
    ],