{
  "step": 12,
  "insect_id": "Ant",
  "timestamp": 1753377433.8527918,
  "sensory_input": {
    "visual": [
      -0.5040789999181997,
      0.9831314602458847,
      0.34205748017936394,
      2.419849158148944,
      1.3790536274456588,
      -2.125049784768174,
      0.5438867467226713,
      0.45928933910387937,
      -0.12934065517784468,
      -0.6223702851299878
    ],
    "olfactory": [
      -0.09851637839891256,
      -1.033249899973945,
      0.4188292795997125,
      -0.3414940935556821,
      -1.7967174435348006
    ],
    "pheromonal": [
      -0.07968081306440238,
      -0.04406041025367635,
      1.0190897376289911
    ],
    "mechanosensory": [
      0.8497487155440308,
      0.6306512137199286,
      0.7231082434919581,
      1.4441077460523228
    ]
  },
  "processed_output": {
    "visual": "[ 0.30489331  0.488961   -0.34556246 -0.1244007  -0.30488055 -0.01521291\n  0.32817041 -0.56054198 -0.00399115  0.29059083  0.16584029  0.13572237\n  0.37444592 -0.43924935 -0.01626914 -0.06719307 -0.31379321 -0.13491101\n  0.70928211  0.04681469  0.09904155  0.42651934  0.2968153  -0.07604241\n -0.12349631 -0.2836608   0.34243281 -0.41913005  0.27758874  0.05366108\n -0.2020148  -0.33913067 -0.13029666 -0.30623266  0.18129312  0.22718841\n  0.29166781 -0.40118418  0.05503531  0.41254788 -0.07420066  0.52714339\n  0.02789471 -0.29563824  0.5183857   0.21696091 -0.05061687 -0.12604091\n  0.01167922  0.13918923 -0.01354913 -0.05529585  0.51885214 -0.33094797\n  0.01315944  0.09430208  0.19839935 -0.09206174  0.26223691 -0.22851753\n -0.77374061  0.09469613 -0.15841299  0.48515129 -0.14134733  0.31057443\n  0.1248893  -0.33939884  0.27616988  0.22147686  0.07483716 -0.02059958\n -0.4030722  -0.10170996 -0.38247217  0.4797268  -0.31586913 -0.03802345\n -0.15909829 -0.46011776 -0.22188212 -0.2388598  -0.75745316  0.02175088\n  0.23089654 -0.11846334 -0.10917605 -0.25938251  0.46356752 -0.17386352\n  0.04436476 -0.22568372  0.44902334  0.56194851  0.12578852 -0.50501279\n  0.43862203  0.01887775  0.5097423  -0.43224746  0.12705293 -0.2118438\n  0.08637778  0.43397281  0.71305101  0.1622341  -0.09822804  0.2471452\n -0.08915469  0.63714448  0.35865619 -0.06325762 -0.09210638 -0.5275037\n  0.26244211  0.40070151  0.35942851  0.29673743 -0.25616829  0.03362184\n -0.3020787   0.0312562   0.07855563 -0.27718529  0.14542272  0.3955298\n  0.14607133  0.25762733  0.25132789 -0.45509009  0.43384953  0.35220327\n -0.26163219  0.79104328 -0.3937642   0.09316848 -0.18706118 -0.04439611\n -0.46453252  0.10207053 -0.54820772 -0.43257582 -0.26083052  0.44162544\n  0.63711264 -0.10059311  0.21762402  0.14082832  0.17005486 -0.14050192\n -0.14562529  0.02267187  0.55595109  0.61195441 -0.390507   -0.27719319\n -0.1582294   0.20831802  0.39055365  0.05915962  0.3162843   0.01797756\n -0.46556755 -0.44431023 -0.13999688 -0.17678696  0.04356581 -0.13115445\n -0.40587193  0.43619292  0.23760083 -0.29807589 -0.22596686  0.27940533\n -0.12369489 -0.43712578 -0.0624493  -0.56366379  0.01986468  0.17806794\n -0.07586133  0.78447602 -0.30763055 -0.04027218  0.39174441 -0.10687993\n  0.3713863  -0.42524561  0.35643039 -0.020762   -0.20481929  0.10190103\n  0.30016256 -0.04267276 -0.47433756  0.37184175 -0.59376008  0.02256324\n  0.03255412  0.3366477 ]",
    "olfactory": "[ 0.03207203 -0.37843868  0.13290629  0.62130057 -0.37232276  0.40907581\n  0.06918288  0.11282278 -0.30696505 -0.02307229  0.05631268 -0.07675087\n  0.03133591 -0.24612223 -0.14691873  0.43781811 -0.10773629 -0.0130157\n  0.26472755 -0.36254399 -0.00313157 -0.07571041 -0.389372    0.00967568\n  0.16712432 -0.08062635  0.26811093  0.02719379  0.1870198  -0.11022272]",
    "pheromonal": "[ 0.17889825  0.0518997  -0.06912374 -0.00496961 -0.08443067 -0.10200322\n -0.04404742 -0.15505995 -0.06370497  0.08003355 -0.12658867 -0.07052464\n  0.11843745  0.06272263  0.00091498  0.07764956  0.00944762  0.09485365\n -0.06344576  0.03276006 -0.00881724  0.03032374 -0.03577825  0.1848902\n  0.06197522 -0.02761716 -0.02070184  0.21323759 -0.06791005  0.00348813]",
    "mechanosensory": "[ 0.06599893 -0.13643077  0.08686393 -0.0786946  -0.04459898  0.01817796\n -0.11329003 -0.21597066 -0.07721811 -0.03497986  0.2996879   0.17959972\n -0.12793847  0.11032617 -0.02437133 -0.31510219 -0.08301632 -0.27336965\n  0.41379699  0.00796942  0.2421013   0.14565593  0.30397686  0.10865163\n  0.00973791  0.0474096   0.13549821 -0.26545474  0.046408   -0.40135099\n  0.1467972   0.24531696 -0.07365633  0.16961834 -0.15822831 -0.09904081\n -0.09166008 -0.00672716  0.23448369  0.0485041   0.10372695  0.2921647\n -0.08629173 -0.04731224 -0.01427201  0.26877444 -0.13367345  0.05261832\n  0.10615036  0.17288383 -0.06728     0.08537224  0.04830775 -0.07388051\n -0.03923673 -0.12268268 -0.19434086  0.09637238  0.01601396  0.03104651]"
  },
  "neural_activity": {
    "mushroom_body": [
      0.4924007237947772,
      0.14693464607642892,
      0.767210702383254,
      0.6248820631260946,
      0.9864482839136465,
      0.33642038262559837,
      0.4422341246408278,
      0.9350583906263176,
      0.8758108280827299,
      0.364067756289724,
      0.02099672115939233,
      0.3653858631904884,
      0.8151629850456615,
      0.6140212660019688,
      0.32891618603502437,
      0.18893806693942827,
      0.7905736907455317,
      0.49916065962944123,
      0.19717420637235406,
      0.9213049964468009,
      0.447226947943287,
      0.7632966728025157,
      0.8032316000008118,
      0.5535376916288629,
      0.07895300729288246,
      0.37207011325454553,
      0.17281634483101527,
      0.9955464920855303,
      0.7331206509221954,
      0.5386381999688542,
      0.39924139702265893,
      0.2069417262349741,
      0.18638278300294076,
      0.5276332937882693,
      0.6015984856107799,
      0.738477463568368,
      0.012070075146157544,
      0.39691921306107414,
      0.9742478701988332,
      0.24929524690375904,
      0.2769088846934247,
      0.5292959918493957,
      0.07966113583142909,
      0.21578219897423678,
      0.7698762304225306,
      0.28290490199427065,
      0.9405319902264295,
      0.6002708120426894,
      0.45739250176265134,
      0.4463890668275149,
      0.9356395009266144,
      0.2565397437437217,
      0.45391089141763574,
      0.6693230026315135,
      0.02617703582476605,
      0.02531896787827681,
      0.5251034861530219,
      0.7031803637078137,
      0.058529304862222964,
      0.01939748304062039,
      0.5974268143442467,
      0.12381889677257696,
      0.6523379317512753,
      0.9321946265931902,
      0.591086092657511,
      0.1240378689225623,
      0.9362653987395712,
      0.5070649457786084,
      0.0919345703443104,
      0.7666644812076299,
      0.08779127460972835,
      0.33673866917057105,
      0.5896370886961854,
      0.2909284330490943,
      0.7323145070044182,
      0.7236888826592979,
      0.5710198786593059,
      0.7176901664961559,
      0.24203636076752333,
      0.41260492944946736,
      0.8738631246179162,
      0.4024116122514887,
      0.24035654060282785,
      0.3736574116109701,
      0.03336379466983419,
      0.6106387280493265,
      0.9364508555576203,
      0.22944403673237168,
      0.4365801853721185,
      0.8738519447485829,
      0.5050267126920194,
      0.453349231079773,
      0.993777465048396,
      0.3051647484911183,
      0.5080186252800102,
      0.5197698326970429,
      0.18403870897738006,
      0.28479427375720423,
      0.10024162543381976,
      0.18808052763581162
    ],