{
  "step": 1,
  "insect_id": "Honeybee",
  "timestamp": 1753377433.7168748,
  "sensory_input": {
    "visual": [
      0.11092774619133806,
      0.3182988054904086,
      1.0670084783673481,
      -0.5039678820250202,
      -2.2684856184030657,
      -0.45153017220667396,
      0.7082624330438673,
      -2.3550919716369014,
      0.4659791066723118,
      0.7162282595581296
    ],
    "olfactory": [
      -0.3092871803989004,
      -0.9786199700744564,
      -1.6903372668802703,
      -0.035797391168761336,
      -0.487351879590958
    ],
    "pheromonal": [
      -0.16818093457155311,
      0.4833514334397566,
      -1.8017152028276668
    ],
    "mechanosensory": [
      2.655887283766482,
      -0.7076206594573994,
      0.7809108557492388,
      0.10611869291265802
    ]
  },
  "processed_output": {
    "visual": "[-0.05268572 -0.01449676 -0.39799949  0.17200102 -0.07902094 -0.1285559\n  0.36827792  0.17786354 -0.19932417  0.08789613 -0.32499168  0.05307027\n -0.10651381 -0.32366021  0.57496127  0.3225293   0.22791938  0.33837749\n -0.23144593  0.19568635  0.08025126 -0.41792964 -0.16680863  0.07334145\n -0.1903194   0.55176523 -0.59510009  0.22222051  0.14627951  0.19861853\n -0.35738122  0.28805934  0.22160303 -0.07798521  0.32818249  0.26255894\n  0.19575871  0.1620106   0.0895002  -0.5030315   0.13777056  0.26279549\n  0.22616015 -0.00803927  0.09248024 -0.44622567  0.49921764 -0.24638958\n -0.02707903  0.41340872 -0.11394367 -0.25601065 -0.25186089 -0.4804501\n  0.31263978  0.31654913  0.05342219  0.20166178 -0.38170203  0.34268856\n -0.02162576 -0.07332599  0.43886168  0.06839949  0.50664663  0.68086026\n -0.70309274 -0.23113584  0.37596354  0.41336228 -0.37053777 -0.06151302\n  0.025774   -0.35728081 -0.40104962  0.34637963 -0.18506449 -0.26928516\n -0.32122036  0.63089644  0.19290662  0.07808602  0.52990748 -0.06955488\n -0.24495086  0.38192016 -0.19514902  0.10437763  0.27814832  0.43527343\n  0.28527952 -0.23022006 -0.32884418  0.30333546 -0.34958004 -0.37129541\n  0.06517494  0.57317722 -0.11454865  0.51141438 -0.504272   -0.2473586\n -0.46417042 -0.08600068 -0.24925057  0.12739923 -0.20302141  0.05494582\n  0.12319291 -0.10762339  0.2463369  -0.07458433 -0.49084284  0.44846044\n -0.26483515 -0.12212626 -0.03024349  0.00177845  0.43379015 -0.06701987\n  0.28705905  0.20727815  0.51668347 -0.42775214 -0.45092708 -0.26824092\n  0.2608412   0.2189269   0.48093777 -0.17255096  0.00925233 -0.28157796\n  0.02940348 -0.36371692 -0.19289832 -0.20335141 -0.09342893  0.1854216\n -0.52840474  0.20834238 -0.10334739  0.34603832  0.32035696  0.0915545\n  0.14233086 -0.13067694 -0.26854924  0.25434197  0.10433144  0.18376073\n -0.03706982  0.23107609 -0.25272501  0.30818369 -0.45505851  0.17140192\n  0.03295596 -0.26203096 -0.4544419   0.08373197 -0.13634766 -0.32066149\n -0.26919267  0.37047645  0.21366896 -0.26563345 -0.34091798  0.41571306\n -0.11825054 -0.46030895  0.44845803 -0.38289127 -0.25337959 -0.05386873\n -0.24824432 -0.18971401  0.5102593  -0.49159793 -0.48804987  0.14445598\n  0.49258342  0.290365    0.1994337  -0.38638486 -0.11698669  0.75324154\n -0.01981185 -0.59746726 -0.34065064  0.32253617 -0.00406996  0.02743157\n  0.02770348  0.15265078  0.04323986 -0.00692642  0.11623691  0.02544833\n  0.46846605  0.03336916]",
    "olfactory": "[ 0.2428719  -0.16452291 -0.27738931  0.1675248   0.39055773 -0.0693294\n -0.20098384 -0.08632347 -0.43483772  0.17396046  0.13227808 -0.31677921\n  0.09379954 -0.26974119  0.36736028  0.04592072  0.1269738   0.03966035\n -0.23573804 -0.39641275  0.07967662 -0.2186733   0.29618443 -0.0906637\n  0.15486581 -0.08918133 -0.05670219  0.32223281  0.07120429  0.10223012]",
    "pheromonal": "[ 0.197025   -0.20773867 -0.13466083 -0.18547379  0.46981521 -0.22089058\n -0.17172376  0.00694926 -0.27518963 -0.08252901  0.37463937 -0.2983501\n  0.10642813 -0.19269652  0.32559763 -0.16361834 -0.027129   -0.00915329\n -0.10899657 -0.280494    0.02050546 -0.32466784  0.03790292 -0.14014694\n  0.36225245  0.09681244 -0.06165769  0.19059419 -0.17965942  0.13997285]",
    "mechanosensory": "[-0.41791921 -0.02350104  0.12005359 -0.09486157 -0.15248294 -0.30636462\n  0.317115   -0.24594246 -0.6462241   0.19687786  0.08316217 -0.08812702\n  0.52419456 -0.18850107  0.02667743 -0.0495793   0.64494735 -0.23012482\n -0.29949636 -0.32433794  0.23812089  0.390323   -0.04275588 -0.56569538\n -0.30703448  0.20340814  0.01894559 -0.15881993 -0.60134711 -0.08524791\n -0.13090557  0.51365484  0.35742365  0.00326108  0.47550495 -0.47438371\n  0.02281188 -0.00139564 -0.04672965  0.3305136  -0.32600299 -0.22467684\n  0.02662982 -0.33918651 -0.05559628  0.01800344  0.58589918  0.12422773\n  0.09994363  0.17750261  0.39006631 -0.15113997  0.06422428 -0.28231436\n -0.24700808  0.21258947 -0.02331685  0.38694547  0.21896267 -0.07228387]"
  },
  "neural_activity": {
    "mushroom_body": [
      0.12635954055289922,
      0.6510662603041527,
      0.6627929837081565,
      0.9059514415899972,
      0.694024905970108,
      0.13032535785611132,
      0.6785700910874193,
      0.25181423548906845,
      0.9354434499568303,
      0.9820695225306735,
      0.35894562736900226,
      0.09852715118231181,
      0.294853150261539,
      0.7462912346894797,
      0.7870932401371551,
      0.07062982415768515,
      0.48313936540704683,
      0.6622209359526908,
      0.115399259873879,
      0.6872873456110286,
      0.6981114122053442,
      0.504124699964496,
      0.8683273200191458,
      0.7166708401294236,
      0.6182749276751418,
      0.6232014757378306,
      0.39529436063508416,
      0.38233751371397573,
      0.7167883560053652,
      0.44552297638641014,
      0.9047130954552666,
      0.021405918043153394,
      0.7727889117003455,
      0.6159269939967781,
      0.06738501744015668,
      0.32597272676736,
      0.3087168672643883,
      0.9038271378155378,
      0.23784856178197233,
      0.18904989841550568,
      0.2210457214133057,
      0.848521080227047,
      0.3413897391223164,
      0.9617188178997028,
      0.787246394196182,
      0.10829421222201396,
      0.6481604816985572,
      0.7469217894494218,
      0.03391105392878513,
      0.15653537504224724,
      0.9992419020899515,
      0.6853055751030905,
      0.25484180859629757,
      0.9989993979407218,
      0.6524217395054385,
      0.6347337365749102,
      0.744143846619154,
      0.5150140806392638,
      0.7356517947329767,
      0.6376489951475847,
      0.45323207581238756,
      0.37210842438874125,
      0.7037428860280608,
      0.23895712561486693,
      0.5940955300660384,
      0.9945112193658604,
      0.707620198578572,
      0.9534313058612712,
      0.7114461577312933,
      0.4395467057289705,
      0.49249444180522495,
      0.06731022572559242,
      0.27550073951848686,
      0.8881137570119427,
      0.8104454683630198,
      0.58025781616706,
      0.5300344472969072,
      0.07180701688387292,
      0.3757757212457067,
      0.300809054944117,
      0.8118121304991793,
      0.8542922211831256,
      0.9187886496881005,
      0.9817062663157549,
      0.5612733835334486,
      0.2686584688003274,
      0.5043663782398784,
      0.18781304522437448,
      0.71123547918031,
      0.2222548857108344,
      0.5264317813777212,
      0.9750138797195244,
      0.07515074344946227,
      0.2914045013201676,
      0.7958427234065533,
      0.45715523003574077,
      0.5492189810560055,
      0.28384337953527417,
      0.4591770410905638,
      0.27511237675800737
    ],