{
  "step": 24,
  "insect_id": "Honeybee",
  "timestamp": 1753377434.0027418,
  "sensory_input": {
    "visual": [
      0.4088893108661366,
      1.2249932429030166,
      0.19364431309059307,
      1.9140577270116867,
      -1.4429421695390947,
      -0.7217104662238681,
      0.14258350820041596,
      -0.7617309831967135,
      -0.19454535895306652,
      0.46369140876260473
    ],
    "olfactory": [
      -0.09200163707069761,
      -0.9248315079690376,
      -1.678844651824941,
      -0.4396718557718155,
      0.4540500811848287
    ],
    "pheromonal": [
      0.10786799560548224,
      0.4073363504497074,
      -0.13873827793314647
    ],
    "mechanosensory": [
      -0.2029940657713377,
      0.032737632096029326,
      1.5622698800857957,
      -0.4599658916051218
    ]
  },
  "processed_output": {
    "visual": "[ 0.40335013 -0.09491091 -0.30437336  0.04698804  0.24637626 -0.10998386\n  0.33448613 -0.09269853  0.09172682  0.05770622  0.10687108  0.17288493\n -0.53244073 -0.56847563  0.4766746   0.38309589  0.11968069  0.25462039\n -0.09469251 -0.01919093  0.15132254 -0.2760611  -0.5510221  -0.11713239\n -0.65399302  0.02817237 -0.43339109  0.24161245  0.17734976  0.55954743\n  0.08186608 -0.06979682 -0.20224598  0.0892567   0.15411167 -0.29802684\n  0.17560467 -0.22928909 -0.0379551  -0.52955195 -0.17297317  0.3687505\n -0.35823457  0.0072422   0.17767814  0.20650418  0.21118355 -0.39060825\n -0.29927586  0.16194234 -0.21149844 -0.59635277 -0.00348926  0.38936122\n -0.03460492  0.46809998  0.02327459  0.19158449 -0.33326879  0.33796336\n -0.45281403  0.12637955  0.33271219 -0.34399058  0.21494176  0.59798242\n -0.27019943  0.27999199  0.12111843 -0.16227647  0.13110827 -0.2906759\n -0.31369029 -0.26304164  0.01611292 -0.07024262 -0.35952781 -0.51680798\n -0.05447533  0.3221454   0.05980106  0.00841546 -0.05220824  0.04841334\n  0.18938661  0.26076151  0.10465151  0.1657167  -0.02661245  0.45575581\n  0.10617602 -0.248942    0.17400541  0.00996254  0.20127215 -0.50935327\n  0.42467449  0.37632427  0.0910381  -0.1353726  -0.03973666 -0.04341528\n -0.56878263  0.25010689 -0.12769352 -0.27225358  0.13093241  0.30102875\n -0.23927511 -0.16691197  0.06834345 -0.24447049  0.42422347  0.1835104\n  0.02397297 -0.56774786  0.17666499  0.33883982 -0.11981829 -0.40502176\n  0.2185232  -0.18364041 -0.13357855 -0.02655374  0.0734058   0.26955852\n  0.62658396 -0.0751572   0.47774743 -0.07729793 -0.27364138  0.05591221\n -0.25023445 -0.19076391  0.06671983 -0.11553963  0.04418462 -0.45514127\n  0.10692246 -0.20140651  0.25415877  0.5451465   0.19013531  0.06011193\n  0.41495049 -0.12064087 -0.01491307  0.56985751  0.22802584  0.22663949\n  0.07544699 -0.11396153  0.25811075  0.24202125 -0.16877409  0.71823556\n  0.1366217   0.237477    0.0274091  -0.04625636  0.12572878  0.01054984\n -0.08536498  0.22611388  0.29210494  0.35968153 -0.04295948 -0.06176467\n  0.29851249 -0.08965163 -0.15048243 -0.31367285  0.31872066  0.08275822\n -0.16595129 -0.16305841  0.14822256 -0.19967423 -0.18939294 -0.27445447\n -0.31611054  0.52933602  0.06322587 -0.2044167  -0.53665154 -0.27471829\n  0.21291276 -0.35261316 -0.37343291 -0.01738321  0.08729027  0.10364846\n -0.12170519  0.14405738  0.0790568  -0.15914872  0.13970429  0.25860578\n  0.09887769 -0.07583723]",
    "olfactory": "[ 0.03656415 -0.24414734 -0.28498699  0.05559744  0.4693136  -0.0510479\n -0.11723929  0.07016162 -0.46548883  0.19335564 -0.00184517 -0.40014748\n  0.19267208 -0.20090879  0.39540114  0.08159959 -0.03719482  0.08692392\n -0.25717837 -0.44816057  0.08615076 -0.22909937  0.26457838 -0.19211048\n  0.15547951 -0.11197366  0.01061338  0.25035078  0.08788276  0.22730387]",
    "pheromonal": "[ 0.01852145 -0.03858644  0.03075656 -0.09308874  0.05511057 -0.06972937\n -0.02443461  0.01429976  0.02641496 -0.06493509  0.10123384  0.00769601\n -0.0188125   0.00379866  0.00286313 -0.04564388 -0.01489883 -0.00438772\n  0.03203646  0.0041234  -0.00611981 -0.03807551 -0.06500881 -0.02200969\n  0.09763354  0.05426246 -0.00574394 -0.03038175 -0.04582485 -0.00643888]",
    "mechanosensory": "[ 0.04803141  0.20186666 -0.00254271  0.17539145  0.03545688 -0.16825614\n  0.00677443 -0.28674404  0.18573533  0.13029439 -0.30393184  0.31434974\n -0.24095673 -0.07401632 -0.0045455   0.25853056  0.14697845 -0.10058583\n -0.07110853  0.0470647  -0.104938    0.03514398 -0.07499545 -0.01375057\n -0.21242662  0.08926148 -0.16905365  0.10005225  0.29130143 -0.14968996\n -0.11223924  0.05853975 -0.04559149 -0.24666819  0.14860638  0.11377538\n  0.15497851  0.38286956  0.20689144  0.11512145 -0.1610576  -0.11022215\n -0.04627896  0.27130588 -0.00577133  0.11933693  0.02787681 -0.03364049\n  0.13373306 -0.14025707  0.4356694  -0.03753516 -0.2558608  -0.18304479\n -0.07206109  0.01561859 -0.02990761  0.1068998   0.1780921   0.35377335]"
  },
  "neural_activity": {
    "mushroom_body": [
      0.12635954055289922,
      0.6510662603041527,
      0.6627929837081565,
      0.9059514415899972,
      0.694024905970108,
      0.13032535785611132,
      0.6785700910874193,
      0.25181423548906845,
      0.9354434499568303,
      0.9820695225306735,
      0.35894562736900226,
      0.09852715118231181,
      0.294853150261539,
      0.7462912346894797,
      0.7870932401371551,
      0.07062982415768515,
      0.48313936540704683,
      0.6622209359526908,
      0.115399259873879,
      0.6872873456110286,
      0.6981114122053442,
      0.504124699964496,
      0.8683273200191458,
      0.7166708401294236,
      0.6182749276751418,
      0.6232014757378306,
      0.39529436063508416,
      0.38233751371397573,
      0.7167883560053652,
      0.44552297638641014,
      0.9047130954552666,
      0.021405918043153394,
      0.7727889117003455,
      0.6159269939967781,
      0.06738501744015668,
      0.32597272676736,
      0.3087168672643883,
      0.9038271378155378,
      0.23784856178197233,
      0.18904989841550568,
      0.2210457214133057,
      0.848521080227047,
      0.3413897391223164,
      0.9617188178997028,
      0.787246394196182,
      0.10829421222201396,
      0.6481604816985572,
      0.7469217894494218,
      0.03391105392878513,
      0.15653537504224724,
      0.9992419020899515,
      0.6853055751030905,
      0.25484180859629757,
      0.9989993979407218,
      0.6524217395054385,
      0.6347337365749102,
      0.744143846619154,
      0.5150140806392638,
      0.7356517947329767,
      0.6376489951475847,
      0.45323207581238756,
      0.37210842438874125,
      0.7037428860280608,
      0.23895712561486693,
      0.5940955300660384,
      0.9945112193658604,
      0.707620198578572,
      0.9534313058612712,
      0.7114461577312933,
      0.4395467057289705,
      0.49249444180522495,
      0.06731022572559242,
      0.27550073951848686,
      0.8881137570119427,
      0.8104454683630198,
      0.58025781616706,
      0.5300344472969072,
      0.07180701688387292,
      0.3757757212457067,
      0.300809054944117,
      0.8118121304991793,
      0.8542922211831256,
      0.9187886496881005,
      0.9817062663157549,
      0.5612733835334486,
      0.2686584688003274,
      0.5043663782398784,
      0.18781304522437448,
      0.71123547918031,
      0.2222548857108344,
      0.5264317813777212,
      0.9750138797195244,
      0.07515074344946227,
      0.2914045013201676,
      0.7958427234065533,
      0.45715523003574077,
      0.5492189810560055,
      0.28384337953527417,
      0.4591770410905638,
      0.27511237675800737
    ],