{
  "step": 62,
  "insect_id": "Ant",
  "timestamp": 1753377473.6562538,
  "sensory_input": {
    "visual": [
      1.3267931577499448,
      -0.23206893935641634,
      1.2708938050898406,
      0.44618927782090395,
      -1.2892986937753825,
      0.13895196128984424,
      2.64160693304717,
      0.06375898004642562,
      -1.4694234993294588,
      -0.04571022138977327
    ],
    "olfactory": [
      -1.333978028224232,
      0.6280135888419187,
      0.23005554406085868,
      0.02271792205357765,
      -0.26571835794179943
    ],
    "pheromonal": [
      -0.49086108009903945,
      1.0880531330275487,
      -0.07719805371626047
    ],
    "mechanosensory": [
      0.18800432116339721,
      -1.148738944136153,
      0.509143678730223,
      -0.047772025381430994
    ]
  },
  "processed_output": {
    "visual": "[ 0.33310269  0.05748722 -0.13411624  0.46355648  0.06087955 -0.47243216\n -0.09315619 -0.12803988 -0.36583306 -0.36825638 -0.74948525  0.46074973\n  0.16343025  0.3411243   0.12490194 -0.0583442   0.57359721  0.08763506\n  0.00305268  0.62139788 -0.01108608 -0.11666063  0.20408896  0.08872077\n  0.03352535  0.22812468  0.23888419 -0.07985708  0.65109928  0.30582271\n  0.14176594  0.24603648 -0.44776254  0.26235678  0.47406418  0.05170908\n -0.66864947 -0.24864065 -0.30520032  0.14596088  0.36620983  0.45315376\n -0.01133673 -0.189989    0.47330109 -0.38589156 -0.34712595  0.25141918\n -0.03934412 -0.2375196   0.50755971 -0.64333601  0.06617068 -0.03361673\n -0.13225542  0.136975    0.21760934  0.00932168  0.21957622  0.39457476\n -0.19394209 -0.05864945 -0.22005596 -0.54661155 -0.32566978 -0.64708372\n -0.32242469  0.01290479 -0.03020991 -0.36830693  0.22052117 -0.1005468\n  0.40976424  0.27374134  0.06052326  0.13664314 -0.63504847 -0.02684727\n -0.15478681 -0.36175932  0.24172141 -0.30578084  0.43507263 -0.22637377\n -0.13477437 -0.18630871  0.28818391 -0.11513401  0.08326362 -0.1877089\n -0.19665729  0.09510145 -0.30218715  0.45295751 -0.31413835 -0.51868721\n -0.05782513  0.3146655   0.3943717   0.21425327 -0.20237021 -0.64264967\n -0.26322986  0.30613553  0.08638962 -0.29504445 -0.41177314  0.2058706\n -0.5108632   0.54404524  0.55604692  0.45742111 -0.20970473  0.07154459\n  0.09479414 -0.00822434  0.21275383 -0.1382849   0.5525199  -0.36005959\n -0.29401535  0.08196318  0.45592484  0.12190706 -0.36529645  0.02759563\n -0.39313408  0.19544979 -0.42348644 -0.40519583  0.20920313 -0.0776621\n  0.45804412  0.38281208  0.25103484  0.32959274  0.41531565 -0.04069235\n  0.68709046  0.38431724 -0.30744535 -0.4189128   0.2878887  -0.45111975\n -0.59273402 -0.26955083  0.03392256 -0.80181313  0.50665209  0.14658763\n -0.4934984  -0.26124823  0.35960985  0.2847068   0.05298432 -0.19726117\n -0.48593124  0.07272896 -0.29893857 -0.0757494  -0.3782873   0.27298313\n  0.09508867  0.38167541  0.18465264 -0.13778879 -0.36405981 -0.0844363\n -0.28170092  0.39035476 -0.00379405 -0.26627095 -0.51455807  0.16773506\n  0.00229611 -0.08286913 -0.45600109 -0.69870646 -0.58498024 -0.00689744\n -0.10788521 -0.45289463  0.48140086 -0.14900172  0.06594597 -0.39578293\n  0.48327507 -0.00873284 -0.28679662  0.09417884  0.21496172  0.72933749\n  0.04847061  0.62167257  0.62264532 -0.10964347  0.34277324  0.06206481\n -0.20173569 -0.8079204 ]",
    "olfactory": "[-0.03883918  0.27053802  0.05968667 -0.16877028  0.05112736  0.01963206\n  0.05090798 -0.28347828 -0.03350371  0.19631796 -0.10370197 -0.30984815\n  0.13766546 -0.23679882  0.07945983 -0.08485882  0.31526331  0.05200136\n -0.00580079 -0.03350084  0.24259693 -0.06103326 -0.10582474  0.07628756\n -0.09310611 -0.22362141 -0.02182432  0.25277201  0.09028324 -0.07868033]",
    "pheromonal": "[-0.23546047  0.24715589  0.12832421 -0.24392262  0.2355788  -0.06219546\n  0.03020326 -0.24811733 -0.01205392 -0.00262286 -0.07072362 -0.02024847\n  0.05942055 -0.13219666  0.07607565 -0.17267288  0.26659127  0.02218631\n -0.09618272  0.02795011  0.10742572  0.0570107   0.08640367  0.10017563\n -0.14573745 -0.06807938 -0.11672171  0.052131    0.0341072   0.03014793]",
    "mechanosensory": "[-0.19727535 -0.00526422 -0.09482817 -0.17485732  0.15593783  0.25233849\n  0.03823799 -0.01683564 -0.0458228  -0.01815877  0.04452064  0.14504693\n  0.07193561  0.00363123 -0.03093227 -0.23434756  0.08706552  0.10802314\n -0.06630025 -0.02362222 -0.05224805 -0.13145359 -0.14296245  0.04268456\n -0.05284545  0.06743832 -0.07296227 -0.20728031 -0.2361611  -0.18515209\n  0.11199338 -0.03901491  0.16009648 -0.18115035  0.13179928  0.22697566\n  0.08022714  0.08625139 -0.01392854  0.28411235  0.03011695  0.12618854\n  0.12373103  0.12340101 -0.06810939 -0.02873809 -0.17991507 -0.08233047\n  0.00951586 -0.07879822  0.00462185  0.16080809  0.05530891 -0.04738862\n  0.18156248  0.08580343  0.07017515 -0.06227417 -0.10507121 -0.12311093]"
  },
  "neural_activity": {
    "mushroom_body": [
      0.4924007237947772,
      0.14693464607642892,
      0.767210702383254,
      0.6248820631260946,
      0.9864482839136465,
      0.33642038262559837,
      0.4422341246408278,
      0.9350583906263176,
      0.8758108280827299,
      0.364067756289724,
      0.02099672115939233,
      0.3653858631904884,
      0.8151629850456615,
      0.6140212660019688,
      0.32891618603502437,
      0.18893806693942827,
      0.7905736907455317,
      0.49916065962944123,
      0.19717420637235406,
      0.9213049964468009,
      0.447226947943287,
      0.7632966728025157,
      0.8032316000008118,
      0.5535376916288629,
      0.07895300729288246,
      0.37207011325454553,
      0.17281634483101527,
      0.9955464920855303,
      0.7331206509221954,
      0.5386381999688542,
      0.39924139702265893,
      0.2069417262349741,
      0.18638278300294076,
      0.5276332937882693,
      0.6015984856107799,
      0.738477463568368,
      0.012070075146157544,
      0.39691921306107414,
      0.9742478701988332,
      0.24929524690375904,
      0.2769088846934247,
      0.5292959918493957,
      0.07966113583142909,
      0.21578219897423678,
      0.7698762304225306,
      0.28290490199427065,
      0.9405319902264295,
      0.6002708120426894,
      0.45739250176265134,
      0.4463890668275149,
      0.9356395009266144,
      0.2565397437437217,
      0.45391089141763574,
      0.6693230026315135,
      0.02617703582476605,
      0.02531896787827681,
      0.5251034861530219,
      0.7031803637078137,
      0.058529304862222964,
      0.01939748304062039,
      0.5974268143442467,
      0.12381889677257696,
      0.6523379317512753,
      0.9321946265931902,
      0.591086092657511,
      0.1240378689225623,
      0.9362653987395712,
      0.5070649457786084,
      0.0919345703443104,
      0.7666644812076299,
      0.08779127460972835,
      0.33673866917057105,
      0.5896370886961854,
      0.2909284330490943,
      0.7323145070044182,
      0.7236888826592979,
      0.5710198786593059,
      0.7176901664961559,
      0.24203636076752333,
      0.41260492944946736,
      0.8738631246179162,
      0.4024116122514887,
      0.24035654060282785,
      0.3736574116109701,
      0.03336379466983419,
      0.6106387280493265,
      0.9364508555576203,
      0.22944403673237168,
      0.4365801853721185,
      0.8738519447485829,
      0.5050267126920194,
      0.453349231079773,
      0.993777465048396,
      0.3051647484911183,
      0.5080186252800102,
      0.5197698326970429,
      0.18403870897738006,
      0.28479427375720423,
      0.10024162543381976,
      0.18808052763581162
    ],