{
  "step": 99,
  "insect_id": "Fruit_Fly",
  "timestamp": 1753377493.593876,
  "sensory_input": {
    "visual": [
      0.14695055829075082,
      -0.5119540167901107,
      -0.16478154012643353,
      -0.35749632611069854,
      -0.41451707378602165,
      -0.8413277713240065,
      -1.0855192309877906,
      -1.404042007935644,
      -2.37391000863351,
      -1.0158069931409848
    ],
    "olfactory": [
      -0.4767217085120722,
      -1.890859541226743,
      0.820345298962393,
      -0.05266586846265763,
      -0.9905152318217311
    ],
    "pheromonal": [
      -2.106603933473968,
      0.19481701494409676,
      -0.8735372365074783
    ],
    "mechanosensory": [
      -1.1176907896832242,
      0.7287863124269002,
      2.491752285992354,
      2.1325545122952887
    ]
  },
  "processed_output": {
    "visual": "[ 0.05711738  0.01688634  0.29594904  0.13106703 -0.42206025  0.26968053\n -0.17908969  0.03598907  0.60982186  0.17521634 -0.24877854  0.424933\n -0.22923148  0.39697811  0.15841581 -0.38860401 -0.70515268  0.49238873\n -0.44407434 -0.20375621  0.2990673  -0.08642473 -0.09855848 -0.17229511\n -0.37110116 -0.28358953  0.41831452  0.06227467  0.35933879 -0.19561711\n  0.02913158  0.08337988 -0.22329473  0.35711674  0.29882589 -0.20730211\n -0.37596776 -0.16464622  0.50806099 -0.29345232 -0.02910201 -0.09931565\n  0.14095984  0.23143583 -0.3632568  -0.31806382 -0.42053681 -0.12691954\n -0.56011199  0.09429831 -0.21129468  0.4262601  -0.41328412  0.59087497\n  0.01236395 -0.37312239 -0.17031523 -0.0882814  -0.26215577 -0.48446753\n -0.15892102  0.42316225 -0.13005011  0.13460617 -0.21868187 -0.05304401\n  0.12808866 -0.30347534 -0.76961396  0.03933411 -0.38508448  0.20640511\n -0.28975636  0.3748039  -0.39955131 -0.05140475  0.32704832 -0.12688485\n  0.24008715  0.10379508 -0.05815178 -0.32926118 -0.24449779  0.37140758\n  0.05436624  0.14621624 -0.44923426  0.38515037 -0.00873449  0.00327335\n -0.24828965 -0.22689527  0.27528691 -0.02838373  0.29069462 -0.20267494\n  0.55079324  0.22050436 -0.46513292  0.04826413  0.06267325 -0.122759\n  0.00125038  0.15561386 -0.27054851  0.3038065  -0.05225965 -0.0530195\n -0.08050817  0.12579773  0.18687667  0.05712269  0.05540755  0.04314032\n  0.01478476  0.21239634 -0.13485448 -0.12986924 -0.31016773 -0.15678078\n  0.75013741 -0.27463179 -0.00799867 -0.33527741 -0.0740168   0.13819294\n -0.0196182  -0.14107422 -0.29243243 -0.03785642  0.47397932  0.33587477\n  0.34898029 -0.12943267 -0.19814752  0.08548091  0.17774165  0.45945574\n  0.52054696  0.10201251  0.00681172 -0.42892416  0.41418298 -0.2432085\n  0.59693275  0.05180603 -0.38175434 -0.2540212   0.32134249  0.19085353\n  0.30511832 -0.49425457  0.04907652  0.37132938 -0.39652027 -0.06246201\n -0.33936535  0.23823138 -0.45246998 -0.17707486  0.14567913  0.17664875\n -0.06100387  0.10401263 -0.0306466   0.39349325 -0.25607556 -0.06429154\n -0.16067944  0.56925331 -0.20012027  0.0714732   0.23703325  0.11366179\n  0.09185436  0.14237604  0.29085176  0.37604758  0.24806758  0.10906167\n  0.27239777  0.13416828 -0.28950667  0.24091882 -0.01904492 -0.18412676\n -0.19088613  0.09251091 -0.12976618  0.30679771 -0.23560033 -0.00940273\n  0.00935301 -0.56894035  0.11922194 -0.22634145  0.44761204 -0.43561794\n  0.0820039  -0.36145378]",
    "olfactory": "[-0.02108666 -0.54240338 -0.24726575 -0.13887314 -0.33538284  0.10550381\n -0.4312512  -0.04835133 -0.12498471  0.01481239  0.01399632 -0.08012807\n  0.1863461   0.17852459 -0.3911138   0.48083845  0.14210032  0.32671848\n  0.08978576  0.09372945 -0.08200996  0.40457369 -0.48081271  0.22748585\n  0.2827212   0.24191635 -0.06669831  0.11744889  0.18301394  0.17562765]",
    "pheromonal": "[ 0.23421307  0.20255539  0.11436142  0.07320863  0.15835618 -0.20849452\n -0.19276023 -0.26005148 -0.2103506  -0.51110047  0.0253473   0.33909212\n -0.2536965   0.09161953 -0.082512   -0.07932858 -0.15632996  0.26393005\n -0.10384355  0.05578477  0.06376507  0.08422382 -0.05047619 -0.13714245\n  0.20253991  0.04666328  0.02761902 -0.13941985 -0.33109691 -0.42653556]",
    "mechanosensory": "[ 0.34022976 -0.56901778 -0.35281779 -0.38662161  0.29350286  0.12665661\n  0.44152003  0.27338983 -0.54781008 -0.279959    0.1263767  -0.44991481\n  0.09409011  0.04277364  0.66707386 -0.09084995  0.25110651  0.14631612\n  0.10015306 -0.03362331  0.20901486  0.03037611 -0.03843003  0.41331072\n -0.16689857  0.2924741   0.18858726  0.41212323  0.32222658 -0.27279183\n  0.41701668 -0.19954453 -0.08083976  0.27088413 -0.09851581 -0.0916528\n  0.53304635  0.10636749  0.0178598   0.17199111 -0.35028158 -0.28524669\n  0.35622383 -0.32062723 -0.37027421  0.00595159  0.25267072  0.15031552\n  0.28332685 -0.40705758 -0.25990165 -0.28933583  0.52354922 -0.4696728\n -0.69003543 -0.01528594  0.25840722  0.28141446 -0.07799126  0.00110347]"
  },
  "neural_activity": {
    "mushroom_body": [
      0.9573342550431373,
      0.5685218001748344,
      0.1532728767834156,
      0.440756085521535,
      0.4259028932173351,
      0.8065279792960456,
      0.735175839227128,
      0.5075710583125029,
      0.3182408848813949,
      0.1857101658658754,
      0.147293821091668,
      0.5144536606534947,
      0.45121488345427196,
      0.4906687440412314,
      0.9154397942576439,
      0.03221105435352989,
      0.5357325732152792,
      0.1382546922159048,
      0.36067250393003913,
      0.5332526610283069,
      0.8730295292421824,
      0.04063562036991242,
      0.7485949842136878,
      0.3405914174807766,
      0.18318381682710538,
      0.5600384713303344,
      0.1937550886838283,
      0.5397260475592325,
      0.5783223468361413,
      0.9653669883642755,
      0.4658507608321515,
      0.041218211917091296,
      0.9430155978024163,
      0.2674308460540551,
      0.7293295369440447,
      0.57561750059022,
      0.8256796537657,
      0.8151716530122752,
      0.5281132367497178,
      0.8266383224215215,
      0.7639307513444167,
      0.2648371836316852,
      0.5252438849384159,
      0.5541905466888357,
      0.37818191129782974,
      0.7450469935471635,
      0.2806576625628212,
      0.970184082071879,
      0.823677363336939,
      0.978073118620327,
      0.49119614886596097,
      0.6255023153178355,
      0.3681622586961123,
      0.27170809027288534,
      0.7049624491081308,
      0.9090151895400193,
      0.41775828586490404,
      0.6095412889618553,
      0.585938072687339,
      0.8930936343998793,
      0.9166908334120343,
      0.8584724743974405,
      0.4721485132611529,
      0.4807210850130702,
      0.966113607256765,
      0.14152773929286366,
      0.6864110737296917,
      0.8136470071682644,
      0.6496913523967113,
      0.8044161094802286,
      0.6584368982773874,
      0.7552418973233255,
      0.616923263713886,
      0.3417038976597814,
      0.3231289351313176,
      0.1544216935411289,
      0.7029083784993677,
      0.5724367368870931,
      0.2916010291694956,
      0.02198318626477036,
      0.1818806884802623,
      0.9196557994989446,
      0.6893228355088742,
      0.8528493442801934,
      0.33072324176447354,
      0.4919088973308279,
      0.9279620406010517,
      0.28301492112311355,
      0.076863264671996,
      0.21435225530737068,
      0.47425321392117226,
      0.3668784589614873,
      0.8654826015894379,
      0.22710319324722184,
      0.7957563775459994,
      0.5848636850024898,
      0.9513743724371871,
      0.09511916040574064,
      0.46089376742698995,
      0.027475684173515202
    ],