{
  "step": 41,
  "insect_id": "Honeybee",
  "timestamp": 1753377453.6396806,
  "sensory_input": {
    "visual": [
      -1.32545159458761,
      -0.3171166042940027,
      0.17748087932901607,
      -0.12700517434014102,
      -0.5326649439714503,
      1.2875025268276836,
      -0.5068582026547548,
      1.4222250030476018,
      -1.1196705273289274,
      -0.994110275833016
    ],
    "olfactory": [
      0.789191833400708,
      -0.36239483465022376,
      -1.3180067951742305,
      -0.015242137543787788,
      0.5109903710981032
    ],
    "pheromonal": [
      0.5186268035808939,
      0.01638542571018552,
      0.3893592376337286
    ],
    "mechanosensory": [
      0.04650413878094448,
      -2.241013424090718,
      0.290512174614028,
      0.3214870848127307
    ]
  },
  "processed_output": {
    "visual": "[-0.17712367 -0.36274847  0.61372777  0.18629447  0.15386372  0.12170781\n -0.3676491   0.19655355  0.06766905 -0.03833676 -0.18622743 -0.01877099\n  0.4160431  -0.06232276 -0.2771289   0.15849104  0.12471496 -0.16070038\n  0.44552814 -0.4702377  -0.14917653  0.37170822  0.01280924 -0.0223388\n  0.00101757 -0.02956815  0.37907374  0.01376956 -0.3929559   0.00963943\n  0.18763795  0.08643953 -0.09248546  0.3573119   0.26844613 -0.24664341\n -0.09951715  0.30082216 -0.21696316 -0.05931389  0.0114487   0.31997583\n -0.12992078  0.0756013  -0.10291158  0.18351843  0.03204052 -0.1643065\n -0.58218086  0.01354484  0.14158559  0.14498219  0.01858024  0.11098722\n  0.22851999 -0.03201533 -0.42737804 -0.27530799  0.11162883 -0.13291709\n -0.15720687  0.03125896  0.19385751 -0.26459153 -0.5429288  -0.10210801\n  0.45542949  0.25218707 -0.58090073 -0.57864872 -0.13163479 -0.56763546\n -0.00487508  0.08283379  0.02494159  0.39079768 -0.08083671 -0.23462139\n -0.31331193 -0.22462466 -0.00559661  0.04040832  0.02827385  0.20052735\n  0.19554567 -0.13826086  0.24890331 -0.31929239 -0.32302259  0.45326504\n  0.07432598  0.48592281  0.07635913 -0.3091903  -0.50916707  0.19471557\n -0.10481423 -0.42679431 -0.21649372  0.07852388  0.03772058 -0.1086287\n  0.00096735 -0.03800129  0.33432274 -0.11517418 -0.11903589 -0.28996753\n  0.11486029  0.05423248  0.35434426  0.01803601 -0.22300307 -0.20702867\n  0.19859572  0.31288262  0.00575685  0.31178216 -0.21503859 -0.1221724\n  0.39147371  0.04615251 -0.18855653  0.28863678  0.0739219  -0.32953325\n -0.23297091 -0.168042   -0.48993046 -0.43051548 -0.51600305 -0.16609354\n  0.19886186  0.21204134  0.01661695  0.3990803   0.14222254  0.53541693\n  0.27848032 -0.23965387  0.16208816 -0.05377435 -0.27386355 -0.39262727\n -0.11842337  0.08734411  0.25238213 -0.04399319  0.31882845  0.19735904\n -0.01152876 -0.51910941  0.4205369   0.12073359  0.41643689 -0.39115208\n -0.08684981  0.51354952  0.31994923 -0.23627222 -0.49600299  0.34572719\n -0.27256251  0.04935219 -0.11908093 -0.09836245  0.14629116 -0.01506182\n  0.40229941  0.07365922  0.51377143  0.21158632 -0.0970298  -0.13748549\n  0.30811736  0.05775646 -0.40162078  0.56518471  0.4918558  -0.43185122\n -0.04051656  0.0677702  -0.09890401  0.15182595  0.31397459 -0.40219019\n -0.00144007 -0.24972115  0.07354116 -0.13858537  0.1086049   0.03486025\n  0.01882949 -0.34525225  0.14538418 -0.58835124  0.25454094 -0.20401574\n -0.16566859 -0.24342537]",
    "olfactory": "[ 0.06993715 -0.2194824  -0.18567055 -0.17583141  0.27515839 -0.22417567\n -0.02692722  0.04783284 -0.32584624  0.1721028   0.03555415 -0.35857482\n  0.06225513 -0.05602611  0.3221539   0.18050602 -0.05888884  0.03315385\n -0.27261298 -0.34322447  0.05300677 -0.04477945  0.05151562 -0.18201849\n  0.10494236 -0.00473636  0.01470093  0.14953113  0.16574513  0.13528004]",
    "pheromonal": "[-0.03757377 -0.00925422  0.04081455 -0.03258833 -0.12797296 -0.03880157\n  0.03351088  0.00905841  0.0623022   0.04328712 -0.08269914  0.07354384\n -0.08667924  0.07949439 -0.07403355  0.11889584  0.01463144  0.0185632\n  0.00424242  0.0301361   0.00836399  0.1376375  -0.06214045 -0.00264775\n -0.05424444  0.00027753  0.02840818 -0.08452269  0.13491939 -0.06649688]",
    "mechanosensory": "[-0.0243709  -0.25942239  0.19636549  0.11543337 -0.09688014 -0.30710409\n  0.40241876 -0.13669943 -0.06956175  0.16721249  0.09126887  0.02192651\n  0.24763899 -0.38766118 -0.08316195 -0.25842582  0.25780607  0.0288445\n -0.03373975 -0.23682803  0.06887152 -0.24200745 -0.13368982 -0.31707197\n -0.0183762   0.20262794  0.03917149  0.06201522 -0.39285745  0.10300153\n  0.10232176 -0.55018359  0.3037183  -0.33116087 -0.08472595 -0.37314608\n  0.22370483  0.29667895  0.17258264  0.07580161 -0.17000619 -0.23534715\n  0.22931667  0.20679241 -0.07004622  0.0302123   0.35334416  0.15157201\n -0.10360976  0.01541803  0.16439315  0.01343041  0.34891146  0.06315375\n -0.3127399  -0.06301048 -0.19290679 -0.17076811 -0.09200966 -0.16277044]"
  },
  "neural_activity": {
    "mushroom_body": [
      0.12635954055289922,
      0.6510662603041527,
      0.6627929837081565,
      0.9059514415899972,
      0.694024905970108,
      0.13032535785611132,
      0.6785700910874193,
      0.25181423548906845,
      0.9354434499568303,
      0.9820695225306735,
      0.35894562736900226,
      0.09852715118231181,
      0.294853150261539,
      0.7462912346894797,
      0.7870932401371551,
      0.07062982415768515,
      0.48313936540704683,
      0.6622209359526908,
      0.115399259873879,
      0.6872873456110286,
      0.6981114122053442,
      0.504124699964496,
      0.8683273200191458,
      0.7166708401294236,
      0.6182749276751418,
      0.6232014757378306,
      0.39529436063508416,
      0.38233751371397573,
      0.7167883560053652,
      0.44552297638641014,
      0.9047130954552666,
      0.021405918043153394,
      0.7727889117003455,
      0.6159269939967781,
      0.06738501744015668,
      0.32597272676736,
      0.3087168672643883,
      0.9038271378155378,
      0.23784856178197233,
      0.18904989841550568,
      0.2210457214133057,
      0.848521080227047,
      0.3413897391223164,
      0.9617188178997028,
      0.787246394196182,
      0.10829421222201396,
      0.6481604816985572,
      0.7469217894494218,
      0.03391105392878513,
      0.15653537504224724,
      0.9992419020899515,
      0.6853055751030905,
      0.25484180859629757,
      0.9989993979407218,
      0.6524217395054385,
      0.6347337365749102,
      0.744143846619154,
      0.5150140806392638,
      0.7356517947329767,
      0.6376489951475847,
      0.45323207581238756,
      0.37210842438874125,
      0.7037428860280608,
      0.23895712561486693,
      0.5940955300660384,
      0.9945112193658604,
      0.707620198578572,
      0.9534313058612712,
      0.7114461577312933,
      0.4395467057289705,
      0.49249444180522495,
      0.06731022572559242,
      0.27550073951848686,
      0.8881137570119427,
      0.8104454683630198,
      0.58025781616706,
      0.5300344472969072,
      0.07180701688387292,
      0.3757757212457067,
      0.300809054944117,
      0.8118121304991793,
      0.8542922211831256,
      0.9187886496881005,
      0.9817062663157549,
      0.5612733835334486,
      0.2686584688003274,
      0.5043663782398784,
      0.18781304522437448,
      0.71123547918031,
      0.2222548857108344,
      0.5264317813777212,
      0.9750138797195244,
      0.07515074344946227,
      0.2914045013201676,
      0.7958427234065533,
      0.45715523003574077,
      0.5492189810560055,
      0.28384337953527417,
      0.4591770410905638,
      0.27511237675800737
    ],