{
  "step": 22,
  "insect_id": "Fruit_Fly",
  "timestamp": 1753377433.986086,
  "sensory_input": {
    "visual": [
      0.28584561850128726,
      0.9296297710226222,
      -1.2154484118752023,
      1.1651314842458116,
      1.9709325229636694,
      0.40719920229152684,
      -0.590467883746953,
      -0.749135536910423,
      -3.062613525853504,
      -2.0782499451991923
    ],
    "olfactory": [
      -2.532988021518677,
      -1.2279961029893331,
      0.9815749830591353,
      -0.03252069212145459,
      0.39732671851184465
    ],
    "pheromonal": [
      -1.092662489086728,
      -0.3462615501430159,
      1.5022397416491688
    ],
    "mechanosensory": [
      -0.6002197119851643,
      0.13377900836925466,
      -0.7078890286601762,
      -0.3826673075113205
    ]
  },
  "processed_output": {
    "visual": "[ 0.2868476  -0.51853683  0.49312558  0.21072136 -0.55336039 -0.3140927\n -0.29711676 -0.33794557  0.7920659  -0.243826   -0.5604104   0.47692956\n -0.42335467 -0.13099672  0.20701238  0.02590892 -0.45440957  0.77017613\n -0.26880246  0.12048416  0.11654213  0.38556667  0.09718277  0.39455592\n -0.10341239  0.4023124   0.44188458  0.11786215  0.41333344  0.01555778\n -0.58453347  0.05913752 -0.73562572  0.33935583  0.32677993 -0.57096775\n  0.40943969 -0.19301195  0.62473432 -0.04045385 -0.34413964 -0.27695643\n  0.57007344  0.49761464 -0.70794032 -0.34056721  0.32044303  0.26652391\n -0.73620496  0.25592892 -0.68870236  0.523799   -0.37295478  0.49170481\n  0.42912209 -0.29145435 -0.02873006 -0.37769963  0.04348783 -0.08936177\n -0.0855758   0.30480626 -0.20489741 -0.02622864  0.10492037  0.26888267\n  0.16921365 -0.55616326 -0.64099992 -0.53585704 -0.25115567  0.72816703\n -0.40967409  0.67672796 -0.12565677 -0.2903834   0.58607549  0.11792784\n  0.40611925  0.65021571 -0.83717149 -0.14812621  0.15596862  0.06939458\n  0.08170163 -0.36255751  0.06495655  0.37922823  0.26684825  0.41611147\n  0.08725756 -0.5274302   0.73664284 -0.38254525 -0.09615471  0.26568725\n  0.80300669 -0.13209714  0.48451221  0.4708902   0.45238212 -0.38953892\n -0.28697099  0.1509286   0.04980469 -0.11102541 -0.05646253  0.5932069\n -0.57580367 -0.38070163 -0.14770932  0.05937727  0.23618649 -0.02356368\n -0.25644895  0.76278307  0.39647828 -0.48452323 -0.5992425  -0.25894225\n  0.50425635 -0.62261237 -0.3664099  -0.37875867  0.43899862  0.48782654\n  0.29934909 -0.40441655 -0.04481878 -0.50100587 -0.21244506  0.45245773\n  0.290285   -0.77899625  0.28928501  0.48560871 -0.22500091  0.11951314\n  0.55955911  0.36449266 -0.07756913  0.32892548  0.59424873 -0.12234801\n  0.80635947 -0.50234264 -0.30534841 -0.02394129 -0.02883534  0.44110835\n  0.40878359 -0.83872829  0.07961202  0.01189715  0.17002674 -0.3218837\n -0.51781878  0.8801616  -0.25300514 -0.22212854 -0.38433124  0.12560649\n  0.37647102 -0.44241945  0.73568896  0.07124462 -0.2403183   0.07530479\n -0.46627625 -0.03085808 -0.18235085  0.37065517  0.54327792 -0.36023864\n  0.35028886  0.43571914 -0.22763975  0.46948408 -0.38764704 -0.13869524\n  0.17107838  0.23138316 -0.51516087 -0.27151065 -0.52071129  0.1088555\n  0.68456629 -0.20266486 -0.10420447  0.62826259  0.27568577  0.12999971\n -0.48896835 -0.37381704  0.22195744 -0.50842701  0.20306002 -0.5262043\n  0.20694421 -0.31264707]",
    "olfactory": "[ 0.08122889 -0.3216043  -0.04952315 -0.12465219 -0.4935228   0.04572175\n -0.438938   -0.32651063 -0.17920447 -0.47179046  0.01376611  0.16748387\n -0.09929032  0.23062653 -0.37507197  0.38472569 -0.17469822  0.44841209\n -0.0758022   0.27056947  0.09094807  0.44817311 -0.26787021  0.25059982\n  0.24806735  0.19407294  0.29910491 -0.17775286 -0.53135655 -0.22372893]",
    "pheromonal": "[ 0.10262307 -0.38627335 -0.06230807 -0.01716166 -0.44401122  0.04715455\n -0.12080824 -0.06400196 -0.02965364 -0.26251351 -0.0670021  -0.05798962\n  0.16867643  0.1128767  -0.25861366  0.34463541  0.05381355  0.31111981\n  0.05434817  0.27581314 -0.05391052  0.26261976 -0.00726306  0.13482\n  0.21520045  0.07472309  0.2195652  -0.19106505 -0.27163624  0.01063699]",
    "mechanosensory": "[-4.48840694e-02 -1.80505995e-02  1.13371042e-01 -7.60791722e-02\n -7.10946261e-02  2.77737348e-02 -1.73607312e-01  5.74165263e-02\n  7.16717438e-03  2.66338669e-01 -3.78711737e-02  9.33354414e-02\n -3.67699885e-02 -1.28285071e-02  3.55201055e-02  5.40560161e-02\n -2.12447135e-02 -1.87137964e-02  4.96441329e-02  1.00623251e-03\n -7.37710016e-02 -1.20772774e-01 -4.69818779e-02 -1.48615302e-01\n  6.50231457e-02 -1.52271676e-01  5.93029298e-02 -1.92669702e-01\n -3.55039567e-02  1.57379798e-01 -5.82045694e-02  1.10234840e-01\n -1.27762546e-02  7.19150077e-02  9.10624679e-02  1.44014618e-02\n -1.06540050e-01 -8.17169687e-02  5.75678732e-02  9.42614800e-02\n  1.20305734e-01 -1.13064386e-01 -7.53101439e-02  5.08194315e-02\n -4.56802465e-02 -4.85395762e-02  2.95738482e-02 -1.15136368e-01\n -7.43344299e-02 -5.73625979e-03 -2.29040082e-03  1.63007010e-01\n -2.26722845e-01  5.38183913e-02  1.28411718e-01  2.18930099e-04\n -5.01049214e-02 -5.40268885e-02  8.14610309e-02  1.42144985e-02]"
  },
  "neural_activity": {
    "mushroom_body": [
      0.9573342550431373,
      0.5685218001748344,
      0.1532728767834156,
      0.440756085521535,
      0.4259028932173351,
      0.8065279792960456,
      0.735175839227128,
      0.5075710583125029,
      0.3182408848813949,
      0.1857101658658754,
      0.147293821091668,
      0.5144536606534947,
      0.45121488345427196,
      0.4906687440412314,
      0.9154397942576439,
      0.03221105435352989,
      0.5357325732152792,
      0.1382546922159048,
      0.36067250393003913,
      0.5332526610283069,
      0.8730295292421824,
      0.04063562036991242,
      0.7485949842136878,
      0.3405914174807766,
      0.18318381682710538,
      0.5600384713303344,
      0.1937550886838283,
      0.5397260475592325,
      0.5783223468361413,
      0.9653669883642755,
      0.4658507608321515,
      0.041218211917091296,
      0.9430155978024163,
      0.2674308460540551,
      0.7293295369440447,
      0.57561750059022,
      0.8256796537657,
      0.8151716530122752,
      0.5281132367497178,
      0.8266383224215215,
      0.7639307513444167,
      0.2648371836316852,
      0.5252438849384159,
      0.5541905466888357,
      0.37818191129782974,
      0.7450469935471635,
      0.2806576625628212,
      0.970184082071879,
      0.823677363336939,
      0.978073118620327,
      0.49119614886596097,
      0.6255023153178355,
      0.3681622586961123,
      0.27170809027288534,
      0.7049624491081308,
      0.9090151895400193,
      0.41775828586490404,
      0.6095412889618553,
      0.585938072687339,
      0.8930936343998793,
      0.9166908334120343,
      0.8584724743974405,
      0.4721485132611529,
      0.4807210850130702,
      0.966113607256765,
      0.14152773929286366,
      0.6864110737296917,
      0.8136470071682644,
      0.6496913523967113,
      0.8044161094802286,
      0.6584368982773874,
      0.7552418973233255,
      0.616923263713886,
      0.3417038976597814,
      0.3231289351313176,
      0.1544216935411289,
      0.7029083784993677,
      0.5724367368870931,
      0.2916010291694956,
      0.02198318626477036,
      0.1818806884802623,
      0.9196557994989446,
      0.6893228355088742,
      0.8528493442801934,
      0.33072324176447354,
      0.4919088973308279,
      0.9279620406010517,
      0.28301492112311355,
      0.076863264671996,
      0.21435225530737068,
      0.47425321392117226,
      0.3668784589614873,
      0.8654826015894379,
      0.22710319324722184,
      0.7957563775459994,
      0.5848636850024898,
      0.9513743724371871,
      0.09511916040574064,
      0.46089376742698995,
      0.027475684173515202
    ],