{
  "step": 9,
  "insect_id": "Ant",
  "timestamp": 1753377433.8152277,
  "sensory_input": {
    "visual": [
      0.14282456719102476,
      0.24408715148623808,
      0.764480601290844,
      -0.12859221827182296,
      -0.3085190491928323,
      -1.2661901973963856,
      2.060017703422712,
      -1.8373338555136831,
      -0.8102291924829249,
      -0.6466808249132514
    ],
    "olfactory": [
      -0.48443181632455934,
      0.1509201295875806,
      0.34312696730383685,
      -0.23044652383568826,
      0.991291164441971
    ],
    "pheromonal": [
      0.6744540351020508,
      0.34162466558326193,
      -0.46539381068744695
    ],
    "mechanosensory": [
      1.6753212306611895,
      -0.37828323616543474,
      -0.4613405576243315,
      0.12289616511573095
    ]
  },
  "processed_output": {
    "visual": "[ 0.39253499 -0.13577725 -0.31433494  0.43800729  0.44786898 -0.308677\n  0.13625143 -0.30815488 -0.1659653  -0.05433639 -0.68205219  0.32379066\n  0.38583486  0.18993098 -0.1422351  -0.07959982  0.29315116 -0.2950841\n  0.62019817  0.505358    0.23988698  0.08311193  0.27956666 -0.08684199\n  0.03033081 -0.01490889 -0.13062366 -0.58717511  0.37161022  0.19221787\n  0.18252246 -0.03659875 -0.33709127 -0.07451379  0.48700876 -0.04691725\n -0.36558436 -0.63984094 -0.1496713   0.04863316  0.55872576  0.33849477\n  0.51478232  0.08912241  0.01970278 -0.12712949 -0.19595876  0.04567758\n -0.00361816 -0.13314628  0.08320909 -0.56907134 -0.20902413  0.02759273\n -0.20434289 -0.04634924  0.37043674  0.23168251  0.39596228  0.06531226\n -0.11382878  0.27066627  0.01776375 -0.55570508  0.05494934 -0.2872975\n -0.13246849 -0.04542741  0.16904967 -0.36056603  0.37083358  0.00983291\n  0.20817234  0.29986837  0.2463419   0.19601049 -0.49671953 -0.23443532\n  0.09323072 -0.42927645 -0.2838104  -0.2389953   0.27155928 -0.0265545\n -0.17553075  0.03644674 -0.04703335  0.04963353 -0.01488876  0.59236868\n -0.0296083   0.15704875  0.24224483  0.6146709   0.0488962  -0.13172218\n  0.32587953 -0.26640995  0.17974079 -0.19218508 -0.08695676 -0.41239987\n -0.19908711  0.11968123  0.16368069  0.13920401  0.09216774  0.37205586\n -0.75182005  0.40341023  0.24221382  0.44525592  0.15139611 -0.43853657\n -0.03075955  0.33374242  0.1404981  -0.15023352  0.56801177 -0.39770544\n -0.21634649  0.42354556  0.18088355  0.28500547 -0.22512976 -0.36552393\n -0.70367362  0.28951811 -0.63318553 -0.36537307  0.07627486 -0.18708841\n  0.01766483  0.37209688 -0.28540784  0.13220536  0.54134118  0.16225742\n  0.12103133  0.25043081 -0.61138879 -0.61463218  0.03717453 -0.31333336\n -0.17813913 -0.26142519 -0.24305664 -0.49092689  0.70151924  0.30504955\n -0.69436252  0.12752108 -0.00145519  0.14507096 -0.07108143 -0.30525605\n -0.64660029  0.10720994 -0.06904465 -0.14041475  0.55676263  0.36149264\n -0.1621914   0.36128025  0.16838597 -0.36896658 -0.05637698 -0.33859087\n -0.47705964  0.13702668  0.31274581  0.00298006 -0.13167754 -0.21228845\n -0.25602017 -0.05679991  0.22034938 -0.46614429 -0.46383094 -0.13243043\n -0.14467108 -0.52895951  0.33502684 -0.11352605 -0.26672136 -0.12463564\n  0.56241467 -0.37860433  0.43573939 -0.08454046 -0.30971696  0.21475634\n  0.39642543  0.26139824  0.20447815 -0.03900382  0.07903199  0.19494745\n -0.11454586 -0.62784739]",
    "olfactory": "[ 0.26171809  0.18392979 -0.20098565 -0.30409478  0.06295648 -0.23219885\n -0.10588522 -0.09670221  0.18689573  0.11251617 -0.07915452 -0.17932587\n  0.01023617  0.14801443  0.03626781 -0.22817059  0.07799143  0.0137948\n -0.17639595  0.23045996  0.18522463 -0.07119386  0.14746026  0.03074451\n -0.02545737 -0.13779721 -0.12921795  0.19240011 -0.07565417  0.033623  ]",
    "pheromonal": "[-0.22597469 -0.05615563  0.10235062 -0.00064142  0.14406842  0.00431966\n  0.0113966   0.06448463 -0.00827453 -0.17875538  0.05927693  0.25011073\n -0.07963285  0.03223426 -0.00939214 -0.04218049 -0.04241549 -0.04251995\n -0.0253671  -0.00463917 -0.12001934  0.08994737  0.1184478  -0.01892419\n -0.0492431   0.13404243 -0.04460961 -0.21443583 -0.00929646  0.07256483]",
    "mechanosensory": "[-0.13721998  0.22224956 -0.02287827 -0.23303579  0.09934001  0.20038086\n  0.13300656 -0.04001419 -0.06805618 -0.35567705  0.3749739  -0.18043369\n  0.05278407 -0.02825755  0.06319146 -0.00117848  0.08438362  0.12805694\n  0.12490788 -0.00720134  0.19383976 -0.09646748  0.17326926  0.11555106\n  0.00152436 -0.02148789  0.18970732 -0.13831279 -0.20578621 -0.09690293\n  0.07238446  0.16872408 -0.1234526   0.05373477 -0.27306706  0.15801301\n  0.12117372 -0.17726056  0.01577296  0.23184977 -0.10575804  0.42103524\n  0.02490022 -0.06759171 -0.05341134  0.21799601 -0.22903682  0.04675934\n  0.17200306  0.14254449  0.29254785  0.13763214  0.14249647 -0.11243877\n  0.12910094 -0.04786977 -0.2797047  -0.15437451  0.1500933  -0.20270349]"
  },
  "neural_activity": {
    "mushroom_body": [
      0.4924007237947772,
      0.14693464607642892,
      0.767210702383254,
      0.6248820631260946,
      0.9864482839136465,
      0.33642038262559837,
      0.4422341246408278,
      0.9350583906263176,
      0.8758108280827299,
      0.364067756289724,
      0.02099672115939233,
      0.3653858631904884,
      0.8151629850456615,
      0.6140212660019688,
      0.32891618603502437,
      0.18893806693942827,
      0.7905736907455317,
      0.49916065962944123,
      0.19717420637235406,
      0.9213049964468009,
      0.447226947943287,
      0.7632966728025157,
      0.8032316000008118,
      0.5535376916288629,
      0.07895300729288246,
      0.37207011325454553,
      0.17281634483101527,
      0.9955464920855303,
      0.7331206509221954,
      0.5386381999688542,
      0.39924139702265893,
      0.2069417262349741,
      0.18638278300294076,
      0.5276332937882693,
      0.6015984856107799,
      0.738477463568368,
      0.012070075146157544,
      0.39691921306107414,
      0.9742478701988332,
      0.24929524690375904,
      0.2769088846934247,
      0.5292959918493957,
      0.07966113583142909,
      0.21578219897423678,
      0.7698762304225306,
      0.28290490199427065,
      0.9405319902264295,
      0.6002708120426894,
      0.45739250176265134,
      0.4463890668275149,
      0.9356395009266144,
      0.2565397437437217,
      0.45391089141763574,
      0.6693230026315135,
      0.02617703582476605,
      0.02531896787827681,
      0.5251034861530219,
      0.7031803637078137,
      0.058529304862222964,
      0.01939748304062039,
      0.5974268143442467,
      0.12381889677257696,
      0.6523379317512753,
      0.9321946265931902,
      0.591086092657511,
      0.1240378689225623,
      0.9362653987395712,
      0.5070649457786084,
      0.0919345703443104,
      0.7666644812076299,
      0.08779127460972835,
      0.33673866917057105,
      0.5896370886961854,
      0.2909284330490943,
      0.7323145070044182,
      0.7236888826592979,
      0.5710198786593059,
      0.7176901664961559,
      0.24203636076752333,
      0.41260492944946736,
      0.8738631246179162,
      0.4024116122514887,
      0.24035654060282785,
      0.3736574116109701,
      0.03336379466983419,
      0.6106387280493265,
      0.9364508555576203,
      0.22944403673237168,
      0.4365801853721185,
      0.8738519447485829,
      0.5050267126920194,
      0.453349231079773,
      0.993777465048396,
      0.3051647484911183,
      0.5080186252800102,
      0.5197698326970429,
      0.18403870897738006,
      0.28479427375720423,
      0.10024162543381976,
      0.18808052763581162
    ],