{
  "step": 76,
  "insect_id": "Fruit_Fly",
  "timestamp": 1753377493.3238082,
  "sensory_input": {
    "visual": [
      -0.4060281803686066,
      -0.44303761141864717,
      -1.1618766521962496,
      -2.288817743133283,
      0.5731306241027164,
      1.3316866587493608,
      1.6285912686903679,
      0.9771900441051029,
      0.4658618803143186,
      0.7456999428969348
    ],
    "olfactory": [
      1.7028201042509739,
      1.9175281150452914,
      -0.37689638766147165,
      1.1123441068381623,
      0.36410474363150364
    ],
    "pheromonal": [
      -0.014430027483953905,
      -0.21279627987299904,
      0.6591868403863045
    ],
    "mechanosensory": [
      -0.21290015669805815,
      1.100034005739,
      -0.49885317151275715,
      -1.3652628976469612
    ]
  },
  "processed_output": {
    "visual": "[ 0.08471926  0.32650282 -0.1618296  -0.24709138 -0.4295707   0.40742538\n  0.15543838 -0.0068418  -0.36133449  0.29816544  0.21056358 -0.44239258\n  0.49072209  0.7495059  -0.00494879  0.12285384  0.3014894  -0.42935578\n  0.71494325  0.33068513 -0.47802145 -0.13716098 -0.28358924 -0.02964377\n  0.57328822 -0.05165832  0.12163068  0.04048026  0.0032973   0.14611294\n  0.23093195 -0.56938862  0.42949875 -0.59849921 -0.10973726  0.6327989\n  0.42202377 -0.24742133 -0.46289902  0.50529747  0.13665224  0.27284801\n -0.04331584  0.16475465  0.23592166 -0.38358729  0.16285642  0.24228131\n  0.53653277 -0.00305203 -0.4042354   0.11516366 -0.05208077 -0.35567824\n -0.58514561  0.1185061   0.47239524  0.27569493  0.27520892  0.04632514\n  0.36296386 -0.55635592  0.64139501  0.0622306  -0.32188778  0.06651011\n  0.33331055  0.40727655  0.87309038 -0.36656835  0.42163042 -0.12646075\n -0.0630936  -0.20461671  0.43395046  0.25720295  0.01147246  0.38653169\n  0.6495732  -0.14308683 -0.13389381  0.19625203  0.07297801 -0.42982748\n -0.23360827  0.24020575  0.64494136 -0.19242655  0.19356483 -0.08190596\n  0.24191881 -0.03152254 -0.03933387 -0.11210555  0.35203115  0.34820311\n -0.36586349 -0.02026683  0.29514688 -0.19343174 -0.20022001  0.25952084\n -0.24456002 -0.03628109  0.02389803 -0.51928923 -0.40580821  0.35807511\n -0.0839219   0.60173679  0.09064075 -0.1946025  -0.55090521  0.23252067\n -0.17121867 -0.42130691  0.1303565  -0.50950233  0.19378419 -0.12480675\n -0.09234234  0.41008341  0.38644693  0.69453139  0.24462488 -0.23352633\n  0.28101952  0.05954907  0.00962215 -0.3192738   0.26383215 -0.31859348\n  0.01879517 -0.13656562  0.36761538 -0.46781279 -0.43710067 -0.56798697\n  0.27559468 -0.79441317  0.12158878  0.00862629  0.09582055 -0.48195384\n -0.25153383  0.11167647  0.49952164  0.26093731 -0.62955317 -0.2525261\n -0.14257856 -0.0409685   0.09863385 -0.59821734  0.71478066 -0.10462957\n -0.13438426  0.07918681  0.28589432 -0.09530651  0.27222356 -0.18894911\n  0.47596703 -0.07330574  0.25049352 -0.30449805  0.42682079  0.17200808\n  0.49957802 -0.08444843  0.01354368  0.28252707 -0.1645365  -0.10779756\n -0.23052137 -0.77436692  0.28092172  0.10897377 -0.55754897  0.00761775\n  0.32374377 -0.09575632 -0.38724388 -0.46915879  0.00115855  0.22487332\n  0.03522045 -0.57858695  0.3385027  -0.57649835  0.05699701  0.06884195\n  0.0483642   0.45994869  0.03860817 -0.31100807 -0.71058041  0.44855076\n -0.24569249  0.12451794]",
    "olfactory": "[-0.04558032  0.46978599  0.17374577  0.26474987  0.2902275   0.01183297\n  0.51322893  0.42462235  0.36676415  0.19046154 -0.1389308  -0.17357229\n  0.00620432 -0.34925913  0.41138457 -0.38806581  0.25746166 -0.30785447\n -0.1140325  -0.03778892 -0.02420118 -0.50081305  0.53379136 -0.28676178\n -0.11286653 -0.34815804 -0.04036101 -0.03550355  0.18517457  0.11996357]",
    "pheromonal": "[-0.01324331 -0.17871772 -0.04606827 -0.02572061 -0.19397415  0.05813265\n -0.02218655  0.01977301  0.02435552  0.01126076 -0.02407929 -0.08023883\n  0.09895465  0.0266524  -0.08227639  0.14285705  0.04227063  0.06528104\n  0.03440271  0.08405636 -0.02603149  0.08658358 -0.01013788  0.07921695\n  0.03850391  0.02370259  0.07062316 -0.03461626 -0.03448306  0.08534817]",
    "mechanosensory": "[-0.04558455  0.01510784  0.21897338 -0.15124171  0.04976296  0.00083098\n -0.17633389  0.30220909 -0.02928884  0.43996199  0.16413869  0.24894686\n  0.03215272 -0.08795834  0.03798278 -0.10550517 -0.17837089  0.0348438\n -0.02043599  0.07924987 -0.00394358 -0.06754845 -0.0740052  -0.54777038\n -0.01254406 -0.18637438 -0.04906671 -0.22547519 -0.08162743  0.21649914\n  0.03723139  0.25974071 -0.03372116  0.03379217  0.04545003 -0.01443522\n -0.00669056 -0.07715836  0.08332111 -0.11453543  0.2529285  -0.13508865\n -0.16338815  0.24810175 -0.07158914 -0.31938623  0.01814635 -0.19949535\n -0.13796567  0.34849664  0.20567122  0.40688225 -0.15166758  0.03584507\n  0.1192581   0.02156084 -0.06344169 -0.20432676  0.06948122  0.05205549]"
  },
  "neural_activity": {
    "mushroom_body": [
      0.9573342550431373,
      0.5685218001748344,
      0.1532728767834156,
      0.440756085521535,
      0.4259028932173351,
      0.8065279792960456,
      0.735175839227128,
      0.5075710583125029,
      0.3182408848813949,
      0.1857101658658754,
      0.147293821091668,
      0.5144536606534947,
      0.45121488345427196,
      0.4906687440412314,
      0.9154397942576439,
      0.03221105435352989,
      0.5357325732152792,
      0.1382546922159048,
      0.36067250393003913,
      0.5332526610283069,
      0.8730295292421824,
      0.04063562036991242,
      0.7485949842136878,
      0.3405914174807766,
      0.18318381682710538,
      0.5600384713303344,
      0.1937550886838283,
      0.5397260475592325,
      0.5783223468361413,
      0.9653669883642755,
      0.4658507608321515,
      0.041218211917091296,
      0.9430155978024163,
      0.2674308460540551,
      0.7293295369440447,
      0.57561750059022,
      0.8256796537657,
      0.8151716530122752,
      0.5281132367497178,
      0.8266383224215215,
      0.7639307513444167,
      0.2648371836316852,
      0.5252438849384159,
      0.5541905466888357,
      0.37818191129782974,
      0.7450469935471635,
      0.2806576625628212,
      0.970184082071879,
      0.823677363336939,
      0.978073118620327,
      0.49119614886596097,
      0.6255023153178355,
      0.3681622586961123,
      0.27170809027288534,
      0.7049624491081308,
      0.9090151895400193,
      0.41775828586490404,
      0.6095412889618553,
      0.585938072687339,
      0.8930936343998793,
      0.9166908334120343,
      0.8584724743974405,
      0.4721485132611529,
      0.4807210850130702,
      0.966113607256765,
      0.14152773929286366,
      0.6864110737296917,
      0.8136470071682644,
      0.6496913523967113,
      0.8044161094802286,
      0.6584368982773874,
      0.7552418973233255,
      0.616923263713886,
      0.3417038976597814,
      0.3231289351313176,
      0.1544216935411289,
      0.7029083784993677,
      0.5724367368870931,
      0.2916010291694956,
      0.02198318626477036,
      0.1818806884802623,
      0.9196557994989446,
      0.6893228355088742,
      0.8528493442801934,
      0.33072324176447354,
      0.4919088973308279,
      0.9279620406010517,
      0.28301492112311355,
      0.076863264671996,
      0.21435225530737068,
      0.47425321392117226,
      0.3668784589614873,
      0.8654826015894379,
      0.22710319324722184,
      0.7957563775459994,
      0.5848636850024898,
      0.9513743724371871,
      0.09511916040574064,
      0.46089376742698995,
      0.027475684173515202
    ],