{
  "step": 43,
  "insect_id": "Honeybee",
  "timestamp": 1753377453.6649265,
  "sensory_input": {
    "visual": [
      1.1221459359252652,
      0.04475940084003775,
      -0.8100133026701685,
      -0.6894880703478629,
      -0.9127272094036971,
      -0.8002258858546667,
      0.8716325148920161,
      0.6496150531160594,
      -0.8016291280255182,
      -1.3704474139457412
    ],
    "olfactory": [
      0.5163778591076988,
      0.022026221759717038,
      -1.3081749123663908,
      -0.2963774688769449,
      0.14892691414648795
    ],
    "pheromonal": [
      0.08000672737754638,
      -0.2623697002672054,
      0.4266657127824147
    ],
    "mechanosensory": [
      1.3061584953445573,
      -0.2320208081614059,
      -1.0864947597511647,
      0.19908429534780772
    ]
  },
  "processed_output": {
    "visual": "[ 0.06821084 -0.38914574 -0.08563972  0.25295047 -0.05390413  0.01830681\n  0.22285423  0.02598774  0.36002983 -0.163981   -0.27266679  0.00824769\n -0.14057231 -0.51623833 -0.26177818 -0.17456694 -0.16183108 -0.07300293\n  0.4813779  -0.34618958 -0.0359389  -0.04517602  0.34925669  0.0926726\n -0.05449797  0.25324712  0.12229749 -0.41249723  0.21392083 -0.09513575\n  0.55746951 -0.21888636 -0.05443683  0.22338852  0.13205007  0.51538381\n  0.26927331  0.01425092  0.38533949 -0.04067451 -0.2824848   0.06864515\n -0.02601237  0.33511824  0.2593848   0.2365034  -0.26352191 -0.31649571\n  0.29230809 -0.1818714   0.11604521 -0.11896328  0.24113911 -0.18356034\n  0.0478706  -0.11870903  0.16549645  0.08991511  0.26507618  0.24255518\n  0.00322518 -0.16988206 -0.27147651 -0.27564699  0.43313714 -0.2412237\n  0.07560018  0.10024766 -0.16961961 -0.31751587  0.11624521 -0.31055873\n  0.13462998  0.498042   -0.38731992  0.38121831 -0.29289107 -0.24744762\n  0.09975893  0.11457249  0.24075727 -0.03647691 -0.1522372   0.0908917\n  0.17161216  0.13550966  0.33414459 -0.21532241 -0.18759363  0.41220087\n -0.10486447 -0.26234127  0.51041454  0.0141119   0.27007954  0.24692377\n -0.32490462  0.04175841 -0.1430533  -0.4331386   0.36633094 -0.50856181\n  0.1503081  -0.09922312  0.05708165  0.18360291  0.32473395 -0.36800187\n  0.12140405  0.01771883  0.20569531 -0.14375813  0.17065142 -0.54592597\n  0.46168135 -0.15573806  0.13520551  0.08095301 -0.31597568 -0.01201774\n -0.45683759  0.18531226 -0.40741683 -0.1155622  -0.18314009 -0.16379272\n -0.05726876 -0.1627197   0.16868507 -0.12267564  0.30130404 -0.00790855\n -0.07047105  0.23788907  0.34192995  0.04896505 -0.22188898  0.00588868\n -0.05673536 -0.33817755  0.15148116  0.41890693  0.41628456 -0.24370537\n  0.09998751  0.1616885  -0.06515419  0.04043557 -0.17989611  0.23022554\n  0.00573387 -0.1238705   0.27654871  0.26049605  0.0201292   0.21874574\n  0.08570196  0.40163246  0.23162692 -0.0485744  -0.02332708 -0.45404029\n -0.13915059 -0.06567471 -0.03253665 -0.31560751  0.0577629   0.24909971\n  0.03078674 -0.11437222  0.29770085  0.39822645  0.08833365 -0.22294488\n  0.16310389  0.07716807  0.41371256  0.43574737  0.10327762  0.10505082\n  0.2428389  -0.27511934 -0.30124995  0.14914482 -0.14081054  0.3129623\n  0.34329507  0.14991645  0.21593768 -0.01392949 -0.08976656  0.19957389\n -0.04939485  0.2160102  -0.13837594 -0.08934096 -0.35041831 -0.35078868\n  0.12511797 -0.3395966 ]",
    "olfactory": "[ 0.07754721 -0.26543284 -0.14378834 -0.12817258  0.37852151 -0.20637\n -0.13885305  0.0598436  -0.29395749  0.06754082  0.15055736 -0.23758188\n  0.02578505 -0.11043715  0.26862632  0.07254851 -0.00667069  0.07271405\n -0.13917161 -0.33760174  0.06695239 -0.14571601  0.05600467 -0.18008413\n  0.26922655  0.01459793  0.0081709   0.09333875  0.09851365  0.08990656]",
    "pheromonal": "[-0.04759574  0.04933201  0.01524075  0.06640649 -0.13106602  0.06008965\n  0.04540329 -0.00593489  0.04473722  0.05188963 -0.12527742  0.05964013\n -0.02547054  0.0449191  -0.06937131  0.07103668  0.01413147  0.00719298\n  0.00322387  0.04955885  0.00127845  0.09823187  0.011846    0.03196123\n -0.11575384 -0.04050027  0.01808931 -0.03324257  0.07695072 -0.03253884]",
    "mechanosensory": "[-0.23633167 -0.15104747  0.04555971 -0.16652373 -0.09965025  0.04030953\n  0.1108912   0.1446954  -0.45790207 -0.04998324  0.29696566 -0.26565401\n  0.4087056   0.01484858  0.04818523 -0.23857458  0.21003071 -0.04381723\n -0.04431525 -0.15695551  0.18222264  0.15337357  0.01223802 -0.2603897\n  0.06316816  0.01931295  0.12981318 -0.15889548 -0.49899276  0.11851151\n  0.05927764  0.22154887  0.15708264  0.23324215  0.0883112  -0.29730522\n -0.12982653 -0.35932588 -0.20434084  0.03115618  0.01218658 -0.06190512\n  0.03905842 -0.38714774 -0.02138991 -0.07808469  0.21414576  0.02980326\n -0.06842497  0.16263209 -0.21716137 -0.04814549  0.2290048   0.05064154\n -0.04363718  0.08707615  0.05443094  0.10802482 -0.04885096 -0.30734418]"
  },
  "neural_activity": {
    "mushroom_body": [
      0.12635954055289922,
      0.6510662603041527,
      0.6627929837081565,
      0.9059514415899972,
      0.694024905970108,
      0.13032535785611132,
      0.6785700910874193,
      0.25181423548906845,
      0.9354434499568303,
      0.9820695225306735,
      0.35894562736900226,
      0.09852715118231181,
      0.294853150261539,
      0.7462912346894797,
      0.7870932401371551,
      0.07062982415768515,
      0.48313936540704683,
      0.6622209359526908,
      0.115399259873879,
      0.6872873456110286,
      0.6981114122053442,
      0.504124699964496,
      0.8683273200191458,
      0.7166708401294236,
      0.6182749276751418,
      0.6232014757378306,
      0.39529436063508416,
      0.38233751371397573,
      0.7167883560053652,
      0.44552297638641014,
      0.9047130954552666,
      0.021405918043153394,
      0.7727889117003455,
      0.6159269939967781,
      0.06738501744015668,
      0.32597272676736,
      0.3087168672643883,
      0.9038271378155378,
      0.23784856178197233,
      0.18904989841550568,
      0.2210457214133057,
      0.848521080227047,
      0.3413897391223164,
      0.9617188178997028,
      0.787246394196182,
      0.10829421222201396,
      0.6481604816985572,
      0.7469217894494218,
      0.03391105392878513,
      0.15653537504224724,
      0.9992419020899515,
      0.6853055751030905,
      0.25484180859629757,
      0.9989993979407218,
      0.6524217395054385,
      0.6347337365749102,
      0.744143846619154,
      0.5150140806392638,
      0.7356517947329767,
      0.6376489951475847,
      0.45323207581238756,
      0.37210842438874125,
      0.7037428860280608,
      0.23895712561486693,
      0.5940955300660384,
      0.9945112193658604,
      0.707620198578572,
      0.9534313058612712,
      0.7114461577312933,
      0.4395467057289705,
      0.49249444180522495,
      0.06731022572559242,
      0.27550073951848686,
      0.8881137570119427,
      0.8104454683630198,
      0.58025781616706,
      0.5300344472969072,
      0.07180701688387292,
      0.3757757212457067,
      0.300809054944117,
      0.8118121304991793,
      0.8542922211831256,
      0.9187886496881005,
      0.9817062663157549,
      0.5612733835334486,
      0.2686584688003274,
      0.5043663782398784,
      0.18781304522437448,
      0.71123547918031,
      0.2222548857108344,
      0.5264317813777212,
      0.9750138797195244,
      0.07515074344946227,
      0.2914045013201676,
      0.7958427234065533,
      0.45715523003574077,
      0.5492189810560055,
      0.28384337953527417,
      0.4591770410905638,
      0.27511237675800737
    ],