{
  "step": 9,
  "insect_id": "Honeybee",
  "timestamp": 1753377433.8119314,
  "sensory_input": {
    "visual": [
      0.24790542501088572,
      -1.2654197137294123,
      0.16244981173541467,
      0.939312344367423,
      -2.498762308694872,
      0.49876213505201267,
      -0.478337273397679,
      -1.7212333537391287,
      1.2443737371611716,
      -0.7581438445989508
    ],
    "olfactory": [
      -0.3050413807517807,
      1.58795781378185,
      0.21290762738107083,
      -1.0707199853930995,
      0.8146231145471561
    ],
    "pheromonal": [
      0.2078528831086728,
      0.2264130893852759,
      -0.3222911003825994
    ],
    "mechanosensory": [
      -0.5442000445844082,
      -0.17251210753950164,
      -1.08316229007209,
      0.6019408682262853
    ]
  },
  "processed_output": {
    "visual": "[-0.38140574  0.4181311  -0.41487049  0.48114509 -0.52038033  0.11429286\n  0.33141654  0.40528065 -0.21252236 -0.43296589 -0.43305829 -0.32064789\n -0.21794107  0.06455709 -0.21516972 -0.15754332 -0.01657285  0.28526995\n  0.01288127  0.42156491  0.13447084 -0.56274499 -0.0473572   0.15221495\n -0.44075899  0.21095202 -0.1351681   0.63822988  0.18016991  0.61083216\n -0.16653373  0.32262658  0.1740548   0.68986605  0.20405236 -0.11817325\n  0.11994461  0.15276723 -0.04481765 -0.42770441  0.0633506  -0.179286\n -0.17361246 -0.17896793  0.60041728 -0.54239058  0.49030074 -0.31292991\n  0.252412    0.59254199  0.0357038   0.03843027 -0.02999851  0.03062649\n  0.24854345 -0.06222593  0.19725653 -0.02412268 -0.24883711  0.61731659\n  0.09661578 -0.14669666  0.49912912  0.40509676  0.66898166  0.69065292\n -0.31259131 -0.11898609 -0.03765463 -0.24549191  0.10429653  0.17323101\n -0.35545594  0.24680239  0.12019451  0.38088013 -0.2101392  -0.37131811\n -0.48784863  0.54372956  0.38036505 -0.16332555  0.3338482  -0.35917625\n -0.05262927  0.48328302  0.60359782  0.04180897 -0.22617393  0.64581117\n -0.03619351 -0.14932057  0.05533799 -0.075331   -0.45978494 -0.10585587\n  0.08161134  0.63968313  0.26394321 -0.0015163  -0.78899181 -0.33696378\n -0.04504174 -0.35289388 -0.469571    0.00931393 -0.26803385  0.71194363\n  0.12509652 -0.19729861  0.60670084 -0.52541743 -0.47436395 -0.09763729\n  0.44357968  0.2141258   0.13307438  0.20218708  0.08818867 -0.16361455\n  0.38096899  0.25141492  0.36022031 -0.55633882 -0.05126742  0.13929258\n -0.12657373  0.43368582  0.1053594  -0.0294711  -0.47120343 -0.01103684\n  0.44756158 -0.24447213  0.12184626 -0.26539961 -0.06756716  0.71095285\n -0.49347839 -0.14123746  0.04999312  0.09431861 -0.01449497  0.00329645\n  0.19140084 -0.14513061  0.08330233  0.21932881  0.13875341  0.17324189\n  0.37956038 -0.08160035  0.1442927   0.56525525 -0.2411084  -0.43484875\n  0.31130126  0.27008498 -0.30368697  0.16567358  0.0457148  -0.44322322\n  0.08744811 -0.03041251 -0.07729214 -0.37547926  0.17165655  0.03752824\n -0.24742812 -0.43565056  0.68085341 -0.25413083 -0.2227673   0.40900444\n  0.53843253 -0.35002915  0.1027372   0.00494614 -0.28353493  0.32287875\n  0.17195921 -0.22084642  0.01328478 -0.50854033 -0.23881471 -0.04706875\n  0.04501524 -0.63357373 -0.21019772  0.64603355 -0.42441817 -0.26857474\n -0.31695115  0.06430975 -0.17016718  0.229918    0.38477087  0.2527097\n  0.3370704  -0.1517804 ]",
    "olfactory": "[-0.31088833 -0.18460611  0.17498819 -0.21071122  0.33822697  0.02896939\n -0.06719437  0.27473621  0.16317152 -0.32123283  0.14988788  0.18605087\n  0.07500817  0.04983584 -0.14507297 -0.29078404 -0.20193323  0.10814562\n  0.3315661   0.0557635  -0.00546848 -0.25420272 -0.17923002 -0.13197051\n  0.38860772  0.09714381  0.07657047 -0.30210176 -0.26283982  0.09426373]",
    "pheromonal": "[ 0.03884589 -0.06669412 -0.00947826 -0.08377993  0.08670898 -0.09027512\n -0.03534912  0.00908153 -0.03854033 -0.01761635  0.08802218 -0.04447611\n -0.01498326 -0.01417813  0.0544168  -0.00095245 -0.00407551  0.00469316\n -0.01843057 -0.05921944  0.00740376 -0.03458449 -0.03273865 -0.04223127\n  0.09586041  0.03765799 -0.00473298  0.0051398   0.00186873  0.00542445]",
    "mechanosensory": "[ 0.09273227 -0.19063816 -0.00054776 -0.10957977  0.01237189  0.12342844\n -0.01984689  0.23782451  0.07586567 -0.09130087  0.18610433 -0.23691364\n  0.06469752  0.01761225 -0.05294846 -0.18687146 -0.27663979  0.16468132\n  0.08882736  0.00101791  0.02436908 -0.16130721  0.08925374  0.1474397\n  0.19935586 -0.10126995  0.13827367 -0.01071706 -0.06194418  0.09602045\n  0.09237994 -0.27592412  0.01346094  0.10404053 -0.228644    0.00725441\n -0.07748785 -0.19237814 -0.09797096 -0.13462717  0.1529683   0.18012681\n  0.05996973 -0.04570973  0.01468382 -0.1001725  -0.09885942  0.06951612\n -0.12686826  0.08852503 -0.37735638  0.08371467  0.20725324  0.17842333\n  0.07831807 -0.08195824 -0.04155909 -0.21959174 -0.1928804  -0.26733222]"
  },
  "neural_activity": {
    "mushroom_body": [
      0.12635954055289922,
      0.6510662603041527,
      0.6627929837081565,
      0.9059514415899972,
      0.694024905970108,
      0.13032535785611132,
      0.6785700910874193,
      0.25181423548906845,
      0.9354434499568303,
      0.9820695225306735,
      0.35894562736900226,
      0.09852715118231181,
      0.294853150261539,
      0.7462912346894797,
      0.7870932401371551,
      0.07062982415768515,
      0.48313936540704683,
      0.6622209359526908,
      0.115399259873879,
      0.6872873456110286,
      0.6981114122053442,
      0.504124699964496,
      0.8683273200191458,
      0.7166708401294236,
      0.6182749276751418,
      0.6232014757378306,
      0.39529436063508416,
      0.38233751371397573,
      0.7167883560053652,
      0.44552297638641014,
      0.9047130954552666,
      0.021405918043153394,
      0.7727889117003455,
      0.6159269939967781,
      0.06738501744015668,
      0.32597272676736,
      0.3087168672643883,
      0.9038271378155378,
      0.23784856178197233,
      0.18904989841550568,
      0.2210457214133057,
      0.848521080227047,
      0.3413897391223164,
      0.9617188178997028,
      0.787246394196182,
      0.10829421222201396,
      0.6481604816985572,
      0.7469217894494218,
      0.03391105392878513,
      0.15653537504224724,
      0.9992419020899515,
      0.6853055751030905,
      0.25484180859629757,
      0.9989993979407218,
      0.6524217395054385,
      0.6347337365749102,
      0.744143846619154,
      0.5150140806392638,
      0.7356517947329767,
      0.6376489951475847,
      0.45323207581238756,
      0.37210842438874125,
      0.7037428860280608,
      0.23895712561486693,
      0.5940955300660384,
      0.9945112193658604,
      0.707620198578572,
      0.9534313058612712,
      0.7114461577312933,
      0.4395467057289705,
      0.49249444180522495,
      0.06731022572559242,
      0.27550073951848686,
      0.8881137570119427,
      0.8104454683630198,
      0.58025781616706,
      0.5300344472969072,
      0.07180701688387292,
      0.3757757212457067,
      0.300809054944117,
      0.8118121304991793,
      0.8542922211831256,
      0.9187886496881005,
      0.9817062663157549,
      0.5612733835334486,
      0.2686584688003274,
      0.5043663782398784,
      0.18781304522437448,
      0.71123547918031,
      0.2222548857108344,
      0.5264317813777212,
      0.9750138797195244,
      0.07515074344946227,
      0.2914045013201676,
      0.7958427234065533,
      0.45715523003574077,
      0.5492189810560055,
      0.28384337953527417,
      0.4591770410905638,
      0.27511237675800737
    ],