{
  "step": 79,
  "insect_id": "Honeybee",
  "timestamp": 1753377493.3522854,
  "sensory_input": {
    "visual": [
      -1.3285494123309547,
      0.7230114960184152,
      1.4949934625912522,
      -1.60601251335196,
      -0.11931138235375471,
      0.7343672473878018,
      -0.7810169555403206,
      0.90952361321726,
      1.0630523505077636,
      -0.12544442616919874
    ],
    "olfactory": [
      0.46999031881780706,
      1.7646848527354149,
      0.16722000680610138,
      -0.16978493581611753,
      -0.22465485640966745
    ],
    "pheromonal": [
      -0.37869975363489444,
      1.6325631972297758,
      -0.9198918319259958
    ],
    "mechanosensory": [
      -0.7215560207178144,
      -0.6325604831769093,
      -0.2359343177430891,
      0.14216915338831052
    ]
  },
  "processed_output": {
    "visual": "[-0.14998667 -0.35069943  0.4394306  -0.03722118  0.36997016 -0.04858222\n -0.44387086  0.18043255  0.03925615 -0.09228814 -0.01168841  0.10276697\n  0.51136461  0.4018151   0.38710637  0.02358171  0.13298163 -0.33331558\n  0.25839367 -0.49553083 -0.06313996  0.10710909  0.44356659 -0.1602529\n  0.17775491  0.25816604  0.0348519   0.13657423 -0.24072931 -0.42270241\n  0.02668104  0.28866055  0.12458591 -0.37930435 -0.08085688 -0.07992063\n -0.01513345  0.69149402 -0.13199707 -0.00279275  0.14601729  0.34845306\n  0.18416083  0.05946451 -0.62517796 -0.32783487 -0.18864307  0.20445982\n -0.42873079 -0.15844738  0.18140694  0.51388712  0.16393275 -0.31099132\n  0.32391632 -0.2925431  -0.36674617 -0.02816593 -0.13283999 -0.36869243\n  0.51829846 -0.28626773  0.33841235  0.48495489 -0.25532038  0.1252335\n -0.28393391 -0.34708199 -0.42950034 -0.21528679 -0.43355371 -0.02095712\n  0.17614837 -0.29144875 -0.07271718  0.35090221  0.45384554  0.3535053\n -0.49444575 -0.09852799 -0.21698482 -0.07044748  0.59057634  0.3187276\n -0.14970111 -0.53050897 -0.48326215 -0.58603792  0.10182596 -0.13256612\n  0.04441306  0.43938152 -0.36014448 -0.0142436  -0.46437668  0.44982707\n -0.23999921 -0.60024978  0.12059458  0.25718462  0.16012856  0.27356931\n -0.01285077  0.0578408   0.36991688  0.15969325 -0.57007956 -0.29603236\n -0.1937015   0.00322827 -0.09878755  0.34523125 -0.31840888  0.22528785\n -0.71016502  0.48714987 -0.32012153 -0.08878159  0.17712303  0.13570135\n  0.38941959 -0.16098219 -0.01894105  0.04464631 -0.26668543 -0.41120139\n -0.39694831 -0.0480571  -0.4671626  -0.29447728 -0.27994817 -0.29438416\n -0.04209981 -0.11164155 -0.22745055  0.17729832  0.23780725  0.53504229\n  0.04118652  0.20750845 -0.15974333 -0.19145818 -0.27072612  0.3068345\n -0.17294398  0.20729675  0.26245986 -0.28212031 -0.04892856 -0.21064294\n  0.10508082 -0.13303436 -0.09205468 -0.24074289  0.24410218 -0.4442582\n -0.22659475  0.02780719  0.12958791 -0.12629384 -0.37214292  0.37495056\n -0.40936271  0.43454544  0.29722036 -0.17297721 -0.23536567  0.44685237\n  0.24605571 -0.67056766  0.77186312  0.10010239 -0.51228348  0.16231959\n -0.17693679  0.32074379 -0.15663677 -0.3738213   0.08027092 -0.06465718\n  0.22412228  0.50167355  0.17707232  0.05295918  0.58597065  0.32763552\n -0.27990907  0.01105837  0.31572719  0.00728938  0.33763574 -0.20801968\n  0.40649229 -0.43038681  0.33387545 -0.24968804  0.35431652  0.1022005\n -0.09525993  0.08898598]",
    "olfactory": "[ 0.00216883 -0.11679868  0.20996392 -0.29141739  0.0862642  -0.20621763\n -0.10050031  0.0660019   0.24328422 -0.28757744  0.32207418  0.23718383\n -0.15934084  0.07134709 -0.16161485 -0.16774186 -0.0163059   0.01351718\n  0.25347947  0.13110017 -0.02231019 -0.06648896 -0.2890479  -0.04034028\n  0.34841243  0.20103373  0.00082855 -0.24591562 -0.13407337 -0.12154884]",
    "pheromonal": "[ 0.10571848 -0.11099577  0.08803922 -0.30181336  0.34498208 -0.19091586\n -0.12876312  0.0448509   0.06028489 -0.32469779  0.46469718 -0.03439426\n  0.04578808 -0.08171296  0.07488722 -0.35119632 -0.08341802 -0.04836128\n  0.14943601  0.01992363 -0.04409052 -0.32279864 -0.17980199 -0.06405477\n  0.41546148  0.21165279 -0.06106228 -0.02335735 -0.37304533  0.0584673 ]",
    "mechanosensory": "[ 0.11390918 -0.10941806  0.03962285  0.0535944   0.00536386 -0.01506391\n  0.0644667   0.04464048  0.17629105 -0.00363667  0.03522701  0.00374492\n -0.05081273 -0.09223178 -0.04016819 -0.10449133 -0.13306035  0.08731332\n  0.07917645  0.00127094 -0.03445118 -0.20837715 -0.0288336   0.06288892\n  0.09960836  0.00911315  0.0245071   0.06059644  0.02030174  0.07254782\n  0.08280292 -0.37654309  0.01554093 -0.10812281 -0.18787139 -0.00761619\n  0.0649207   0.08215695  0.06087064 -0.0777666   0.0449648  -0.0101007\n  0.08269407  0.15516055 -0.00933129 -0.00488943 -0.05412845  0.02706463\n -0.07776607 -0.03155429 -0.09385633  0.05231684  0.13727171  0.11907128\n -0.04157647 -0.08623922 -0.06542931 -0.18776647 -0.11204532 -0.07172978]"
  },
  "neural_activity": {
    "mushroom_body": [
      0.12635954055289922,
      0.6510662603041527,
      0.6627929837081565,
      0.9059514415899972,
      0.694024905970108,
      0.13032535785611132,
      0.6785700910874193,
      0.25181423548906845,
      0.9354434499568303,
      0.9820695225306735,
      0.35894562736900226,
      0.09852715118231181,
      0.294853150261539,
      0.7462912346894797,
      0.7870932401371551,
      0.07062982415768515,
      0.48313936540704683,
      0.6622209359526908,
      0.115399259873879,
      0.6872873456110286,
      0.6981114122053442,
      0.504124699964496,
      0.8683273200191458,
      0.7166708401294236,
      0.6182749276751418,
      0.6232014757378306,
      0.39529436063508416,
      0.38233751371397573,
      0.7167883560053652,
      0.44552297638641014,
      0.9047130954552666,
      0.021405918043153394,
      0.7727889117003455,
      0.6159269939967781,
      0.06738501744015668,
      0.32597272676736,
      0.3087168672643883,
      0.9038271378155378,
      0.23784856178197233,
      0.18904989841550568,
      0.2210457214133057,
      0.848521080227047,
      0.3413897391223164,
      0.9617188178997028,
      0.787246394196182,
      0.10829421222201396,
      0.6481604816985572,
      0.7469217894494218,
      0.03391105392878513,
      0.15653537504224724,
      0.9992419020899515,
      0.6853055751030905,
      0.25484180859629757,
      0.9989993979407218,
      0.6524217395054385,
      0.6347337365749102,
      0.744143846619154,
      0.5150140806392638,
      0.7356517947329767,
      0.6376489951475847,
      0.45323207581238756,
      0.37210842438874125,
      0.7037428860280608,
      0.23895712561486693,
      0.5940955300660384,
      0.9945112193658604,
      0.707620198578572,
      0.9534313058612712,
      0.7114461577312933,
      0.4395467057289705,
      0.49249444180522495,
      0.06731022572559242,
      0.27550073951848686,
      0.8881137570119427,
      0.8104454683630198,
      0.58025781616706,
      0.5300344472969072,
      0.07180701688387292,
      0.3757757212457067,
      0.300809054944117,
      0.8118121304991793,
      0.8542922211831256,
      0.9187886496881005,
      0.9817062663157549,
      0.5612733835334486,
      0.2686584688003274,
      0.5043663782398784,
      0.18781304522437448,
      0.71123547918031,
      0.2222548857108344,
      0.5264317813777212,
      0.9750138797195244,
      0.07515074344946227,
      0.2914045013201676,
      0.7958427234065533,
      0.45715523003574077,
      0.5492189810560055,
      0.28384337953527417,
      0.4591770410905638,
      0.27511237675800737
    ],