{
  "step": 21,
  "insect_id": "Ant",
  "timestamp": 1753377433.96931,
  "sensory_input": {
    "visual": [
      -2.643953028873291,
      0.2048511298839278,
      0.2403532794662784,
      2.859672637571976,
      0.6802069569426591,
      -0.8413797357735656,
      -0.13469633707260487,
      1.657059470504763,
      0.29031763236401775,
      1.8878751561161802
    ],
    "olfactory": [
      -0.08501781223164491,
      -1.8951060533264674,
      -0.2791769925988551,
      0.3486214164895961,
      -0.767619116060674
    ],
    "pheromonal": [
      0.27409787337212144,
      -0.3010846890174538,
      -0.5361174497848665
    ],
    "mechanosensory": [
      0.2645862890151692,
      -0.5619031156253049,
      -0.12060385070771124,
      1.0245604785417144
    ]
  },
  "processed_output": {
    "visual": "[ 0.04545393  0.53865381  0.52473003 -0.51973912 -0.15631687  0.62690876\n  0.29410691 -0.48632736  0.11742797  0.35349674  0.18998873  0.29834787\n -0.42551915 -0.22388835 -0.01660872 -0.28501797  0.03183391  0.38013495\n  0.73511803  0.0555326   0.24387464  0.02782172  0.4008577  -0.10136792\n  0.29680326 -0.1767386   0.68473262  0.40282208  0.64796319 -0.18926959\n -0.34855085 -0.26919636 -0.41665935 -0.15069263 -0.0596307  -0.09098785\n  0.52391541  0.27902674  0.40702706  0.3471997  -0.48830896 -0.16481874\n  0.09482667 -0.66505209  0.15921416  0.4471654   0.14820775 -0.50929038\n  0.16047354  0.75467156 -0.23508513  0.29777088  0.40808174 -0.46312948\n  0.05899056  0.07292325  0.4703041  -0.79318802 -0.01233411 -0.20208216\n -0.7815954  -0.10548454 -0.24971165  0.62768858 -0.36528208  0.07613349\n -0.29213452 -0.21739805 -0.5591198   0.05070338  0.41911115  0.383386\n -0.75540842  0.11657348 -0.50341687  0.42648013  0.01125896 -0.32888032\n -0.2380259  -0.1348406   0.17549724 -0.43231689 -0.67647069 -0.39252457\n -0.15045098 -0.03360477 -0.10612965  0.14116149  0.46333828 -0.82734914\n  0.3612717  -0.51486852 -0.09339338 -0.31872268  0.44929106 -0.73178551\n -0.09918172 -0.13953928  0.43184693 -0.08556512 -0.49151084  0.10647595\n  0.0624249   0.23655439  0.8221387  -0.00701193 -0.02432517 -0.21594796\n  0.17630403  0.21264838  0.16133485  0.10158228 -0.04443651  0.02212824\n  0.54835603  0.28230815 -0.27310088  0.3875549  -0.30870967  0.04371686\n  0.29757119 -0.33998841  0.13818377 -0.2381242   0.1648268   0.80696314\n  0.42931323  0.55566561  0.84241281 -0.58348266  0.46465456  0.69602407\n -0.2402624   0.44474101 -0.637328    0.0640712   0.06573236 -0.38700217\n -0.60056281  0.41854673 -0.03307253  0.34373015  0.1325986   0.41164009\n  0.7614433   0.42007049  0.244136    0.65044654 -0.25916304 -0.69987368\n  0.02259891 -0.48364477  0.4064852   0.48721441 -0.42561356  0.06562952\n  0.21247342 -0.04970816  0.06977992  0.29207487 -0.069882   -0.17324922\n -0.0503849  -0.26290994 -0.13068369  0.1048993   0.01665146  0.65040848\n  0.31777969  0.19947927  0.0570314  -0.421058   -0.64058018  0.69058066\n -0.26906831 -0.10375598 -0.52938077 -0.45150265  0.29646512  0.34544388\n -0.22854907  0.86666729 -0.33465125 -0.47021248  0.77269895  0.23808117\n -0.15706167 -0.39344542  0.16189159  0.39799549 -0.07826792 -0.19129754\n -0.19401636 -0.24847344 -0.48988969  0.51544405 -0.61865582  0.62422876\n -0.6265496   0.43775571]",
    "olfactory": "[ 0.2714316  -0.34810878 -0.09325309  0.47170418 -0.45903822  0.3164681\n  0.08515305  0.36949674 -0.07167768  0.16767749  0.14686025 -0.19147287\n -0.02557006 -0.07211422 -0.08330767  0.38130605 -0.30961915 -0.02997282\n  0.3497242  -0.23724388 -0.10494548 -0.16742298 -0.37522625 -0.26109736\n  0.21445248  0.01912192  0.32480956 -0.03714724  0.07706814 -0.19483634]",
    "pheromonal": "[-0.03603417 -0.11499089  0.00308011  0.08450284 -0.02137071  0.07234889\n  0.01337472  0.16758056  0.03514196 -0.05861094  0.09341158  0.06929143\n -0.0877272   0.01582355 -0.02664575  0.01405524 -0.09923037 -0.05959959\n  0.06103215 -0.02619515 -0.04402697 -0.02449425  0.0020312  -0.12850485\n  0.01208215  0.05073405  0.04437418 -0.14816021  0.02190521 -0.00397808]",
    "mechanosensory": "[-0.04355273 -0.18961608 -0.01083371 -0.10153547  0.12834104  0.22409781\n  0.06216605 -0.0503915  -0.01316712  0.00650833  0.07416294  0.03331469\n -0.04191549 -0.17074125 -0.08265089 -0.15492791 -0.01480887 -0.19240568\n  0.2430021   0.05991815  0.020172   -0.09249511  0.01593664  0.08874085\n  0.02960653  0.05784989  0.06395015 -0.15954759 -0.12601252 -0.05566446\n  0.10512485  0.16215281 -0.02680729  0.11329972  0.06377603 -0.0488942\n  0.01829783 -0.02247297  0.23316526  0.23905053  0.057845    0.11189561\n  0.05381314  0.17002752  0.14021738  0.08558957 -0.08091266 -0.01856552\n  0.02751612 -0.01253802  0.17996419  0.17173712  0.02538113 -0.09736005\n  0.01344118  0.06920862 -0.22941991  0.07171907 -0.02028258 -0.06928658]"
  },
  "neural_activity": {
    "mushroom_body": [
      0.4924007237947772,
      0.14693464607642892,
      0.767210702383254,
      0.6248820631260946,
      0.9864482839136465,
      0.33642038262559837,
      0.4422341246408278,
      0.9350583906263176,
      0.8758108280827299,
      0.364067756289724,
      0.02099672115939233,
      0.3653858631904884,
      0.8151629850456615,
      0.6140212660019688,
      0.32891618603502437,
      0.18893806693942827,
      0.7905736907455317,
      0.49916065962944123,
      0.19717420637235406,
      0.9213049964468009,
      0.447226947943287,
      0.7632966728025157,
      0.8032316000008118,
      0.5535376916288629,
      0.07895300729288246,
      0.37207011325454553,
      0.17281634483101527,
      0.9955464920855303,
      0.7331206509221954,
      0.5386381999688542,
      0.39924139702265893,
      0.2069417262349741,
      0.18638278300294076,
      0.5276332937882693,
      0.6015984856107799,
      0.738477463568368,
      0.012070075146157544,
      0.39691921306107414,
      0.9742478701988332,
      0.24929524690375904,
      0.2769088846934247,
      0.5292959918493957,
      0.07966113583142909,
      0.21578219897423678,
      0.7698762304225306,
      0.28290490199427065,
      0.9405319902264295,
      0.6002708120426894,
      0.45739250176265134,
      0.4463890668275149,
      0.9356395009266144,
      0.2565397437437217,
      0.45391089141763574,
      0.6693230026315135,
      0.02617703582476605,
      0.02531896787827681,
      0.5251034861530219,
      0.7031803637078137,
      0.058529304862222964,
      0.01939748304062039,
      0.5974268143442467,
      0.12381889677257696,
      0.6523379317512753,
      0.9321946265931902,
      0.591086092657511,
      0.1240378689225623,
      0.9362653987395712,
      0.5070649457786084,
      0.0919345703443104,
      0.7666644812076299,
      0.08779127460972835,
      0.33673866917057105,
      0.5896370886961854,
      0.2909284330490943,
      0.7323145070044182,
      0.7236888826592979,
      0.5710198786593059,
      0.7176901664961559,
      0.24203636076752333,
      0.41260492944946736,
      0.8738631246179162,
      0.4024116122514887,
      0.24035654060282785,
      0.3736574116109701,
      0.03336379466983419,
      0.6106387280493265,
      0.9364508555576203,
      0.22944403673237168,
      0.4365801853721185,
      0.8738519447485829,
      0.5050267126920194,
      0.453349231079773,
      0.993777465048396,
      0.3051647484911183,
      0.5080186252800102,
      0.5197698326970429,
      0.18403870897738006,
      0.28479427375720423,
      0.10024162543381976,
      0.18808052763581162
    ],