{
  "step": 3,
  "insect_id": "Ant",
  "timestamp": 1753377433.7448697,
  "sensory_input": {
    "visual": [
      0.4787715225556735,
      -1.43097743286674,
      -0.8920425003690979,
      0.7028212036155425,
      1.5621618169285716,
      -0.23325336867169102,
      -1.3871313016599554,
      -0.8666821678468112,
      -2.078087252290647,
      -0.481442729585927
    ],
    "olfactory": [
      0.10013563137714906,
      0.0915712567570165,
      1.5983550314103023,
      0.7617114892748097,
      1.8887882130881835
    ],
    "pheromonal": [
      1.1500060935911343,
      0.817561405409708,
      0.4119650108147058
    ],
    "mechanosensory": [
      1.2264385788996128,
      -0.92828276947167,
      2.2234796748341847,
      2.1619536536041424
    ]
  },
  "processed_output": {
    "visual": "[-1.88204586e-01 -3.65444333e-01 -2.76048911e-01 -4.41048325e-01\n -4.30023776e-01  4.34625318e-02 -4.29214231e-01 -4.78079386e-01\n -8.41996310e-02 -1.24845114e-01 -9.93109741e-02 -7.43907965e-01\n  3.10831740e-01  4.14659755e-01 -2.13527195e-01  2.11292684e-02\n -1.96129852e-01 -4.57619854e-01 -4.84582816e-01 -7.49364844e-02\n  5.63040302e-01  6.99811926e-01 -1.33151773e-01 -4.07296622e-01\n -3.53247236e-01  6.57826207e-02 -3.02328532e-01  2.19234647e-01\n -1.48999351e-01 -2.80630091e-01  2.34475266e-01 -5.31650645e-01\n -3.29725147e-02 -8.15283723e-02 -3.95236132e-01 -8.20323345e-04\n  3.21991511e-01 -7.88180833e-02  4.83552851e-01 -1.53008949e-01\n -3.24847271e-01 -1.87272644e-02 -2.09069769e-01  1.29907239e-02\n -8.88894991e-02  1.19288001e-01  1.17209845e-01 -2.13306645e-01\n -4.83013993e-02 -5.28680013e-02  1.69670232e-01  2.35287634e-01\n  1.52400628e-01  1.38862967e-01  6.93436980e-01  4.08535834e-01\n -5.97811544e-02 -1.99744063e-01  1.97574084e-01 -3.33489715e-01\n  1.54211438e-01 -1.02082376e-01 -3.53798193e-01  4.30064633e-02\n -2.59913502e-01  3.25954293e-01  2.26568325e-01  5.93417736e-01\n  5.06605401e-01  7.46027614e-02 -5.75384733e-01  4.95725258e-01\n -1.80751145e-01 -1.25789613e-01 -7.44540200e-04  6.21442833e-01\n  1.06412911e-01 -3.37075597e-01  1.99661062e-01 -5.70440436e-02\n  8.20428996e-02  3.71506776e-01 -2.91393929e-01  4.62052274e-02\n -5.11385533e-01  8.40601606e-02 -3.49119875e-01  1.45131954e-01\n  5.36624256e-01  2.19319745e-01  3.30191368e-01 -1.54091015e-01\n  1.68319846e-01  6.44481334e-02  1.59767498e-01  1.55964682e-03\n -1.14712044e-01  2.40715474e-01 -1.91592413e-01  4.88633612e-01\n  5.74091477e-01  1.27201489e-01 -3.48899602e-02  3.42184721e-01\n  2.84486701e-01 -7.77939068e-01  2.11319029e-01 -5.59240144e-01\n  5.83562200e-03 -4.79979818e-01  1.20016840e-02  8.80170162e-02\n -1.78773015e-01  2.78060138e-01 -6.36582158e-01  3.44308555e-01\n  1.50699929e-01 -2.47356679e-03  3.89380449e-01  1.62886609e-01\n -2.68966888e-01 -3.89152637e-01 -2.70881773e-01 -2.87940369e-01\n  2.26627469e-01  1.45682299e-01 -2.73583126e-02 -1.16326220e-01\n -4.36269118e-02 -8.27505953e-02 -1.89576223e-01 -1.15980524e-01\n  4.09978417e-01 -4.07900524e-01  3.18628970e-01 -2.20413971e-01\n -5.84718137e-01 -3.64265843e-01 -3.49074391e-01 -5.74455910e-01\n -1.89330293e-01 -2.91338093e-01 -5.95558802e-02  3.98117009e-03\n -2.24828399e-02 -1.22923268e-01  2.54583088e-01  1.69677207e-02\n  6.21939649e-01  4.41988200e-02  6.41729726e-01  3.08166237e-01\n -5.48374167e-02  2.02231820e-01 -2.26066626e-01  1.54578714e-01\n -1.23080332e-01  3.65121468e-01  3.96911929e-01  3.10306172e-01\n  6.42091111e-02 -5.24884305e-02  3.33585795e-01  9.84847774e-02\n -4.30038837e-01 -4.08850893e-01  7.29803440e-01 -2.06246478e-01\n -4.01513846e-01  9.45485517e-02 -4.84859012e-01 -2.54360916e-01\n  7.02499650e-01  9.07796912e-02  3.68937357e-01 -2.04729840e-01\n  1.85161430e-01 -1.62274532e-01  1.95368549e-01  4.35352952e-02\n -1.32801671e-01  2.33900635e-01 -3.41282053e-01  3.31746951e-01\n  2.50199400e-01 -6.03738845e-02 -2.17626267e-01 -7.93207713e-01\n  3.09043178e-01  7.15894958e-03 -7.08884535e-01  1.96116654e-01\n  3.30317386e-01 -3.69373541e-01 -9.83993993e-02  7.72468701e-02\n -2.61795967e-01 -4.11027249e-01  1.48657349e-01  4.12651675e-01]",
    "olfactory": "[ 0.47177595  0.38393098 -0.36101577 -0.5698925   0.02294669 -0.54555008\n -0.13125247 -0.24677451  0.211911    0.2870823  -0.26367222 -0.11958985\n  0.211553    0.42301449  0.14654522 -0.17016429 -0.06666924  0.2197326\n -0.26440337  0.39764231 -0.14288624  0.0950786   0.22317215  0.25161132\n  0.05924976  0.10840052 -0.19712896  0.37983882 -0.36020339  0.0400548 ]",
    "pheromonal": "[-0.25536173  0.00227093  0.1350668  -0.05252065  0.21633775 -0.13760989\n -0.03038192 -0.12375167 -0.10299018 -0.24870546 -0.06337283  0.38994959\n  0.00967154  0.12314642 -0.00381637 -0.01209918 -0.02297391  0.04550434\n -0.15107229  0.03927016 -0.22854997  0.2262563   0.20232725  0.2247857\n -0.04213093  0.21631957 -0.13663262 -0.13624978 -0.10235164  0.15366768]",
    "mechanosensory": "[-2.10842481e-01 -2.78443307e-01 -2.46162317e-02 -3.58555166e-01\n  1.76535102e-01  4.03804779e-01 -1.53729005e-01 -3.54768109e-01\n -1.85780669e-01  1.53009563e-02  4.34015773e-01  5.42127102e-01\n -8.99293203e-02  1.98503539e-01 -1.08929384e-01 -7.40152785e-01\n  4.82274159e-04 -2.76394968e-01  4.95487944e-01 -3.05930027e-02\n  2.42672537e-01  2.90245826e-02  1.93451673e-01  2.13131924e-01\n -8.15878848e-02  1.99442180e-01  3.06221331e-02 -6.48485409e-01\n -2.87508375e-01 -7.59500544e-01  3.94190268e-01  2.70937098e-01\n  2.06324387e-01 -7.52895387e-02  5.84282316e-02  2.11634899e-01\n -3.80187662e-02  1.94629082e-01  3.31903511e-01  4.84681527e-01\n  2.44690001e-01  5.25032571e-01  7.57896173e-02  1.57901622e-01\n -1.36959193e-01  3.15046078e-01 -4.43484038e-01 -7.65113650e-02\n  1.37977320e-01  9.86793991e-02 -1.91311000e-01  3.66639845e-01\n  1.35690084e-01 -1.67302910e-01  2.27528208e-01 -3.29784146e-02\n -9.83491714e-02  8.35772743e-02 -2.03794036e-01 -1.12118998e-01]"
  },