{
  "step": 18,
  "insect_id": "Honeybee",
  "timestamp": 1753377433.9283006,
  "sensory_input": {
    "visual": [
      -1.3489488176236992,
      -1.102096083282757,
      0.8017379360728352,
      -1.3452601489776117,
      0.3095708345700322,
      -0.03120112413061525,
      -0.9700406572134618,
      2.054814084976624,
      0.732970209547964,
      1.2756353296073142
    ],
    "olfactory": [
      0.62603058938444,
      0.05021336596524015,
      -0.29321414720215055,
      0.6081055131013009,
      0.692782954141419
    ],
    "pheromonal": [
      -0.012951545764378507,
      -0.6976018484910314,
      1.2791613739808263
    ],
    "mechanosensory": [
      3.0622054558470473,
      0.6348130913258369,
      0.11688514778334878,
      0.892184702310263
    ]
  },
  "processed_output": {
    "visual": "[-3.84589463e-01 -3.77734766e-01  4.88161377e-01 -3.72225825e-02\n -1.00820635e-01 -5.82717930e-02 -6.25612579e-01  7.29625402e-02\n -1.02291808e-01  4.09351105e-02  2.29524664e-01  1.00972585e-01\n  4.07782563e-01  4.20172908e-01 -1.54563926e-01  3.53365563e-02\n -2.76330334e-01 -2.93803691e-01 -2.18127289e-01 -2.33187817e-01\n  1.35540694e-01 -4.26345295e-02  2.07177970e-01 -3.37097589e-01\n  4.37369774e-01  9.89535259e-02  2.19423756e-01  1.87058929e-01\n -1.22296947e-01 -4.44353384e-01 -3.55148815e-01 -4.89343316e-02\n  1.84392025e-01 -3.32350191e-02 -6.25495111e-02  1.82000230e-01\n -1.60180155e-01  2.76592312e-01  6.41263069e-02  7.13833798e-01\n -3.94240375e-02  7.33756561e-02  2.10591537e-01 -1.21888921e-01\n -6.34700061e-01 -2.15246684e-01 -3.89602597e-01  6.17421383e-01\n -1.76786370e-01 -2.19657321e-01  3.98920367e-02  6.30134653e-01\n  2.07256255e-01 -4.83344429e-01  1.25587844e-01 -2.65612205e-01\n -4.82629062e-01 -1.18526432e-01 -6.71398005e-02 -1.73409389e-01\n  5.91473255e-01 -3.69438595e-01  1.46347167e-01  2.35774258e-01\n -4.66026901e-01 -2.99038811e-01  1.75016747e-01 -2.00559662e-01\n -4.98921903e-01 -6.96632450e-02 -2.75226501e-01 -2.10820479e-01\n  1.77798386e-01 -1.48730973e-01 -2.68108442e-01  7.62204145e-02\n  2.68472756e-01  5.35814176e-01 -3.58748934e-01 -4.28296989e-01\n -4.64218030e-01 -2.50665860e-01  2.28155361e-01  4.95068644e-01\n -1.70035272e-01 -3.78751788e-02 -3.37166581e-01 -4.49935084e-01\n  4.08391597e-02 -3.95171642e-01 -1.00092346e-01  5.76382465e-01\n -6.48488338e-01 -2.55572977e-01 -3.97382763e-01 -1.57080601e-01\n -1.46088955e-01 -7.16203546e-01  1.25620718e-01 -1.21349272e-01\n -9.37289475e-02  1.84900131e-01  3.84391220e-01 -1.02632040e-01\n  3.52406982e-01 -6.13704997e-02 -4.66423207e-01  8.38178603e-02\n -1.55369689e-01  3.13994412e-01 -2.29542859e-01  5.36079897e-01\n -8.79155725e-02 -1.00007789e-01 -5.44380277e-01  6.78020407e-01\n -2.04101938e-01 -1.97129770e-01  4.56970465e-01  6.87048969e-02\n  2.05796073e-01 -1.54356877e-01  2.68180150e-01  3.65833180e-01\n -1.87880761e-01 -1.28299205e-01 -5.16651260e-01 -1.01985061e-01\n -4.14821616e-01  3.88516258e-01  2.44483001e-02 -2.02671236e-01\n -1.57023048e-01  1.49929758e-01 -3.14811595e-01  2.69250901e-01\n -2.26025547e-01  7.05478625e-01 -5.67834884e-02  5.17898226e-01\n  2.35176419e-01 -4.30767681e-01 -3.27014414e-01  1.82246576e-01\n -1.09547673e-01  3.00559669e-01  1.17246240e-01 -4.47160267e-01\n  8.33416934e-02 -3.68303818e-01 -4.03950614e-01  4.01227038e-02\n -1.16093434e-02 -5.78594157e-01  4.36949152e-01 -7.02964726e-01\n -5.11989111e-01 -2.18118204e-01  1.55570304e-01  1.91927709e-01\n  2.14625328e-01  6.20667591e-01 -1.14701181e-01  1.28545485e-01\n  2.39286161e-01 -1.06988933e-02 -2.85917986e-03  3.20359492e-01\n -3.17466705e-01 -1.77254490e-01  4.83782135e-01  3.43077597e-01\n -1.46561425e-01  4.11199800e-01  4.13802032e-01  4.88928152e-02\n -1.33537877e-01 -2.99050884e-01  2.42964926e-01  2.58627450e-04\n -1.74451498e-01  2.93898621e-01  1.45558928e-01  3.30719098e-01\n  7.60025797e-01  3.36451947e-01 -2.43168181e-01  1.21116862e-02\n  1.36547306e-01  1.49159889e-01  4.43828966e-01 -2.41579607e-01\n  1.17535032e-01 -4.28084009e-02  3.15701370e-01 -1.89281007e-01\n  2.91670057e-01 -1.92216507e-01 -2.82061281e-01  2.22632861e-02]",
    "olfactory": "[ 0.03237064  0.04416076 -0.0220047  -0.26530727 -0.12696154 -0.15832365\n  0.17743028 -0.00682244 -0.00718216  0.06753495 -0.01594959 -0.24440384\n  0.04805427  0.1078737   0.11920564  0.09798423 -0.13301884 -0.10024186\n -0.20524398  0.016739   -0.04783876  0.11088396 -0.13253817 -0.03215188\n -0.15298212  0.07221254 -0.00741191  0.06699911  0.00912978  0.08280287]",
    "pheromonal": "[-0.14391635  0.17117599  0.0567457   0.20751348 -0.359497    0.20927764\n  0.13297345 -0.01834237  0.15372604  0.1127405  -0.33374697  0.18631529\n -0.04784787  0.11877106 -0.21457435  0.14421517  0.03103615  0.00935629\n  0.04013862  0.17900583 -0.00776296  0.24320366  0.03939257  0.11148071\n -0.32338928 -0.11353606  0.04417096 -0.09233246  0.15421216 -0.08214424]",
    "mechanosensory": "[-0.44199148 -0.03074296  0.00648904 -0.35380551 -0.10090687 -0.11643843\n  0.1046727  -0.02326506 -0.71075127  0.09912416  0.17485781 -0.40478011\n  0.58086034  0.0386263  -0.01018896  0.00255909  0.49038501 -0.13435174\n -0.35571735 -0.28843472  0.29530431  0.54574823  0.20519659 -0.41370809\n -0.27087041 -0.00214633  0.1548569  -0.25571632 -0.55635444 -0.18514776\n -0.2299298   0.75686126  0.31781717  0.32517543  0.52675475 -0.35144163\n -0.20983468 -0.33783562 -0.26686465  0.31056916 -0.21588673  0.18188774\n -0.0911408  -0.5666636   0.00424975 -0.11979681  0.53601806  0.20636514\n  0.11272246  0.35598765  0.0816394  -0.1118675  -0.0204301  -0.32240776\n  0.00167086  0.25133636  0.01570329  0.42586341  0.19473159 -0.23572018]"
  },