{
  "step": 15,
  "insect_id": "Fruit_Fly",
  "timestamp": 1753377433.8996036,
  "sensory_input": {
    "visual": [
      -1.0392599682431785,
      0.4066414717168607,
      0.23892522651187093,
      -0.35129130841746975,
      -0.35323448391996676,
      -0.1608104693263451,
      -0.05682710841659094,
      -0.13286314781042738,
      -0.17788908496791,
      0.35934176829620457
    ],
    "olfactory": [
      -0.48499490769786396,
      -0.7140899583237793,
      0.5023960977483305,
      -0.16477778483348615,
      0.3011590771644174
    ],
    "pheromonal": [
      -0.4372096300416635,
      0.13055697031359711,
      0.8421365343476237
    ],
    "mechanosensory": [
      1.6419035178224382,
      0.45564122666246787,
      0.6239138536835678,
      -0.6385815374805958
    ]
  },
  "processed_output": {
    "visual": "[-0.07126157  0.2102886   0.21535078  0.1670124  -0.16145952 -0.11557529\n -0.08106508  0.14660706 -0.25729435 -0.02133418 -0.05620094  0.12651398\n -0.02802379  0.17217112 -0.13503663 -0.25625399 -0.01761203 -0.11863348\n  0.11970071  0.04569533  0.198071   -0.17206147 -0.02244632  0.01418749\n -0.2210786  -0.16781573  0.04610734 -0.2170862   0.02766971  0.00742449\n -0.07056378 -0.26745874  0.35207692  0.02742454  0.11054264 -0.04640429\n -0.18126493 -0.1026819  -0.05556907 -0.20401713 -0.01229527  0.17554962\n -0.0084977  -0.15353485 -0.14269124 -0.16679238 -0.0740518  -0.0703643\n -0.06603214  0.12574603  0.06231467  0.12126725 -0.09335228 -0.06845843\n -0.14177771  0.17993051  0.18113333 -0.06781863 -0.15861873  0.08148302\n  0.08846183 -0.13138936  0.10366882 -0.01404919 -0.14928694 -0.30664229\n  0.23848663  0.09257618 -0.12686429  0.04936475 -0.05743466 -0.15069985\n -0.07767308 -0.09012361 -0.16793923 -0.00646729 -0.20468601  0.12509302\n  0.04994541 -0.158951    0.03053931 -0.01742914  0.01067103  0.2272301\n  0.22984888  0.0436821   0.08754002  0.08082554  0.04173506 -0.24870606\n -0.20888323  0.13810499  0.00282053  0.04632127 -0.20462825  0.08205032\n  0.11526446  0.01518042 -0.21446006 -0.00231928  0.26146959  0.10430333\n  0.18244262  0.1229702   0.17028463  0.08153553 -0.03979895  0.00375617\n -0.03583385  0.24671239 -0.20060154  0.2104854  -0.19471689 -0.05636827\n -0.00685357 -0.08850483 -0.10542139  0.04077907  0.05926623 -0.03169786\n -0.16745559  0.14698058  0.08674093  0.04494336 -0.02902213 -0.02561367\n -0.0449861  -0.04233641 -0.02146543 -0.05452985 -0.22249864  0.07821775\n -0.07201678  0.21154215  0.07723546  0.0768965   0.2213378  -0.00461506\n -0.05915848 -0.02505261  0.11795152 -0.19201861  0.0185418  -0.0443376\n  0.05870442 -0.01980191 -0.06748755  0.13592912  0.1593533   0.25325578\n  0.10840579 -0.02372231 -0.00545781  0.03158732 -0.00203385  0.11617235\n  0.17525708 -0.26333053 -0.22665245 -0.13959594 -0.17215173  0.24971774\n  0.01399324  0.02047077 -0.03849762  0.2957032   0.08945558 -0.05373436\n  0.05814251 -0.07175794  0.1209727   0.22352694 -0.17324765 -0.03204696\n -0.11851427 -0.08747836 -0.22585648 -0.05265514 -0.05093302 -0.06688018\n  0.20157437 -0.19330695  0.0654846   0.11240068 -0.15659738  0.07931177\n  0.02533459 -0.04570514 -0.20632547 -0.10528091  0.01951362  0.01033857\n  0.08491035  0.03127833 -0.04408419  0.11124378 -0.03734025 -0.00520454\n  0.01048433 -0.02086847]",
    "olfactory": "[-0.06692236 -0.16670308 -0.05201214 -0.11571228 -0.2488971   0.08579893\n -0.17491784 -0.12319459 -0.04495629 -0.02363534  0.03080923 -0.00054979\n -0.01569913  0.09514795 -0.13290742  0.16438373 -0.10234655  0.08624\n -0.00900051  0.05993668  0.05207483  0.19287153 -0.14679994  0.17809755\n -0.01417636  0.09248559  0.12361864 -0.00846107 -0.17553821  0.01579821]",
    "pheromonal": "[ 0.07931953 -0.1863476  -0.01175884  0.02530353 -0.21952923  0.00547713\n  0.022183    0.00211856  0.00736232 -0.14039073 -0.05261823 -0.04882442\n  0.11898018  0.03419971 -0.09904201  0.14956425  0.05267012  0.14100827\n  0.04434841  0.15690247 -0.04876693  0.08472391  0.08418711  0.02836336\n  0.10620484  0.00396422  0.11714621 -0.13012893 -0.13317546  0.01031813]",
    "mechanosensory": "[-0.03890384  0.24521114  0.00170401  0.16404663  0.15691069 -0.09947151\n  0.14758507  0.03792852  0.14897309 -0.19921178  0.17898887  0.11998853\n  0.08902626 -0.07362685 -0.25879272 -0.20369515 -0.17082548  0.01277536\n -0.15072718  0.08051067  0.12577577  0.21065575  0.06114536 -0.22671789\n -0.11803566  0.12871553 -0.24675049  0.21456746 -0.079104   -0.12901129\n  0.0756538   0.00140204  0.00580762 -0.21839011 -0.1603324  -0.02749928\n  0.0858468   0.10192101 -0.08666233 -0.35369506  0.02223068  0.24419588\n -0.05587378  0.19245194  0.12659726 -0.12845318 -0.13180723  0.09053783\n  0.00344177  0.4258754   0.22882898  0.03649037  0.29484447  0.02058479\n -0.00318419  0.00423348  0.00757321 -0.10034875 -0.14920419  0.03451283]"
  },
  "neural_activity": {
    "mushroom_body": [
      0.9573342550431373,
      0.5685218001748344,
      0.1532728767834156,
      0.440756085521535,
      0.4259028932173351,
      0.8065279792960456,
      0.735175839227128,
      0.5075710583125029,
      0.3182408848813949,
      0.1857101658658754,
      0.147293821091668,
      0.5144536606534947,
      0.45121488345427196,
      0.4906687440412314,
      0.9154397942576439,
      0.03221105435352989,
      0.5357325732152792,
      0.1382546922159048,
      0.36067250393003913,
      0.5332526610283069,
      0.8730295292421824,
      0.04063562036991242,
      0.7485949842136878,
      0.3405914174807766,
      0.18318381682710538,
      0.5600384713303344,
      0.1937550886838283,
      0.5397260475592325,
      0.5783223468361413,
      0.9653669883642755,
      0.4658507608321515,
      0.041218211917091296,
      0.9430155978024163,
      0.2674308460540551,
      0.7293295369440447,
      0.57561750059022,
      0.8256796537657,
      0.8151716530122752,
      0.5281132367497178,
      0.8266383224215215,
      0.7639307513444167,
      0.2648371836316852,
      0.5252438849384159,
      0.5541905466888357,
      0.37818191129782974,
      0.7450469935471635,
      0.2806576625628212,
      0.970184082071879,
      0.823677363336939,
      0.978073118620327,
      0.49119614886596097,
      0.6255023153178355,
      0.3681622586961123,
      0.27170809027288534,
      0.7049624491081308,
      0.9090151895400193,
      0.41775828586490404,
      0.6095412889618553,
      0.585938072687339,
      0.8930936343998793,
      0.9166908334120343,
      0.8584724743974405,
      0.4721485132611529,
      0.4807210850130702,
      0.966113607256765,
      0.14152773929286366,
      0.6864110737296917,
      0.8136470071682644,
      0.6496913523967113,
      0.8044161094802286,
      0.6584368982773874,
      0.7552418973233255,
      0.616923263713886,
      0.3417038976597814,
      0.3231289351313176,
      0.1544216935411289,
      0.7029083784993677,
      0.5724367368870931,
      0.2916010291694956,
      0.02198318626477036,
      0.1818806884802623,
      0.9196557994989446,
      0.6893228355088742,
      0.8528493442801934,
      0.33072324176447354,
      0.4919088973308279,
      0.9279620406010517,
      0.28301492112311355,
      0.076863264671996,
      0.21435225530737068,
      0.47425321392117226,
      0.3668784589614873,
      0.8654826015894379,
      0.22710319324722184,
      0.7957563775459994,
      0.5848636850024898,
      0.9513743724371871,
      0.09511916040574064,
      0.46089376742698995,
      0.027475684173515202
    ],