{
  "step": 45,
  "insect_id": "Ant",
  "timestamp": 1753377453.6915133,
  "sensory_input": {
    "visual": [
      1.1608710298204212,
      1.016556798402957,
      -3.6984535475185596,
      -0.12234551162159989,
      -0.5723528975006154,
      -0.1464740765451995,
      0.0901190084577081,
      -0.9015305349491435,
      -1.0579431790756726,
      2.1724871684788556
    ],
    "olfactory": [
      1.027845779228962,
      0.0015616808791340643,
      -0.7403321556889414,
      -0.6382512199290146,
      -0.9593527390692069
    ],
    "pheromonal": [
      -2.2684264975875603,
      0.01716001835969813,
      -0.07101477554580958
    ],
    "mechanosensory": [
      -0.5593867198304742,
      1.0721452062936425,
      -0.6969394311848518,
      0.47130589231999165
    ]
  },
  "processed_output": {
    "visual": "[-0.28577086 -0.14450013 -0.2478389   0.43051052  0.08012412  0.52527229\n -0.09947348 -0.22649151  0.01838461  0.13576071 -0.35868236 -0.4156906\n  0.16769415 -0.02688698  0.11799481 -0.11822621  0.04768482  0.05247518\n  0.09971606  0.41561526 -0.08561505  0.3498513  -0.27820548  0.26436322\n -0.4880433  -0.40694974 -0.54382615  0.44045076 -0.13505491 -0.12270887\n  0.84084992  0.28614112 -0.12368295  0.62734786  0.5355258   0.57467156\n  0.0270967  -0.50304685  0.92200244  0.26898367  0.17391581 -0.58805797\n -0.60960328  0.04647075 -0.43223216  0.16343625  0.51035703 -0.50112589\n -0.17396495  0.55464896  0.30417271 -0.34419126  0.31845103 -0.06302196\n  0.04334516  0.27681814 -0.09722052 -0.15207388  0.04706205 -0.23612844\n  0.22456446  0.39676083 -0.34908922 -0.35574239 -0.05939172 -0.64919654\n -0.62830151 -0.14694791  0.50107596  0.17460349  0.76043739 -0.26150783\n -0.77467723  0.84742186 -0.18896995 -0.23830399 -0.27505349 -0.55105396\n  0.09895209  0.4868743  -0.1118438   0.82048385 -0.10586179  0.0351633\n  0.11881296  0.20100596  0.85135608  0.02127235  0.25017019  0.44344125\n -0.33395981 -0.25959379  0.62877552  0.29075529  0.29944598 -0.22175698\n -0.29953582  0.17014053 -0.85088403  0.81583664  0.39649115  0.11428306\n  0.43401283  0.21687953 -0.18248611  0.1638821  -0.3606772  -0.37303386\n  0.10792964  0.08560053 -0.64700767 -0.12260098  0.20599711  0.84742757\n -0.65872232 -0.03936789 -0.40886096 -0.46260656  0.12343681  0.48804353\n -0.38147575 -0.30746565  0.38613004 -0.73062675  0.26180006 -0.236984\n -0.0442394   0.44358675  0.57279275  0.18630174 -0.09833294 -0.03794173\n  0.4766264  -0.36905074  0.73933397  0.52623888  0.40491186 -0.39289999\n  0.51927077 -0.54707757 -0.2232402  -0.69481637 -0.21556208  0.65438815\n -0.03755763  0.10648566 -0.30754701  0.19366823  0.51490599 -0.20090652\n  0.18857283 -0.18683738 -0.17895869  0.3451288  -0.21480201 -0.41631227\n  0.03064811  0.12528359 -0.67561765 -0.14659432 -0.25272873 -0.13930328\n -0.02739326  0.65069372 -0.36087904  0.58859184  0.06987723  0.60848266\n -0.4144212  -0.23908456 -0.29135712  0.29616983  0.20807209  0.09207489\n  0.01431449  0.09161227  0.01150711  0.06847349  0.05664318  0.42971436\n -0.77180912  0.15237124  0.59281713 -0.11124714  0.28434213  0.32505226\n -0.51843198 -0.26725625  0.50126641 -0.1423765   0.14814089  0.45507306\n -0.13957816 -0.09265695 -0.7587047  -0.50825795 -0.07910394 -0.62983935\n  0.28411935  0.07009631]",
    "olfactory": "[-0.33809794 -0.36318279  0.22760479  0.42436217  0.05288928  0.27281422\n  0.01299697  0.21373967 -0.14947953 -0.37125528  0.16768114  0.36577599\n -0.19201382 -0.08309263 -0.14206815  0.12055224 -0.11414155 -0.14127386\n  0.06351688 -0.19436624 -0.08570274  0.05769994  0.01942086 -0.06594743\n -0.00310962  0.09872255  0.05208705 -0.36720785  0.13945256  0.09573344]",
    "pheromonal": "[ 0.21297871  0.30305    -0.09262959 -0.20490581 -0.09806581  0.06867961\n  0.05158258 -0.19725243  0.09746863  0.39134017 -0.06449871 -0.57967284\n  0.1240884  -0.28368279  0.09186915 -0.13179349  0.33405478  0.01630246\n  0.07332253 -0.00565521  0.42482179 -0.24580193 -0.21749067 -0.10499294\n -0.06718739 -0.39022909  0.05434568  0.36950129  0.14539273 -0.18610462]",
    "mechanosensory": "[ 2.37570693e-01 -1.43616427e-01  1.03894694e-01  2.15779337e-01\n -1.30105012e-01 -2.22001066e-01 -2.35793057e-02  2.80492837e-02\n  7.40834533e-02  1.14292609e-01 -1.38326470e-01 -1.42236305e-01\n -1.09151201e-01 -1.19080684e-01 -2.39623986e-02  2.37811694e-01\n -1.24211903e-01 -2.40972937e-01  1.47024308e-01  6.67462959e-02\n -2.04733317e-04  1.07636347e-01  1.05824438e-01 -3.84555755e-02\n  8.18358654e-02 -4.91197097e-02  6.83288608e-02  2.24248563e-01\n  2.54056328e-01  2.69093132e-01 -1.09396097e-01  7.73476999e-02\n -1.76429022e-01  2.55800287e-01 -3.98524705e-02 -3.25835380e-01\n -1.02699131e-01 -7.93751351e-02  1.27816448e-01 -2.63429539e-01\n  8.49842386e-03 -2.24679227e-01 -1.13835634e-01 -2.54633474e-02\n  1.83420129e-01  1.78767987e-03  2.40264042e-01  7.27463784e-02\n -4.80618193e-02  3.40790745e-02  4.80684277e-02 -1.34934356e-01\n -9.11978150e-02  3.34929810e-02 -2.37804683e-01 -3.60601838e-02\n -1.39369100e-01  1.42519111e-01  8.14110642e-02  1.50848503e-01]"
  },
  "neural_activity": {
    "mushroom_body": [
      0.4924007237947772,
      0.14693464607642892,
      0.767210702383254,
      0.6248820631260946,
      0.9864482839136465,
      0.33642038262559837,
      0.4422341246408278,
      0.9350583906263176,
      0.8758108280827299,
      0.364067756289724,
      0.02099672115939233,
      0.3653858631904884,
      0.8151629850456615,
      0.6140212660019688,
      0.32891618603502437,
      0.18893806693942827,
      0.7905736907455317,
      0.49916065962944123,
      0.19717420637235406,
      0.9213049964468009,
      0.447226947943287,
      0.7632966728025157,
      0.8032316000008118,
      0.5535376916288629,
      0.07895300729288246,
      0.37207011325454553,
      0.17281634483101527,
      0.9955464920855303,
      0.7331206509221954,
      0.5386381999688542,
      0.39924139702265893,
      0.2069417262349741,
      0.18638278300294076,
      0.5276332937882693,
      0.6015984856107799,
      0.738477463568368,
      0.012070075146157544,
      0.39691921306107414,
      0.9742478701988332,
      0.24929524690375904,
      0.2769088846934247,
      0.5292959918493957,
      0.07966113583142909,
      0.21578219897423678,
      0.7698762304225306,
      0.28290490199427065,
      0.9405319902264295,
      0.6002708120426894,
      0.45739250176265134,
      0.4463890668275149,
      0.9356395009266144,
      0.2565397437437217,
      0.45391089141763574,
      0.6693230026315135,
      0.02617703582476605,
      0.02531896787827681,
      0.5251034861530219,
      0.7031803637078137,
      0.058529304862222964,
      0.01939748304062039,
      0.5974268143442467,
      0.12381889677257696,
      0.6523379317512753,
      0.9321946265931902,
      0.591086092657511,
      0.1240378689225623,
      0.9362653987395712,
      0.5070649457786084,
      0.0919345703443104,
      0.7666644812076299,
      0.08779127460972835,
      0.33673866917057105,
      0.5896370886961854,
      0.2909284330490943,
      0.7323145070044182,
      0.7236888826592979,
      0.5710198786593059,
      0.7176901664961559,
      0.24203636076752333,
      0.41260492944946736,
      0.8738631246179162,
      0.4024116122514887,
      0.24035654060282785,
      0.3736574116109701,
      0.03336379466983419,
      0.6106387280493265,
      0.9364508555576203,
      0.22944403673237168,
      0.4365801853721185,
      0.8738519447485829,
      0.5050267126920194,
      0.453349231079773,
      0.993777465048396,
      0.3051647484911183,
      0.5080186252800102,
      0.5197698326970429,
      0.18403870897738006,
      0.28479427375720423,
      0.10024162543381976,
      0.18808052763581162
    ],