{
  "step": 15,
  "insect_id": "Honeybee",
  "timestamp": 1753377433.892488,
  "sensory_input": {
    "visual": [
      -1.52544909788242,
      -0.32499265421711787,
      -0.5375555030692495,
      0.2064722048422731,
      -1.1716761622670446,
      2.4359325192971504,
      -1.0950846027710452,
      0.9287329189221858,
      0.3719631960973665,
      1.7707643928096646
    ],
    "olfactory": [
      -0.023345618898009,
      1.5313389861430597,
      -0.09459224893616447,
      -1.8950944495456703,
      -1.857501623109248
    ],
    "pheromonal": [
      0.1016961361734775,
      -0.543168404459399,
      -0.22201346257271234
    ],
    "mechanosensory": [
      -1.2518010880183161,
      -0.15204985567480886,
      -0.6175715326043174,
      2.4514616155366156
    ]
  },
  "processed_output": {
    "visual": "[-3.98480738e-01 -7.49958763e-02  6.56862130e-01 -1.10833141e-01\n -6.09144713e-02  3.13886042e-01 -3.90176452e-01  1.92840355e-02\n -4.20145916e-01 -6.45636043e-02  1.01353768e-01  5.22624104e-01\n  1.61163434e-01  2.37182950e-01 -5.44139730e-01  3.77337781e-01\n -1.91377593e-01 -3.39151640e-03 -4.32339413e-01 -3.31712518e-02\n  3.62648803e-01  3.48145528e-01 -2.36402673e-01 -2.86226941e-01\n -3.80572542e-01 -2.25139619e-01 -5.49169903e-03  3.87200029e-01\n  1.69253563e-01  1.33566205e-01 -3.09949146e-01  4.83930835e-01\n -5.48120944e-02  5.45772630e-01  4.11686909e-01 -4.02835185e-01\n -1.68147191e-01 -8.03305015e-03 -2.13543230e-02  5.03384438e-01\n  4.48535360e-01  4.49012351e-01 -3.57115250e-01 -3.37306465e-01\n -3.09703919e-01 -2.42875980e-01  8.45270720e-02  3.75352273e-01\n -6.21778555e-01  5.82015939e-01  1.22700967e-01  3.16961778e-01\n -2.46762922e-01 -2.26517479e-01  6.14519117e-01 -4.04543949e-02\n -3.55771630e-01 -3.32625131e-02  2.64783917e-02 -3.26685600e-01\n -4.35568388e-02 -2.25462913e-01  6.36297028e-01 -3.62576086e-01\n -6.11997914e-01 -2.09763588e-01 -4.02504303e-02 -1.57075801e-01\n -1.29581506e-01 -7.36102805e-02 -3.76390845e-01 -3.52299037e-01\n -5.01844299e-01  2.79714018e-01  2.82070003e-01  2.20860541e-02\n  2.55100711e-01 -3.44063004e-01 -2.59800104e-01 -4.13109870e-01\n  1.88843494e-01  1.77896181e-01  1.40637757e-01  4.46318871e-01\n  2.65352512e-01 -2.55336671e-01  2.75840558e-01 -2.45004311e-01\n -3.57943265e-01  2.04054905e-01 -6.29495908e-02  7.19983607e-01\n -4.81372045e-01 -4.94202369e-01 -7.35434521e-01 -3.86428007e-01\n  2.25413387e-01  1.91847338e-01  1.39323942e-01  3.19463621e-02\n -6.14092729e-01  3.19902004e-02 -2.57633679e-01  2.08697109e-01\n  6.41870168e-01 -5.00489310e-02 -5.28691547e-01  2.31389285e-01\n -1.35502563e-02  1.27783235e-01 -1.21933767e-01  3.22494486e-01\n -2.09150720e-01 -5.35171383e-03  1.51289767e-01  1.19272254e-01\n -1.67213619e-02  4.92700221e-01  3.52307122e-01 -6.98571469e-01\n  5.48809653e-01  2.37553063e-01  4.16120302e-01  6.34340276e-01\n  1.96504386e-01  2.37086709e-01 -1.99263774e-01 -1.28284032e-01\n -4.35088913e-01 -2.24281419e-01 -7.04628527e-01 -4.31521968e-01\n  2.83841041e-01 -1.66600933e-01 -3.35565876e-01  2.80463779e-01\n  1.06177993e-01  8.83389849e-01 -7.72271992e-02  3.99170198e-01\n  3.47864307e-01 -1.23104735e-01 -7.19660141e-01  1.27055644e-01\n -1.68633369e-01  1.54454589e-01  1.32196351e-01 -5.83446714e-01\n  2.02926810e-01 -3.75518417e-01 -2.91420195e-01 -4.77866129e-01\n  2.73795979e-01  1.20285347e-01  5.94844356e-01 -5.26713069e-01\n -2.63532549e-01  1.67063787e-01  1.46524961e-01 -1.47289916e-01\n -4.11235189e-01  5.81224238e-01 -4.06739649e-02  3.84816435e-02\n  1.58016384e-01  2.16259597e-01  3.63275870e-01 -4.30801066e-01\n -8.39042654e-02  2.82109070e-01  1.94141309e-01  8.30054789e-02\n  4.64809616e-01  3.65205304e-01  6.19847801e-01 -3.49300911e-01\n -6.01647301e-01  1.27684320e-01  9.25695076e-02 -5.16895485e-01\n -4.79130414e-01  1.36561091e-01  2.81257706e-01 -2.67546213e-01\n  1.70312039e-01  1.52015982e-04 -1.41342640e-02 -5.06175769e-01\n -1.39038999e-01  2.27382700e-02  6.06296350e-01 -4.00076870e-01\n -2.06083446e-01  1.20459578e-01  4.23145661e-01 -4.93837229e-01\n  4.14201155e-01  7.74690341e-02 -4.93575220e-01 -2.72370304e-01]",
    "olfactory": "[-0.00785122 -0.46240827  0.14064636  0.22633461  0.57772833 -0.06742971\n -0.57254919  0.12892254 -0.00161603 -0.31081017  0.40858163  0.5819\n -0.33042508 -0.23451019 -0.23072167 -0.19286353  0.32805199  0.33412235\n  0.54037481 -0.24390595  0.17288118 -0.32489631  0.04827845 -0.13877268\n  0.735813    0.0296677   0.04896332 -0.35888131  0.10034943 -0.29777029]",
    "pheromonal": "[ 0.02272376 -0.02377806 -0.08494546  0.07110623  0.01983772  0.00730285\n -0.00356701 -0.01718695 -0.12299871  0.11692974 -0.08249777 -0.09099553\n  0.01757109 -0.03209748  0.08377038  0.10112844  0.02684552  0.01768952\n -0.10254509 -0.10731515  0.02609349  0.02850544  0.09224803 -0.02048136\n -0.06128064 -0.05993023  0.00510278  0.0769483   0.10616667  0.02352775]",
    "mechanosensory": "[ 0.29077042 -0.35841745 -0.02268246 -0.30198647  0.11509806  0.04188983\n -0.03753998  0.32017418  0.33872006  0.00411872  0.10942338 -0.51948561\n  0.03419218 -0.08955875 -0.29989733 -0.12351685 -0.57828811  0.43452042\n -0.04379117 -0.05206358  0.01507003 -0.2640236   0.3941809   0.42104616\n  0.16303443 -0.26950587  0.30180947  0.06703121  0.20398305 -0.13636365\n -0.06558173 -0.48203636  0.15574458  0.02059433 -0.29445419  0.16465638\n -0.08771006 -0.01437578 -0.06387291 -0.10546902  0.13878238  0.66238412\n  0.08241546  0.15885671  0.07053284 -0.24234899 -0.00540793  0.4012823\n -0.14848431  0.29832247 -0.50665693  0.24051478  0.22463626  0.09616537\n  0.21315597 -0.18818064 -0.29363368 -0.45565665 -0.29459122 -0.41234552]"
  },