{
  "step": 68,
  "insect_id": "Ant",
  "timestamp": 1753377473.733622,
  "sensory_input": {
    "visual": [
      0.5184988857461945,
      0.8807072994601568,
      0.22141509399447523,
      1.2003604260404648,
      0.1003504804476861,
      -0.141568046193967,
      0.04534128026154802,
      -1.282527887456719,
      1.5006683951482604,
      1.7566081343130728
    ],
    "olfactory": [
      0.5485223768259834,
      0.6249103687572358,
      0.1355786773296799,
      0.32768555108221914,
      -1.1807510159757533
    ],
    "pheromonal": [
      -0.3353528911469228,
      -0.23418398626156645,
      -0.3225854215855278
    ],
    "mechanosensory": [
      -1.5848001926037816,
      0.6285987942545441,
      1.399486609300944,
      0.639654516192914
    ]
  },
  "processed_output": {
    "visual": "[ 3.34756604e-01 -4.44918272e-02  2.03922975e-01  1.05562656e-01\n  2.89036616e-01  1.90042088e-01 -5.82958380e-02 -1.78181427e-01\n  1.18121889e-01  6.32966650e-02  1.15678842e-01 -4.41344245e-02\n -1.51236163e-01 -2.96879047e-01  1.53892845e-01  1.32994022e-01\n -2.96057426e-01  1.70418529e-01  7.03677324e-01 -3.27646346e-01\n -4.18700620e-01 -7.28159512e-02 -3.27363006e-01  2.80800432e-01\n  6.23735422e-01 -1.98383098e-01  2.99619086e-01 -1.08193123e-01\n  3.81575201e-01 -4.07588572e-01 -2.36943424e-01  1.31392842e-01\n -1.68025483e-01 -1.68682586e-01  5.98706965e-01  1.35813805e-01\n  2.32930360e-01 -5.97511118e-01 -4.51149506e-02 -6.79451475e-02\n  2.33949061e-01 -2.22871079e-01 -3.72071985e-01  2.73120328e-02\n -2.29869220e-01 -2.76959917e-01  2.18899645e-01 -1.97051902e-01\n -4.10531331e-01  3.54213072e-01 -1.26839637e-01  1.16474356e-01\n -9.03239280e-02 -1.66859743e-01 -1.88322548e-01 -7.13719041e-02\n  7.99239119e-02 -1.29017922e-01  8.58820463e-02  1.41982206e-01\n  5.43570050e-02  2.03976742e-01  2.30751497e-01 -9.93285899e-02\n -1.42147693e-01 -5.29737783e-01  1.45600091e-01 -3.84220439e-02\n -5.22295890e-01 -2.47987529e-01  6.89325920e-01 -2.58539677e-01\n -6.99270185e-01  6.51978074e-02 -2.93205929e-01 -7.36189934e-02\n -3.38840580e-01 -2.68703775e-01 -2.48534391e-01 -3.74246555e-01\n  1.05310173e-01 -3.25900174e-01 -4.70579770e-02  5.11952033e-03\n  1.83449200e-02 -9.18264357e-02 -1.49113300e-01  3.03156483e-01\n -1.89329379e-01 -5.04571409e-02  5.30022560e-02 -1.88056690e-01\n  1.92727613e-01 -7.34561418e-02  2.54391060e-01 -2.66670830e-01\n -3.57294552e-01 -5.45015933e-01 -5.36634166e-01 -1.30179713e-01\n  6.85358839e-02  3.61482843e-01 -1.43826551e-01  7.19951639e-04\n  3.40657496e-01  2.02362811e-01  1.69136773e-01  5.33394299e-01\n  6.58383391e-02 -3.86487572e-02 -4.10449947e-01  5.92113823e-02\n  2.52151592e-01  5.21062942e-01  7.46583602e-02  2.77640134e-01\n -4.00232722e-01 -2.20723514e-01 -3.74576330e-01  5.35454824e-01\n  5.11377690e-01 -1.93605948e-01  3.19605456e-01  1.90677580e-02\n  1.03125584e-01  3.11495412e-01 -7.16101146e-01  3.98688983e-01\n  2.63852446e-01  3.08617007e-01  4.93076436e-01  3.66854286e-01\n -2.49941336e-01 -1.02011218e-01 -3.65836159e-04  6.13918510e-02\n  1.88685452e-01 -1.45439736e-01 -1.78671142e-01 -1.24268964e-01\n -4.86345886e-02 -4.55186412e-01 -2.32214154e-01  1.37876717e-01\n  2.88069943e-01  4.68478983e-01 -4.67209149e-01  3.42432863e-01\n -8.91751022e-02  1.34228658e-01 -2.23885646e-01 -2.88297200e-01\n  1.44324754e-02  5.89590331e-01 -2.58569210e-01 -9.60278541e-02\n  7.48712298e-02 -2.47897449e-01 -2.25024700e-01  1.64741940e-02\n  3.59390839e-01  1.77595806e-01 -2.42799327e-01  1.37585920e-01\n -8.01202346e-02  5.01545683e-01 -3.16854757e-01  3.93195813e-01\n -2.06167491e-01 -1.96436372e-01  2.37874608e-02 -7.53865112e-02\n -1.57803283e-01 -1.78815133e-01 -2.31162423e-01  5.36539186e-02\n  4.94703033e-02 -2.12922475e-01 -1.06324400e-02  2.11908511e-01\n -3.90009172e-01  2.72358797e-01  2.75821661e-01 -4.15299065e-01\n  4.50477652e-01  4.20506317e-02  1.65338124e-01  1.71066321e-01\n  5.99124623e-01 -1.18844897e-01  2.48214851e-01 -1.71298080e-02\n -6.04712167e-02  2.78702586e-01 -2.38752249e-01  1.80718811e-01\n -2.63761086e-01  3.42400312e-01 -6.93752323e-03  1.82329726e-01]",
    "olfactory": "[-0.41339066 -0.04447658  0.30911425  0.2059489   0.0751082   0.15921905\n  0.12068843 -0.13603671 -0.28259889 -0.15194925 -0.02437856  0.26703949\n  0.08736385 -0.19170422  0.00544639  0.21311959  0.05994576  0.05830958\n  0.09499116 -0.23598902 -0.23221757  0.19175378 -0.09768222  0.16553287\n -0.03428832  0.17554753  0.04681467 -0.13215109  0.04702324  0.01293343]",
    "pheromonal": "[ 4.29730205e-02 -9.57895366e-03 -2.71692457e-02  1.57381243e-02\n -4.90693206e-02  6.14281730e-02  1.78850596e-02  6.66990188e-02\n  4.35941115e-02  6.13608868e-02  4.35254027e-02 -1.10733928e-01\n -2.56971791e-02 -5.02484754e-02  1.33273825e-03 -1.22110408e-02\n  6.40010644e-03 -3.21127417e-02  5.79283816e-02 -1.81227302e-02\n  7.25873374e-02 -7.52423612e-02 -5.47840893e-02 -1.04680848e-01\n  7.58140017e-05 -6.14960815e-02  4.51030975e-02 -1.53448937e-04\n  4.44290048e-02 -4.74410491e-02]",
    "mechanosensory": "[ 0.15834538 -0.34372905  0.05790554  0.20518493 -0.13092982 -0.20186195\n -0.25661808 -0.1046101   0.01698998  0.43031153 -0.2860335   0.40706524\n -0.12490374  0.16314021 -0.09477444 -0.29499921 -0.13346102 -0.27918301\n  0.07147935 -0.00931034 -0.10405133  0.20270851 -0.06373727 -0.07714464\n -0.02445376  0.07807213 -0.19829289 -0.06631514  0.23792318 -0.24785185\n  0.03505647 -0.0969103   0.18310934 -0.04944911  0.2862869  -0.17495141\n -0.19875895  0.26906326  0.0922366  -0.21218871  0.21416555 -0.334613\n -0.0584742   0.06465047 -0.00321567 -0.12245414  0.1524449  -0.05327972\n -0.15360117 -0.09096707 -0.45821468 -0.09489851 -0.13716129  0.09910007\n -0.12736708 -0.0089991   0.31284274  0.23112383 -0.22521523  0.25619395]"
  },