{
  "step": 61,
  "insect_id": "Ant",
  "timestamp": 1753377473.642946,
  "sensory_input": {
    "visual": [
      0.5759572801040492,
      -0.7755031032524873,
      1.1645460715605178,
      -1.4488245964687394,
      0.770487673808141,
      -1.4301365472350214,
      0.9630061220023439,
      0.6813532336721667,
      -0.035508111809213115,
      0.20953866259355128
    ],
    "olfactory": [
      -0.8059317252805153,
      -0.0825864722998489,
      -1.6403511290937989,
      -2.305781587643085,
      -0.8571705726629157
    ],
    "pheromonal": [
      -2.0366270619597904,
      0.12376280704492768,
      0.30548396717342435
    ],
    "mechanosensory": [
      0.10797896073349131,
      -0.3474386281551152,
      -2.004954238695358,
      -0.34072481776471975
    ]
  },
  "processed_output": {
    "visual": "[-2.23050651e-01  5.10263315e-01  3.67576263e-01  3.32685046e-02\n  1.21874308e-01 -4.79980161e-01  2.22858881e-01 -8.73139493e-02\n  1.33249921e-01 -2.62908119e-01 -4.46465067e-01  2.84663701e-01\n  6.16669155e-01  6.32201315e-03  7.50968440e-02  6.49698323e-02\n  5.37448024e-01 -3.55264689e-01 -4.23950648e-02 -1.51039265e-01\n  8.10659772e-02 -5.85758334e-03  4.95259936e-01 -3.23296555e-02\n -3.55068948e-01  1.00663134e-01 -1.55776319e-01  6.68747003e-02\n -4.70573465e-02  1.59950716e-01  1.94753253e-01  2.31968507e-01\n -1.75865015e-01  2.63259773e-01 -6.24223973e-02 -1.30286526e-01\n  1.97901670e-01 -2.10764098e-01 -4.36594061e-01 -2.66371445e-02\n  5.19516684e-01  3.16061548e-01  1.66703571e-01 -3.64457882e-01\n  3.05219724e-01 -1.14318213e-01  7.77440685e-02  4.89298673e-01\n  3.49042368e-02 -3.98308103e-01  3.70577497e-01  2.58427824e-01\n  5.15240855e-02  2.95685851e-01 -3.24349070e-01 -3.66794359e-01\n  3.73819391e-01  2.12811945e-01 -1.34589937e-02 -3.15891993e-02\n  1.67088041e-01  1.78384050e-02  3.74040799e-01 -4.87754849e-01\n  4.38308584e-02  3.15551351e-01  1.39772438e-01 -1.16048880e-01\n  2.54860071e-01 -6.82861442e-02  1.21319918e-01  2.09488769e-01\n  4.75191680e-01 -5.84094045e-01  4.34519783e-01 -1.41327986e-01\n -1.04264521e-01  1.47842251e-01  1.47964324e-01 -1.52388936e-01\n  1.95842367e-01 -3.34689205e-01  1.28658291e-01 -1.50926674e-01\n  5.77754516e-02  1.19701532e-01 -2.81653535e-01  2.41330899e-01\n  2.77922092e-01  2.09678851e-01  2.51677248e-01  4.43250147e-01\n -1.39343073e-01  1.30762338e-01  1.50414270e-01 -1.49947221e-01\n  1.51096420e-01  3.51256123e-01 -7.63251475e-02 -1.73024695e-01\n -3.75344524e-01 -3.56164355e-01  3.31734189e-01 -3.18657009e-02\n -2.82262811e-01 -3.07149188e-02 -2.20988645e-01 -1.40571715e-01\n -4.97619854e-01  4.22621982e-02  6.00025217e-01  2.83738093e-01\n  8.74569321e-02 -2.29744314e-01  2.57899790e-01 -3.44408135e-01\n  4.90000003e-02  7.35907418e-02  3.27509726e-01 -9.01103192e-02\n -1.40679899e-02  3.42335604e-01  3.31463835e-01  1.70384718e-01\n -4.85049913e-02  1.88499859e-01 -1.02255548e-01  4.35609636e-01\n -2.46907448e-01 -1.89509306e-01  1.60671121e-01 -5.37832032e-01\n -6.17152525e-02 -3.65925768e-03 -2.42355346e-01  2.86158374e-01\n  4.50744913e-01  4.63851575e-01  1.07760142e-01  1.76239741e-01\n  5.87104264e-01 -7.95042925e-02  1.85097676e-01 -2.43087570e-01\n  1.77253228e-01 -2.29667778e-01  1.45385756e-01 -4.90495152e-01\n  6.85205614e-02  2.12115786e-02 -1.65170805e-01 -3.09339631e-01\n -1.07437775e-01 -4.36124998e-01  8.65849379e-02  1.04009185e-01\n -9.95788053e-02 -1.41015476e-01 -1.64393173e-01  3.05391470e-01\n  3.26315160e-01  3.18019583e-01 -1.25933634e-01 -5.28482861e-04\n  4.81223845e-02 -4.58896665e-01 -2.18978859e-01 -5.82197258e-01\n -2.47506959e-01  1.67405370e-01  4.97075268e-01 -2.36520192e-01\n -7.87493414e-02 -2.96180088e-01  2.57058026e-01 -7.14497347e-02\n  1.31129755e-01 -3.84341710e-01 -2.47442817e-01 -1.11477498e-01\n  1.13917082e-01 -2.99381581e-01 -2.76133800e-01  3.36443803e-01\n -1.18674069e-01  3.40148131e-01  6.85365797e-02  3.54137011e-01\n -1.10600992e-01  2.35033375e-01 -2.64922463e-01  2.02487793e-01\n -9.00620627e-02  6.84744718e-01  4.53720283e-01  7.94740130e-02\n  4.77109644e-01  3.29744239e-01  2.74804918e-01 -3.39102318e-01]",
    "olfactory": "[-0.13610614 -0.4000876   0.10911323  0.47794419  0.06226263  0.44426222\n -0.107262    0.2757713   0.07191007 -0.34992985  0.28110134 -0.11141213\n -0.38940568 -0.28970524 -0.24530165 -0.21629882  0.17948877 -0.36411833\n -0.02231656 -0.13509758  0.59417077 -0.32002565  0.02042677 -0.31642052\n -0.09900071 -0.46755267  0.01700832 -0.25335354  0.42190747  0.0805801 ]",
    "pheromonal": "[ 0.22128408  0.30701749 -0.09029483 -0.20622663 -0.087922    0.01427638\n  0.03162782 -0.25302393  0.05912903  0.36681756 -0.11013711 -0.53535982\n  0.15665073 -0.23833253  0.08810934 -0.10502441  0.3218108   0.05157929\n  0.02864996  0.01042761  0.37927464 -0.19550627 -0.19091536 -0.01014747\n -0.05185325 -0.35608233  0.02565167  0.39635976  0.10441365 -0.15589313]",
    "mechanosensory": "[ 2.00893125e-02  7.17593150e-02 -2.04985133e-02  3.44173173e-02\n  9.38007109e-02  8.51151885e-02  2.57922921e-01  2.03997048e-01\n  9.40512260e-02 -1.60621824e-01 -9.71627210e-02 -4.50154257e-01\n  5.14472213e-02 -3.71492262e-01  7.33367719e-04  4.65704583e-01\n  3.09696321e-02  4.54030267e-02 -6.75780681e-02  9.35782762e-02\n -9.53096947e-02 -2.02061112e-01 -8.49255275e-02 -5.81969662e-05\n  9.34067620e-02 -8.16023637e-02  1.24940630e-01  2.96748721e-01\n -5.86959150e-02  5.62762491e-01 -1.41307641e-01  5.58933595e-02\n -2.19058436e-01  1.93502397e-01 -5.80719500e-02 -1.24462501e-01\n  1.17453949e-01 -2.38753560e-01  3.78615534e-02  4.60138328e-02\n -1.59570128e-01 -1.04225873e-01  4.12443196e-02  8.79955615e-02\n  2.49686428e-01 -5.84635269e-02  1.40568971e-01  4.16646111e-02\n  4.16356848e-04 -4.74678681e-02  4.71407207e-01  6.24944380e-03\n -5.21933996e-03 -4.78841065e-02 -7.85850984e-02  1.09157197e-01\n -3.18339537e-01 -4.93196241e-02  1.79242338e-01 -1.07272527e-01]"
  },