{
  "step": 45,
  "insect_id": "Honeybee",
  "timestamp": 1753377453.6881506,
  "sensory_input": {
    "visual": [
      -1.9144032097020354,
      1.023163299635574,
      -0.41941467054134207,
      -0.8440689647311407,
      -1.2196546471722072,
      1.645164347362871,
      1.4118756813301756,
      0.137463389807497,
      1.2955544770957093,
      -0.7535445635454012
    ],
    "olfactory": [
      -1.0372100906720265,
      -2.47727623666851,
      0.4256209547396768,
      0.6871798968276087,
      -0.19014341482797317
    ],
    "pheromonal": [
      0.8290600834474454,
      0.1183580726182059,
      -0.28899025874575457
    ],
    "mechanosensory": [
      -1.289887143615835,
      1.4352451435237672,
      1.167117527840923,
      0.15685951961135447
    ]
  },
  "processed_output": {
    "visual": "[-0.36436337 -0.19198681  0.37186883 -0.15823788 -0.00451951  0.63317986\n -0.24389282  0.33210508  0.01333813 -0.39478109 -0.22939461  0.39359257\n  0.57792331  0.0737637   0.02085311  0.02767053  0.11087866 -0.41620031\n  0.3768708  -0.06441264  0.1170804   0.19334736  0.38070747 -0.06707963\n -0.03293397  0.47305483 -0.11108265  0.15774706 -0.36694743  0.18326323\n  0.53757848  0.52004455  0.14660341 -0.19087646  0.1446472  -0.17812602\n  0.05392896  0.55612225 -0.20335469 -0.22190746  0.42904997  0.45578338\n -0.27180361 -0.08159513 -0.01856686  0.04098251  0.22183116 -0.07423345\n -0.54272988  0.57432506  0.46855831  0.2866777   0.10029755 -0.40361288\n  0.73107519  0.07569422 -0.14068025  0.05793851  0.32158999 -0.49664742\n  0.06877682 -0.34064821  0.67752605  0.21700856  0.17873028 -0.26533939\n -0.13856235 -0.27202659 -0.4240143  -0.12851752 -0.63830569 -0.25159202\n -0.1748277   0.53726469 -0.09714418  0.54097108  0.51528762 -0.04932732\n -0.54463388  0.15065952  0.42197068  0.05101237  0.50994832  0.13280052\n -0.02397486 -0.80352263  0.16907212 -0.54043948 -0.61177773  0.17165159\n -0.00454087  0.13852827  0.0490615   0.2448847  -0.75621878  0.68630382\n  0.00178826  0.10220059  0.43296421 -0.06671304  0.23128685  0.10493699\n -0.65610149  0.23250749  0.4957909   0.56823829 -0.59455075 -0.47278169\n  0.23812288 -0.16125548 -0.13568017  0.06822903 -0.42665972  0.28827643\n -0.08195017  0.20441347 -0.07070515  0.15488354  0.27207088 -0.4771712\n  0.09498413  0.26129253  0.25180032 -0.305676   -0.08767459 -0.25547016\n -0.06240439  0.1199539  -0.40475215 -0.799494   -0.60729963 -0.58944311\n -0.16831612  0.42968342  0.29339893  0.37560837  0.63649162  0.81782727\n -0.06105086  0.006816   -0.16391426  0.20888353 -0.19302404  0.24568186\n -0.64009453  0.26735643  0.21972814 -0.43858759 -0.30363879 -0.24298464\n  0.27793367 -0.0050978  -0.00278177  0.46052914  0.19964273 -0.20947323\n -0.27316373  0.54573908  0.27056591 -0.61796486 -0.62869858  0.06450504\n -0.24028408  0.34614842  0.14263638 -0.52246275  0.38746604 -0.1206797\n  0.50778345 -0.68146719  0.62825664  0.43836424 -0.02893378  0.23353737\n -0.07623834  0.38727907 -0.29157038 -0.0661849  -0.27560635 -0.32770637\n  0.7454348  -0.06979889  0.07536357 -0.62201816  0.08294174  0.13679039\n  0.41967544 -0.32217794 -0.0775205   0.15290362  0.19650451 -0.18557441\n  0.4175542  -0.25931856  0.127416   -0.61024839  0.15126403  0.1029074\n -0.35644561 -0.38979586]",
    "olfactory": "[ 0.07254839  0.3503906  -0.212279    0.47718036 -0.3774396   0.36540571\n  0.18810915 -0.20692347 -0.15812215  0.34862031 -0.43761606 -0.1820038\n  0.1674088  -0.07036043  0.07442598  0.17154074  0.09601947 -0.09835317\n -0.28410281  0.04803656 -0.01692403  0.17737707  0.37037982  0.20686339\n -0.58591393 -0.26311997 -0.04522745  0.33868888  0.1083118   0.0665595 ]",
    "pheromonal": "[ 0.04095087 -0.12601112 -0.02078485 -0.12827003  0.03842105 -0.17363273\n -0.02967972  0.01417592 -0.06727151  0.06502293  0.03096046 -0.05168669\n -0.09023003  0.03041967  0.06375821  0.14868541  0.01887723  0.03196794\n -0.07502267 -0.12025447  0.03156396  0.07709156 -0.0618902  -0.07981538\n  0.07831802  0.03209933  0.0192875  -0.02780045  0.16914097 -0.03733463]",
    "mechanosensory": "[ 0.26672643  0.24620506 -0.15162831  0.03897927  0.16931651  0.08069168\n -0.31460757 -0.0725138   0.49706159  0.00453153 -0.36242585  0.16019154\n -0.48971352  0.16334581 -0.07315221  0.39054684 -0.37560856  0.08974596\n -0.00621395  0.24305368 -0.2023139  -0.00664747  0.15177403  0.44442328\n -0.09847881 -0.16287691 -0.10420297  0.13404827  0.66448954 -0.2512295\n -0.17643604  0.10807111 -0.25335384 -0.0730763  -0.00864284  0.48335194\n  0.00489938  0.25888494  0.11859627 -0.03014276  0.04457555  0.33789973\n -0.16127122  0.31183235  0.07167794  0.0229417  -0.32213183 -0.00151629\n  0.13253162 -0.09497178  0.12913937  0.07205783 -0.40779675 -0.14150894\n  0.23610683 -0.06222071 -0.02302115 -0.04796928  0.09437987  0.34857063]"
  },
  "neural_activity": {
    "mushroom_body": [
      0.12635954055289922,
      0.6510662603041527,
      0.6627929837081565,
      0.9059514415899972,
      0.694024905970108,
      0.13032535785611132,
      0.6785700910874193,
      0.25181423548906845,
      0.9354434499568303,
      0.9820695225306735,
      0.35894562736900226,
      0.09852715118231181,
      0.294853150261539,
      0.7462912346894797,
      0.7870932401371551,
      0.07062982415768515,
      0.48313936540704683,
      0.6622209359526908,
      0.115399259873879,
      0.6872873456110286,
      0.6981114122053442,
      0.504124699964496,
      0.8683273200191458,
      0.7166708401294236,
      0.6182749276751418,
      0.6232014757378306,
      0.39529436063508416,
      0.38233751371397573,
      0.7167883560053652,
      0.44552297638641014,
      0.9047130954552666,
      0.021405918043153394,
      0.7727889117003455,
      0.6159269939967781,
      0.06738501744015668,
      0.32597272676736,
      0.3087168672643883,
      0.9038271378155378,
      0.23784856178197233,
      0.18904989841550568,
      0.2210457214133057,
      0.848521080227047,
      0.3413897391223164,
      0.9617188178997028,
      0.787246394196182,
      0.10829421222201396,
      0.6481604816985572,
      0.7469217894494218,
      0.03391105392878513,
      0.15653537504224724,
      0.9992419020899515,
      0.6853055751030905,
      0.25484180859629757,
      0.9989993979407218,
      0.6524217395054385,
      0.6347337365749102,
      0.744143846619154,
      0.5150140806392638,
      0.7356517947329767,
      0.6376489951475847,
      0.45323207581238756,
      0.37210842438874125,
      0.7037428860280608,
      0.23895712561486693,
      0.5940955300660384,
      0.9945112193658604,
      0.707620198578572,
      0.9534313058612712,
      0.7114461577312933,
      0.4395467057289705,
      0.49249444180522495,
      0.06731022572559242,
      0.27550073951848686,
      0.8881137570119427,
      0.8104454683630198,
      0.58025781616706,
      0.5300344472969072,
      0.07180701688387292,
      0.3757757212457067,
      0.300809054944117,
      0.8118121304991793,
      0.8542922211831256,
      0.9187886496881005,
      0.9817062663157549,
      0.5612733835334486,
      0.2686584688003274,
      0.5043663782398784,
      0.18781304522437448,
      0.71123547918031,
      0.2222548857108344,
      0.5264317813777212,
      0.9750138797195244,
      0.07515074344946227,
      0.2914045013201676,
      0.7958427234065533,
      0.45715523003574077,
      0.5492189810560055,
      0.28384337953527417,
      0.4591770410905638,
      0.27511237675800737
    ],