{
  "step": 57,
  "insect_id": "Honeybee",
  "timestamp": 1753377473.5775206,
  "sensory_input": {
    "visual": [
      0.2911804403852926,
      -1.2876613687597511,
      -0.3475402266667405,
      0.8368364835084365,
      -0.9541873392703579,
      -0.24450932068659947,
      -0.996446448173748,
      1.5073152768536076,
      -0.7413162079709741,
      0.9957563811732327
    ],
    "olfactory": [
      -0.3539350527140369,
      -0.2839045651718755,
      -0.6708873284986134,
      0.07100214298011188,
      0.2571848674783187
    ],
    "pheromonal": [
      2.800346379141108,
      2.442938976087643,
      1.6060245346103283
    ],
    "mechanosensory": [
      -0.6596534836434719,
      -0.5212869868194947,
      -0.3030817075186789,
      -1.1763812168999297
    ]
  },
  "processed_output": {
    "visual": "[-0.10461711 -0.26045944  0.25311161  0.24255622 -0.20670375 -0.15237263\n -0.14884349 -0.07542663 -0.06376773  0.03137809  0.12334114  0.06214439\n -0.35068276 -0.28210157 -0.50508463  0.2164828  -0.33331161  0.15177329\n -0.21200002 -0.16507001  0.21506048 -0.11856222 -0.35355813 -0.24294812\n -0.29190102 -0.22145289  0.16452939  0.17986807  0.29468616  0.16424476\n -0.22769003 -0.26255645 -0.13416058  0.65133492  0.27234322  0.10668014\n -0.00121003 -0.38216354  0.2386959   0.51560186 -0.26373352  0.07910271\n -0.22513063 -0.08135076 -0.05883718  0.06464727 -0.24028958  0.17766853\n -0.07649553 -0.02474038 -0.17264375 -0.01278596  0.08772851  0.02203198\n -0.10097069  0.02940303 -0.24064391 -0.05289175 -0.12840284  0.38895582\n -0.02114449 -0.12459157  0.03819642 -0.486177   -0.27259438 -0.01970806\n  0.32540339  0.2842114  -0.25620852 -0.36226409  0.27417398 -0.46355121\n -0.24734689  0.10437112 -0.12699241 -0.05760469 -0.41651849 -0.28415354\n  0.01332968 -0.32202049 -0.15462809 -0.12276491 -0.34205919  0.35353209\n  0.24014607  0.59760995  0.38537263 -0.00911706 -0.11050809  0.34264516\n -0.13730031  0.35417917 -0.20107531 -0.51800873  0.01973927 -0.65666481\n  0.10053371 -0.13075067 -0.09133235 -0.39980528 -0.39499691 -0.29681475\n  0.29325771 -0.08785236  0.12502699 -0.41225086  0.0966706   0.44591924\n -0.14389029  0.21684882  0.16395519  0.07844966  0.3486092  -0.5122611\n  0.36229739  0.08038112  0.16310611  0.3135578   0.00975519 -0.32961209\n  0.13693382 -0.01120966 -0.03826245  0.52456229  0.100579    0.30411468\n -0.06678202 -0.22188997  0.02215769  0.50484921 -0.09782495  0.08819614\n  0.06962492 -0.03696888 -0.13590178  0.0884711  -0.48132277  0.41725771\n -0.01168464  0.12880254  0.56323882  0.05781801 -0.19284807 -0.20475232\n  0.38727929  0.11501279 -0.01138112  0.02676895  0.3488406   0.0342289\n -0.40038303 -0.33003231  0.46874698 -0.16909964  0.37950595 -0.20334084\n -0.14461147  0.13936682  0.17470655  0.3279746   0.35858548  0.33806322\n  0.07375559 -0.18959223  0.09478821  0.31801224  0.20021708 -0.04757414\n -0.3384223   0.48294232 -0.00431205  0.11473285  0.42025276  0.26211917\n  0.68063033 -0.41606461 -0.02529493  0.33089814  0.33912095 -0.15871743\n -0.65813679  0.12867259 -0.03431726  0.3051409   0.12107674 -0.12451487\n  0.04400199 -0.27182509 -0.10503201  0.10282117  0.28755634 -0.06840593\n -0.40712233  0.340875    0.15812945 -0.14427139  0.15090991 -0.21755362\n -0.13620061 -0.21816431]",
    "olfactory": "[ 0.04088077 -0.01335832 -0.10176105 -0.00157695  0.15489083  0.00706419\n  0.00183008 -0.00065634 -0.15218382  0.03168641  0.03848414 -0.20141944\n  0.12893702 -0.08014748  0.16643838 -0.0540474  -0.04933746 -0.02460859\n -0.11036562 -0.10803206 -0.00238984 -0.12468071  0.0885569  -0.03367644\n  0.008483   -0.01823064 -0.02312916  0.14415737 -0.08941994  0.12241461]",
    "pheromonal": "[-0.13516914 -0.16789392  0.40811062 -0.55713539 -0.39908902 -0.44565142\n  0.06712928  0.1235114   0.51550021 -0.20629338  0.12026717  0.46694331\n -0.47599357  0.41473534 -0.42698109  0.25130719 -0.02519591  0.04831352\n  0.27814748  0.29474396 -0.01885965  0.44252043 -0.59474917 -0.07472949\n  0.21245133  0.29149507  0.10647627 -0.5598288   0.31654279 -0.36077403]",
    "mechanosensory": "[ 0.05024221  0.05892486  0.03534718  0.23051573 -0.03245966  0.04639672\n  0.02946458 -0.04308189  0.14151012 -0.06522345  0.0054771   0.29432347\n -0.16320687 -0.00938923  0.12196638 -0.07963599  0.03795999 -0.09767532\n  0.18906911  0.09297729 -0.08421146 -0.18388082 -0.24548262 -0.0464745\n  0.11886828  0.11208922 -0.12692828  0.05265978  0.00800846  0.1988401\n  0.17565653 -0.28650257 -0.13961573 -0.10566684 -0.1773572  -0.01321347\n  0.10012086  0.05041541  0.08873189 -0.11765857  0.06547363 -0.38046348\n  0.0520806   0.12759129 -0.03877891  0.11340169 -0.19922629 -0.22530884\n -0.04637751 -0.22462096  0.05619462 -0.04052119  0.05665594  0.16978526\n -0.10965328 -0.04070567  0.10209767 -0.04455326 -0.03143424  0.12641781]"
  },
  "neural_activity": {
    "mushroom_body": [
      0.12635954055289922,
      0.6510662603041527,
      0.6627929837081565,
      0.9059514415899972,
      0.694024905970108,
      0.13032535785611132,
      0.6785700910874193,
      0.25181423548906845,
      0.9354434499568303,
      0.9820695225306735,
      0.35894562736900226,
      0.09852715118231181,
      0.294853150261539,
      0.7462912346894797,
      0.7870932401371551,
      0.07062982415768515,
      0.48313936540704683,
      0.6622209359526908,
      0.115399259873879,
      0.6872873456110286,
      0.6981114122053442,
      0.504124699964496,
      0.8683273200191458,
      0.7166708401294236,
      0.6182749276751418,
      0.6232014757378306,
      0.39529436063508416,
      0.38233751371397573,
      0.7167883560053652,
      0.44552297638641014,
      0.9047130954552666,
      0.021405918043153394,
      0.7727889117003455,
      0.6159269939967781,
      0.06738501744015668,
      0.32597272676736,
      0.3087168672643883,
      0.9038271378155378,
      0.23784856178197233,
      0.18904989841550568,
      0.2210457214133057,
      0.848521080227047,
      0.3413897391223164,
      0.9617188178997028,
      0.787246394196182,
      0.10829421222201396,
      0.6481604816985572,
      0.7469217894494218,
      0.03391105392878513,
      0.15653537504224724,
      0.9992419020899515,
      0.6853055751030905,
      0.25484180859629757,
      0.9989993979407218,
      0.6524217395054385,
      0.6347337365749102,
      0.744143846619154,
      0.5150140806392638,
      0.7356517947329767,
      0.6376489951475847,
      0.45323207581238756,
      0.37210842438874125,
      0.7037428860280608,
      0.23895712561486693,
      0.5940955300660384,
      0.9945112193658604,
      0.707620198578572,
      0.9534313058612712,
      0.7114461577312933,
      0.4395467057289705,
      0.49249444180522495,
      0.06731022572559242,
      0.27550073951848686,
      0.8881137570119427,
      0.8104454683630198,
      0.58025781616706,
      0.5300344472969072,
      0.07180701688387292,
      0.3757757212457067,
      0.300809054944117,
      0.8118121304991793,
      0.8542922211831256,
      0.9187886496881005,
      0.9817062663157549,
      0.5612733835334486,
      0.2686584688003274,
      0.5043663782398784,
      0.18781304522437448,
      0.71123547918031,
      0.2222548857108344,
      0.5264317813777212,
      0.9750138797195244,
      0.07515074344946227,
      0.2914045013201676,
      0.7958427234065533,
      0.45715523003574077,
      0.5492189810560055,
      0.28384337953527417,
      0.4591770410905638,
      0.27511237675800737
    ],