{
  "step": 24,
  "insect_id": "Ant",
  "timestamp": 1753377434.0082045,
  "sensory_input": {
    "visual": [
      0.9439506843300807,
      0.3159660339420654,
      -0.3323796304942604,
      -1.151765819220291,
      -0.6681516162709081,
      1.334861109763714,
      -0.7989494252615033,
      -0.5501781413660924,
      0.36384472185675215,
      0.6088942055110818
    ],
    "olfactory": [
      -1.7159164099148594,
      0.05176629916531098,
      1.1093360589060315,
      -1.3931036800500867,
      -0.03804980696896658
    ],
    "pheromonal": [
      0.06219033144058855,
      0.07692950146775442,
      0.33671397380854184
    ],
    "mechanosensory": [
      -0.30880536241375484,
      -0.6689027587056929,
      1.116100353177733,
      -0.07229710882097615
    ]
  },
  "processed_output": {
    "visual": "[-0.09136256 -0.37522234  0.1442024   0.13441418  0.15499511  0.02748232\n -0.24017349  0.29792784  0.02858656 -0.06659582  0.05421717 -0.17148158\n -0.25073202  0.09437633  0.10819226  0.1951706  -0.03040809  0.18933142\n -0.34988448 -0.25822905 -0.38289065 -0.22060238 -0.41021747  0.20234766\n  0.1593425   0.04645238 -0.18674753  0.14748578 -0.19116151 -0.10150697\n  0.02569832  0.28092434  0.1367525   0.13995453  0.05464232  0.02776955\n -0.09913413  0.02965793  0.0678117  -0.28444513 -0.0399823  -0.33339011\n -0.29284556  0.37488153 -0.32928512 -0.27242934  0.15346638  0.02896511\n -0.1691678  -0.11854469 -0.02458199  0.07319277 -0.26785876  0.14781756\n  0.0248404   0.01651613 -0.29747315  0.14283465 -0.08530322  0.21990866\n  0.60323207  0.07954859  0.09402393 -0.25247608  0.05776697 -0.30726896\n  0.09390854  0.18062543 -0.09863659 -0.00797529  0.1076005  -0.1881585\n  0.04447827  0.11798987  0.07459189 -0.34899028  0.0775632   0.04815028\n  0.00841801  0.1046396   0.08292695  0.24995476  0.42268708  0.1272041\n -0.01355557  0.00207397 -0.05902176  0.19501747 -0.35650969  0.10272844\n -0.24251743  0.13119655 -0.14279023 -0.29969775 -0.14289078  0.34747537\n -0.3836886  -0.01809113 -0.46599203  0.23781718  0.12721721  0.28046828\n -0.04294846 -0.17357507 -0.46689533  0.07394336  0.09717328  0.06154284\n  0.28129566 -0.34955568 -0.37016666 -0.14736679  0.15648425  0.5721592\n -0.22660129 -0.24011855 -0.29692105 -0.17261753 -0.14969398  0.23512793\n  0.2752293  -0.03301511  0.00540653 -0.05763888 -0.03287099 -0.2421324\n -0.16077746 -0.21107667 -0.09270384  0.4958912  -0.18147576 -0.05697972\n  0.03433277 -0.52791072  0.48257153 -0.04339589 -0.07515159 -0.04349855\n  0.32233006 -0.20889802  0.32897492  0.22271887 -0.13235017 -0.14305944\n -0.28409414  0.0266817  -0.29992627 -0.01464699 -0.30076568  0.26984624\n  0.15332307  0.12866941 -0.30266177 -0.08402549  0.20179105  0.08714777\n  0.16855418 -0.10312531 -0.28166196 -0.07587462 -0.26425067 -0.06255605\n  0.16529512  0.31521255  0.06359184  0.34709993  0.00287172  0.08540928\n  0.14709793 -0.2338835  -0.21054243  0.15575898  0.28359976 -0.31586843\n  0.05896705  0.27527654  0.04673513  0.42196188 -0.02084759 -0.03524363\n -0.11620643 -0.43434224  0.19976508 -0.03814139 -0.17437886  0.02146788\n -0.16583347  0.38697379  0.07185086 -0.1130112   0.20767443 -0.11681742\n -0.20406051 -0.00614695  0.02534178 -0.24087227  0.30763021 -0.24322249\n  0.20902773  0.02695097]",
    "olfactory": "[ 0.41289122  0.08506452 -0.17939159  0.03948266 -0.10846956 -0.01013318\n -0.16626135 -0.27057337  0.04059821  0.14988552 -0.14227665 -0.48246824\n  0.04999    -0.1050154  -0.0800187  -0.14657611  0.30162168 -0.02093426\n -0.19044852  0.09024207  0.55852541 -0.2441545  -0.06380785  0.14981694\n  0.0096208  -0.50695679 -0.07808634  0.46069809  0.14791639 -0.00101606]",
    "pheromonal": "[ 0.027327    0.02076565 -0.00672119 -0.01088059 -0.00208149 -0.04329823\n -0.01506815 -0.06201639 -0.02787526  0.00269512 -0.04464465  0.01283954\n  0.03747708  0.02636087  0.0014911   0.01867888  0.00640879  0.03260545\n -0.0335679   0.01361122 -0.01984463  0.02937792  0.00816956  0.07671858\n  0.01203475  0.00870549 -0.01999508  0.05415906 -0.02815017  0.01455688]",
    "mechanosensory": "[-0.12751044 -0.05964408 -0.06337186 -0.08395793  0.06109673  0.1089699\n -0.08474388 -0.05920498 -0.04657774  0.12055042 -0.0376734   0.29024799\n  0.03416644  0.14043255 -0.03162397 -0.31156905  0.04197144  0.06238282\n -0.08833201 -0.05068952 -0.062746   -0.01316424 -0.13284249 -0.00265904\n -0.07293894  0.07699762 -0.14654246 -0.20500213 -0.11192335 -0.29781342\n  0.1030601  -0.10458545  0.2228196  -0.22432208  0.18142328  0.18594882\n -0.00122997  0.18336106 -0.05015014  0.13787756  0.09039534  0.01322444\n  0.07575228  0.07190079 -0.13000965 -0.06746454 -0.12216998 -0.08722867\n -0.03683848 -0.0820718  -0.23231778  0.07689596  0.00889439  0.01305837\n  0.13652902  0.04106176  0.24037348 -0.00551896 -0.16973931 -0.01119215]"
  },
  "neural_activity": {
    "mushroom_body": [
      0.4924007237947772,
      0.14693464607642892,
      0.767210702383254,
      0.6248820631260946,
      0.9864482839136465,
      0.33642038262559837,
      0.4422341246408278,
      0.9350583906263176,
      0.8758108280827299,
      0.364067756289724,
      0.02099672115939233,
      0.3653858631904884,
      0.8151629850456615,
      0.6140212660019688,
      0.32891618603502437,
      0.18893806693942827,
      0.7905736907455317,
      0.49916065962944123,
      0.19717420637235406,
      0.9213049964468009,
      0.447226947943287,
      0.7632966728025157,
      0.8032316000008118,
      0.5535376916288629,
      0.07895300729288246,
      0.37207011325454553,
      0.17281634483101527,
      0.9955464920855303,
      0.7331206509221954,
      0.5386381999688542,
      0.39924139702265893,
      0.2069417262349741,
      0.18638278300294076,
      0.5276332937882693,
      0.6015984856107799,
      0.738477463568368,
      0.012070075146157544,
      0.39691921306107414,
      0.9742478701988332,
      0.24929524690375904,
      0.2769088846934247,
      0.5292959918493957,
      0.07966113583142909,
      0.21578219897423678,
      0.7698762304225306,
      0.28290490199427065,
      0.9405319902264295,
      0.6002708120426894,
      0.45739250176265134,
      0.4463890668275149,
      0.9356395009266144,
      0.2565397437437217,
      0.45391089141763574,
      0.6693230026315135,
      0.02617703582476605,
      0.02531896787827681,
      0.5251034861530219,
      0.7031803637078137,
      0.058529304862222964,
      0.01939748304062039,
      0.5974268143442467,
      0.12381889677257696,
      0.6523379317512753,
      0.9321946265931902,
      0.591086092657511,
      0.1240378689225623,
      0.9362653987395712,
      0.5070649457786084,
      0.0919345703443104,
      0.7666644812076299,
      0.08779127460972835,
      0.33673866917057105,
      0.5896370886961854,
      0.2909284330490943,
      0.7323145070044182,
      0.7236888826592979,
      0.5710198786593059,
      0.7176901664961559,
      0.24203636076752333,
      0.41260492944946736,
      0.8738631246179162,
      0.4024116122514887,
      0.24035654060282785,
      0.3736574116109701,
      0.03336379466983419,
      0.6106387280493265,
      0.9364508555576203,
      0.22944403673237168,
      0.4365801853721185,
      0.8738519447485829,
      0.5050267126920194,
      0.453349231079773,
      0.993777465048396,
      0.3051647484911183,
      0.5080186252800102,
      0.5197698326970429,
      0.18403870897738006,
      0.28479427375720423,
      0.10024162543381976,
      0.18808052763581162
    ],