{
  "step": 26,
  "insect_id": "Honeybee",
  "timestamp": 1753377453.4556208,
  "sensory_input": {
    "visual": [
      0.1307112244147297,
      0.3147125832084498,
      -1.879794779035165,
      0.5736845696091014,
      0.3548763220130906,
      -1.334523576533694,
      -0.33956947088230965,
      -1.259378394594467,
      -0.04318944010546153,
      0.5975485778444778
    ],
    "olfactory": [
      -0.013327123646562189,
      0.9294576685586293,
      0.2020794555721864,
      0.18217718792313425,
      0.8464971695497006
    ],
    "pheromonal": [
      0.5048735984652465,
      -0.586798797672463,
      0.5975302441277787
    ],
    "mechanosensory": [
      -0.7458154169960025,
      -1.2617857907033918,
      -1.8153385681858307,
      1.0273751287209265
    ]
  },
  "processed_output": {
    "visual": "[ 0.16822184  0.14407637 -0.5562653  -0.2233206  -0.21995326 -0.02362774\n  0.10980588 -0.27505681  0.15006218  0.28830746  0.2159269   0.40186913\n -0.41421946 -0.05888613 -0.00663431 -0.30382256 -0.4245683   0.17065918\n -0.68439417  0.6779295   0.36235654 -0.25319501 -0.17309486  0.13099618\n -0.09441006 -0.19634335 -0.22493044 -0.1658898   0.46117583  0.12977965\n -0.06269197  0.060866    0.10913569 -0.04619848 -0.33533971 -0.2673249\n -0.08521159 -0.46287011  0.32672308  0.16690512 -0.10010299 -0.12841361\n  0.1505966   0.17617226  0.53385255  0.09521624  0.10024704  0.15576001\n  0.61633077  0.0134562  -0.18269579 -0.11906374 -0.21931881  0.2763163\n  0.09992009 -0.22430047  0.28076684  0.03626095  0.33157911  0.21034151\n -0.33459077  0.16616517 -0.37070143  0.00943509 -0.00690946 -0.09284961\n -0.28315767 -0.25297245  0.50271871  0.53202632  0.12533432  0.17352874\n  0.2034431   0.37663914  0.39075823 -0.41881064 -0.02840108  0.02137123\n  0.2709137   0.33860733  0.00083813 -0.09954732 -0.34219443  0.05998113\n  0.25054759  0.29056583 -0.06501801  0.33026653  0.03905039 -0.35309485\n  0.02773541 -0.00583818  0.36706212  0.43465146  0.23029532 -0.43111559\n  0.2979181   0.39745569  0.1043727  -0.48043511 -0.12385679 -0.19317648\n  0.06008477 -0.03258201  0.00378553  0.14873134  0.49663093  0.40574285\n  0.0699007   0.24781083 -0.18412465  0.0703338   0.18219371  0.08880138\n  0.52576356 -0.45792478  0.22857276 -0.18965966  0.02301533 -0.20903222\n -0.15029629 -0.0653426   0.18194594 -0.37281217  0.11862187  0.23169335\n  0.18811544  0.15014066  0.58852326  0.17111372  0.21330357  0.15599893\n -0.22097558  0.1736244   0.15629287 -0.10548321 -0.17759801 -0.37062892\n -0.01335454 -0.21159614 -0.09117781  0.13206912  0.20656549 -0.03092666\n  0.35696267 -0.27983221 -0.06763143 -0.06361526 -0.30379101 -0.22571378\n -0.07523773  0.11762243 -0.28777017  0.13229782 -0.02534708  0.22857163\n  0.13833344 -0.15674623 -0.09122734 -0.17389386  0.29079149 -0.22554374\n  0.24208667 -0.17420836 -0.07420872 -0.01875333 -0.18747428 -0.38032594\n -0.25693552  0.159233   -0.58096369  0.20613482  0.48731555 -0.09152617\n -0.06016741 -0.0965126  -0.08721959 -0.39957376 -0.35594289 -0.01319779\n -0.40274085 -0.34418338 -0.14321478  0.09621615 -0.17518922 -0.15554281\n -0.00917184  0.45357623 -0.1823137  -0.0888473  -0.14012339 -0.03634092\n -0.42205331  0.48481654 -0.1763235   0.29954656 -0.1859023   0.09235352\n -0.08956905 -0.00794745]",
    "olfactory": "[-1.17934049e-01  6.37819600e-02  1.22563880e-01 -2.86036297e-01\n -5.14421169e-02 -4.60685131e-02  1.53400954e-01  9.04111693e-02\n  1.88668714e-01 -1.70616965e-01  7.48595298e-02 -4.15922305e-02\n  8.60599775e-02  1.28152157e-01 -5.60626140e-02 -1.55663615e-01\n -2.05558823e-01 -8.04253372e-02  5.54796855e-02  1.85739113e-01\n -7.93596282e-02 -3.27119252e-02 -2.18838641e-01 -1.06186368e-02\n -2.62683542e-04  1.24304325e-01  7.14399049e-03 -1.00385611e-01\n -2.32231833e-01  9.17263452e-02]",
    "pheromonal": "[-0.06374499  0.03256888 -0.00505669  0.08996226 -0.21546346  0.0417512\n  0.06972918 -0.01010797  0.0190522   0.15305176 -0.23613933  0.06172138\n -0.07716094  0.08446646 -0.07670875  0.2149376   0.0409439   0.03090387\n -0.05363308  0.01114528  0.02240624  0.21490373  0.0235313   0.02044834\n -0.1954934  -0.07808627  0.04204681 -0.04934503  0.23453615 -0.06722696]",
    "mechanosensory": "[ 0.11232878 -0.40994727  0.08846751 -0.13271019 -0.03561717  0.08282566\n  0.15625476  0.3398052   0.04072808 -0.09291253  0.36665072 -0.37368977\n  0.24613867 -0.13432571 -0.10163725 -0.42490696 -0.31137725  0.26034468\n  0.14113356 -0.10838023  0.08462558 -0.34455502  0.06996462  0.06802284\n  0.32727656 -0.06916329  0.24290256 -0.00941705 -0.32911485  0.22819025\n  0.21246687 -0.6074297   0.15588409  0.05341539 -0.39351552 -0.18696254\n -0.0429335  -0.23491405 -0.10894353 -0.19308319  0.18629386  0.15306494\n  0.19885315 -0.03364469 -0.01086214 -0.15013426 -0.00063909  0.15666021\n -0.25650861  0.15081264 -0.53856801  0.1305954   0.48142577  0.3278609\n -0.0189686  -0.14936449 -0.12885838 -0.39772374 -0.34836224 -0.49487849]"
  },
  "neural_activity": {
    "mushroom_body": [
      0.12635954055289922,
      0.6510662603041527,
      0.6627929837081565,
      0.9059514415899972,
      0.694024905970108,
      0.13032535785611132,
      0.6785700910874193,
      0.25181423548906845,
      0.9354434499568303,
      0.9820695225306735,
      0.35894562736900226,
      0.09852715118231181,
      0.294853150261539,
      0.7462912346894797,
      0.7870932401371551,
      0.07062982415768515,
      0.48313936540704683,
      0.6622209359526908,
      0.115399259873879,
      0.6872873456110286,
      0.6981114122053442,
      0.504124699964496,
      0.8683273200191458,
      0.7166708401294236,
      0.6182749276751418,
      0.6232014757378306,
      0.39529436063508416,
      0.38233751371397573,
      0.7167883560053652,
      0.44552297638641014,
      0.9047130954552666,
      0.021405918043153394,
      0.7727889117003455,
      0.6159269939967781,
      0.06738501744015668,
      0.32597272676736,
      0.3087168672643883,
      0.9038271378155378,
      0.23784856178197233,
      0.18904989841550568,
      0.2210457214133057,
      0.848521080227047,
      0.3413897391223164,
      0.9617188178997028,
      0.787246394196182,
      0.10829421222201396,
      0.6481604816985572,
      0.7469217894494218,
      0.03391105392878513,
      0.15653537504224724,
      0.9992419020899515,
      0.6853055751030905,
      0.25484180859629757,
      0.9989993979407218,
      0.6524217395054385,
      0.6347337365749102,
      0.744143846619154,
      0.5150140806392638,
      0.7356517947329767,
      0.6376489951475847,
      0.45323207581238756,
      0.37210842438874125,
      0.7037428860280608,
      0.23895712561486693,
      0.5940955300660384,
      0.9945112193658604,
      0.707620198578572,
      0.9534313058612712,
      0.7114461577312933,
      0.4395467057289705,
      0.49249444180522495,
      0.06731022572559242,
      0.27550073951848686,
      0.8881137570119427,
      0.8104454683630198,
      0.58025781616706,
      0.5300344472969072,
      0.07180701688387292,
      0.3757757212457067,
      0.300809054944117,
      0.8118121304991793,
      0.8542922211831256,
      0.9187886496881005,
      0.9817062663157549,
      0.5612733835334486,
      0.2686584688003274,
      0.5043663782398784,
      0.18781304522437448,
      0.71123547918031,
      0.2222548857108344,
      0.5264317813777212,
      0.9750138797195244,
      0.07515074344946227,
      0.2914045013201676,
      0.7958427234065533,
      0.45715523003574077,
      0.5492189810560055,
      0.28384337953527417,
      0.4591770410905638,
      0.27511237675800737
    ],