{
  "step": 1,
  "insect_id": "Ant",
  "timestamp": 1753377433.7206182,
  "sensory_input": {
    "visual": [
      -0.3947441574137619,
      1.0345716323088412,
      -0.49925448382870474,
      -0.3373418588632639,
      1.426830914366402,
      1.0314542074848039,
      -0.0003330500874003226,
      0.484921045443475,
      1.4407005494487195,
      -0.10798831126823616
    ],
    "olfactory": [
      -2.4305712508718287,
      -0.26467278803837446,
      -0.14471774517544275,
      -1.8897288640521879,
      -0.6553016729705864
    ],
    "pheromonal": [
      1.9453326247003546,
      -0.6562319895044323,
      -0.753041648825503
    ],
    "mechanosensory": [
      -0.8663781444266693,
      0.9269325347129398,
      -0.8522869692587357,
      -0.1691294996540126
    ]
  },
  "processed_output": {
    "visual": "[-0.2955802   0.42997011 -0.01371478  0.30594391 -0.17688656  0.3866162\n  0.2097251   0.40059224 -0.04181367  0.25379453  0.45099946 -0.0112256\n -0.3109725  -0.39547204  0.16523181  0.02982021 -0.39734     0.21092495\n  0.09974223 -0.47531195 -0.11568498  0.05721778  0.07118215  0.265926\n -0.18523296 -0.23001872 -0.10051229 -0.17794617 -0.27624361  0.18278187\n -0.02891542 -0.07603109  0.250671    0.10767112 -0.15422501  0.0810865\n  0.20036625 -0.01685652  0.00292614  0.19030795 -0.27446451  0.00394678\n -0.07484797 -0.26253963  0.25575051  0.08086162 -0.19668696  0.29551708\n  0.28559057 -0.11191127 -0.47347512  0.45281034 -0.26994741 -0.03425457\n  0.05722127 -0.31623171 -0.17941815  0.32931562  0.07072413 -0.06166897\n  0.01712905  0.0947339   0.30798838  0.38412526  0.31700293  0.07124983\n  0.02730383  0.09565954  0.13622205  0.25369953  0.35314778 -0.44194571\n -0.33457918 -0.14600067 -0.16363707 -0.06661734  0.53427813  0.13574033\n -0.24157579 -0.03550054 -0.22413135 -0.01256644 -0.20525578  0.14094972\n  0.39169491  0.3047726  -0.03936234  0.07443929 -0.28369432  0.1113273\n  0.03145609  0.37240591  0.03520458 -0.19257066 -0.28456591  0.24922978\n  0.24061594 -0.21590469 -0.06307534 -0.35217609 -0.15879686  0.29973121\n  0.2848253  -0.18248347 -0.14921235  0.45949926  0.26145405  0.37597233\n  0.15757198  0.1139382  -0.41040447 -0.40549315  0.2209721   0.20285807\n  0.35697581 -0.17735298 -0.25351919 -0.02516508 -0.61550989  0.10040012\n  0.0648652   0.14777771 -0.21971122 -0.13648989  0.03703217 -0.12270245\n  0.45443064 -0.35607531  0.18616096  0.46877528  0.03582253  0.22257564\n -0.55554671 -0.00591715 -0.05143097 -0.2791672   0.14364021  0.27544918\n -0.37195523 -0.26606676  0.29050828  0.28513234 -0.35712017  0.56346054\n  0.19625723  0.19374107 -0.24303527  0.36183846 -0.59320893 -0.07070566\n  0.36392364  0.1500553  -0.09605215 -0.22005188 -0.1873134   0.2382301\n  0.54469394  0.05394716 -0.06137182 -0.15436245  0.23947524 -0.26526605\n -0.29543053 -0.36422852  0.05112951  0.00320316 -0.48087731 -0.14356468\n  0.0905297  -0.42999166  0.12694075  0.32734129 -0.11413107  0.0386743\n -0.08836982 -0.12621572 -0.05477643  0.52144777  0.17692347  0.28709674\n  0.51190163  0.34072462 -0.16139135 -0.22105416 -0.01192999 -0.05367081\n -0.29835184  0.51689095 -0.47446247 -0.13365797  0.48895603 -0.34935877\n -0.02316922 -0.08194426 -0.31598182  0.00727633 -0.10018114 -0.0628659\n  0.34983984  0.46821186]",
    "olfactory": "[ 0.30759378 -0.07430889 -0.0926207   0.27606634 -0.1577373   0.30794155\n -0.10991518 -0.07472748  0.06698272  0.11843011  0.04103915 -0.59529065\n -0.10562317 -0.3486562  -0.14168677 -0.16936496  0.3683362  -0.1853387\n -0.03142588 -0.0697139   0.70899118 -0.41141024 -0.19875178 -0.13658857\n -0.03696485 -0.63904354  0.04258056  0.33171646  0.37022943 -0.07662013]",
    "pheromonal": "[-0.1494391  -0.39533162  0.04134328  0.29495033 -0.01149861  0.07661065\n -0.01789157  0.40329007 -0.00695212 -0.33787165  0.19287173  0.48556881\n -0.2193488   0.22877698 -0.11183552  0.13525297 -0.39656676 -0.10421305\n  0.06245187 -0.04091288 -0.35781114  0.11232918  0.12806538 -0.14499492\n  0.08649305  0.33745627  0.05294588 -0.44793099 -0.06594213  0.10823707]",
    "mechanosensory": "[ 0.21610874 -0.06701038  0.07447553  0.24843531 -0.13344327 -0.25629138\n -0.0007646   0.10245754  0.09720603  0.12487816 -0.24153847 -0.19097993\n -0.05855267 -0.11698672 -0.002479    0.3415842  -0.09189408 -0.11654152\n -0.03811202  0.05090605 -0.08247888  0.07516226 -0.00099851 -0.08680954\n  0.06966579 -0.0703715   0.00883454  0.31779431  0.25207089  0.38218731\n -0.16693003 -0.03378287 -0.13879793  0.17382652  0.00536326 -0.27769644\n -0.07500099 -0.06607466  0.00852362 -0.30630055 -0.03145265 -0.32402279\n -0.09139964 -0.03748162  0.1561416  -0.10072754  0.28360689  0.05525537\n -0.08586758 -0.02152342  0.02961366 -0.18472187 -0.1080877   0.07290578\n -0.21911735 -0.00744284 -0.02799889  0.0971174   0.07292512  0.14924765]"
  },
  "neural_activity": {
    "mushroom_body": [
      0.4924007237947772,
      0.14693464607642892,
      0.767210702383254,
      0.6248820631260946,
      0.9864482839136465,
      0.33642038262559837,
      0.4422341246408278,
      0.9350583906263176,
      0.8758108280827299,
      0.364067756289724,
      0.02099672115939233,
      0.3653858631904884,
      0.8151629850456615,
      0.6140212660019688,
      0.32891618603502437,
      0.18893806693942827,
      0.7905736907455317,
      0.49916065962944123,
      0.19717420637235406,
      0.9213049964468009,
      0.447226947943287,
      0.7632966728025157,
      0.8032316000008118,
      0.5535376916288629,
      0.07895300729288246,
      0.37207011325454553,
      0.17281634483101527,
      0.9955464920855303,
      0.7331206509221954,
      0.5386381999688542,
      0.39924139702265893,
      0.2069417262349741,
      0.18638278300294076,
      0.5276332937882693,
      0.6015984856107799,
      0.738477463568368,
      0.012070075146157544,
      0.39691921306107414,
      0.9742478701988332,
      0.24929524690375904,
      0.2769088846934247,
      0.5292959918493957,
      0.07966113583142909,
      0.21578219897423678,
      0.7698762304225306,
      0.28290490199427065,
      0.9405319902264295,
      0.6002708120426894,
      0.45739250176265134,
      0.4463890668275149,
      0.9356395009266144,
      0.2565397437437217,
      0.45391089141763574,
      0.6693230026315135,
      0.02617703582476605,
      0.02531896787827681,
      0.5251034861530219,
      0.7031803637078137,
      0.058529304862222964,
      0.01939748304062039,
      0.5974268143442467,
      0.12381889677257696,
      0.6523379317512753,
      0.9321946265931902,
      0.591086092657511,
      0.1240378689225623,
      0.9362653987395712,
      0.5070649457786084,
      0.0919345703443104,
      0.7666644812076299,
      0.08779127460972835,
      0.33673866917057105,
      0.5896370886961854,
      0.2909284330490943,
      0.7323145070044182,
      0.7236888826592979,
      0.5710198786593059,
      0.7176901664961559,
      0.24203636076752333,
      0.41260492944946736,
      0.8738631246179162,
      0.4024116122514887,
      0.24035654060282785,
      0.3736574116109701,
      0.03336379466983419,
      0.6106387280493265,
      0.9364508555576203,
      0.22944403673237168,
      0.4365801853721185,
      0.8738519447485829,
      0.5050267126920194,
      0.453349231079773,
      0.993777465048396,
      0.3051647484911183,
      0.5080186252800102,
      0.5197698326970429,
      0.18403870897738006,
      0.28479427375720423,
      0.10024162543381976,
      0.18808052763581162
    ],