{
  "step": 48,
  "insect_id": "Honeybee",
  "timestamp": 1753377453.7235458,
  "sensory_input": {
    "visual": [
      1.0127656834662269,
      -1.5660401301293008,
      -2.3042449592984973,
      0.9095972590177507,
      0.9857901877984997,
      0.16613432118358384,
      -0.2362426550908837,
      1.1186087687605961,
      0.45695586240860336,
      0.2791312906071527
    ],
    "olfactory": [
      -1.2575735087573312,
      -0.5336688162140547,
      -0.7655177137601206,
      0.25076536308640934,
      0.34189899903677107
    ],
    "pheromonal": [
      0.602957406541313,
      -0.6289954126122662,
      -0.6919429494816988
    ],
    "mechanosensory": [
      0.7135830461270154,
      0.18510649186997047,
      -0.24413799331130556,
      0.8476101198116425
    ]
  },
  "processed_output": {
    "visual": "[-2.51970908e-01  3.96745648e-01 -9.56908531e-02 -4.97883151e-02\n -5.61226734e-01  2.98031117e-01  6.95775995e-03 -1.65379269e-01\n -7.18907736e-02 -2.91118082e-01  2.19637188e-01  3.06695109e-02\n -3.47955298e-01  2.50752520e-01 -8.33609500e-01 -4.35919211e-01\n -5.45919856e-01 -6.17572922e-02 -2.93196966e-01  4.64987777e-01\n  2.76328832e-01 -1.49745230e-02  8.12602093e-02 -4.75670152e-02\n -2.32473745e-02 -4.95464416e-01  4.01428895e-01  1.75319558e-02\n  4.18785610e-01  1.46585441e-01  1.41807035e-01 -1.96834770e-01\n -7.85441631e-02  5.74965131e-01 -1.83524925e-01  8.91419749e-02\n -8.65750926e-02 -5.80895729e-01  2.85644468e-01  7.19190662e-01\n -4.15135157e-02 -5.25771515e-01 -3.29301277e-01 -2.12660284e-01\n  4.19305501e-01  1.47659103e-01 -3.64057333e-01  3.80543835e-01\n  5.94309706e-01  1.29439564e-01  8.71209008e-02  2.34356685e-01\n  1.52861479e-01  1.66875984e-01 -1.46099071e-01 -3.21054306e-01\n  3.50819490e-01 -8.62143520e-03  4.17971872e-01  8.92429197e-02\n  9.33476289e-02 -1.47186352e-01 -3.16368217e-01 -1.17510231e-01\n  1.57069270e-01 -6.80908785e-01  5.13831238e-01  3.14507699e-02\n  9.14523998e-02 -6.05792879e-03  4.54495397e-01  3.26938894e-01\n -3.38241906e-01  7.32137796e-01  3.20426245e-01 -4.27855751e-01\n  3.54389238e-02  7.79344585e-02  4.27107860e-01 -4.66947713e-01\n  1.83347602e-01 -1.23040793e-01 -6.08607666e-01 -7.37622896e-02\n  2.25108193e-01  1.00700208e-01  6.21582069e-01  1.90123380e-01\n -3.96672704e-01 -3.36455294e-01 -4.39767304e-01 -3.64077176e-02\n  2.49275495e-01 -3.16434224e-01  3.33460470e-01 -6.47599367e-02\n  3.82239913e-02  2.64655691e-01  3.40182769e-01 -7.07873359e-01\n -1.96183828e-01 -1.25846396e-01  5.07436118e-01 -8.51161284e-02\n  2.21665100e-02  1.94142711e-02  2.24272692e-01  5.20589853e-01\n  4.29829681e-02  1.35953292e-01 -2.20960661e-01 -1.02209512e-01\n  4.37684240e-01 -6.15502987e-01  7.12568110e-01 -1.50813109e-02\n  2.19613991e-01  2.83631050e-02 -1.16804929e-01 -2.77497599e-01\n -5.26079349e-01  1.66511156e-01 -6.32664631e-02  2.49530103e-01\n  4.34382065e-01  6.35264250e-01 -2.55744248e-01  2.69073960e-02\n -1.01721854e-01  5.15748606e-01  1.60663505e-01  2.48024702e-01\n  1.29661712e-01  2.77260851e-01  2.59001686e-01 -8.72182949e-02\n -2.39602579e-01  3.44706605e-01 -2.46296980e-02  4.92258063e-02\n  2.78641501e-01 -2.38702384e-01 -2.64947613e-01  5.38380190e-02\n -7.59675674e-02  1.17862156e-01 -6.02372063e-04 -4.52280588e-01\n -2.81665546e-01 -3.42617884e-01 -8.97678945e-02  5.19245763e-02\n  1.66078896e-01 -9.42901200e-03  3.02066117e-01 -3.12314113e-01\n  2.57361119e-02  6.90477380e-02  1.85136507e-01  1.73545417e-01\n  5.16249808e-01 -1.20394762e-01  5.76726420e-01 -5.88050959e-01\n -2.51811145e-01  1.09929279e-01  5.66167134e-01 -5.82497812e-01\n -5.32796766e-01  5.94773857e-01 -6.28129949e-01  3.95243253e-01\n  5.95471061e-01  3.89030215e-01  6.80365889e-01 -2.53681838e-01\n -2.48688555e-01  4.01422592e-01  6.51662115e-02  2.23688693e-01\n -4.89276586e-01 -6.86361175e-01 -1.71788337e-01  8.77191675e-03\n -2.35419890e-01 -4.60129827e-01  2.60693098e-01  3.63780811e-01\n  1.10200411e-01  1.63212151e-01 -9.67214880e-02 -2.23222612e-01\n -4.12385301e-01  4.65546758e-01 -2.14293903e-01  4.08390374e-01\n -2.56333475e-01 -2.99507147e-02 -4.04819086e-01 -2.09079463e-01]",
    "olfactory": "[ 0.05738472  0.11842511 -0.13293411  0.09791631  0.16194907  0.1506846\n  0.04358215 -0.03837239 -0.15772616 -0.00848274  0.04564152 -0.26862574\n  0.26420014 -0.14267879  0.19833693 -0.21119758 -0.08589046 -0.08797206\n -0.11854763 -0.03452978 -0.04131648 -0.23784909  0.17499285  0.03660321\n -0.08338972 -0.04379545 -0.06359636  0.25711394 -0.28859959  0.2080614 ]",
    "pheromonal": "[ 0.07910054 -0.13109858 -0.14565688  0.00172526  0.11038859 -0.11801928\n -0.04290378 -0.01484117 -0.24005976  0.18902774 -0.04992446 -0.19134614\n -0.01534972 -0.0502562   0.19184303  0.20546661  0.04504321  0.04206516\n -0.19725217 -0.24912017  0.05703197  0.04425469  0.09690252 -0.09155382\n  0.00558469 -0.05315131  0.01092649  0.11364773  0.22197596  0.02786045]",
    "mechanosensory": "[-0.08912525 -0.10646639 -0.00445655 -0.1983463  -0.00942667 -0.00903166\n  0.02038299  0.09248939 -0.21734707  0.01841336  0.10719739 -0.28158837\n  0.2325324   0.00359939 -0.06839639 -0.04800276  0.01086212  0.06650881\n -0.11901977 -0.1063914   0.10781396  0.13291088  0.16192159 -0.03769897\n -0.03184092 -0.07020629  0.13087786 -0.07768581 -0.17534345 -0.07524428\n -0.07813142  0.19612119  0.13783601  0.13648379  0.10563379 -0.08662354\n -0.10228267 -0.15302726 -0.12044737  0.06679273 -0.02229834  0.23716281\n -0.00889325 -0.19330568  0.01771413 -0.10213615  0.17928559  0.15768014\n -0.00806422  0.1938616  -0.13835015  0.02072315  0.06356076 -0.06778032\n  0.05673926  0.03905081 -0.0554072   0.02911581 -0.01904088 -0.20003363]"
  },