{
  "step": 74,
  "insect_id": "Honeybee",
  "timestamp": 1753377473.8068304,
  "sensory_input": {
    "visual": [
      -0.7598724110662378,
      1.0676332370438346,
      -0.2737425871740469,
      0.15913445793601436,
      -0.048594366910234006,
      -1.5862134563308885,
      0.3972792417136226,
      -1.0808700420226858,
      0.9030516982108763,
      -0.4109289779099469
    ],
    "olfactory": [
      1.115799114402891,
      -0.7985517110754883,
      0.6562643775357463,
      0.5693185112818846,
      -0.23666073959368303
    ],
    "pheromonal": [
      0.16665481615112024,
      1.5398558779418647,
      -1.2351297621649466
    ],
    "mechanosensory": [
      0.5555405970950507,
      0.4456438176974587,
      0.40759510108454533,
      0.2520580196159312
    ]
  },
  "processed_output": {
    "visual": "[ 0.16816081 -0.07092895 -0.53288559 -0.16148658  0.01481015  0.05873305\n -0.03110767  0.02719564  0.31509797  0.07361161  0.10810846  0.18827506\n -0.02812814 -0.04361835  0.59768915 -0.25176914 -0.09563612 -0.12372177\n -0.22537732  0.43269447  0.16015041 -0.41944078  0.04320596  0.05691503\n  0.03264573  0.28605873 -0.30343952  0.05634353 -0.05671069  0.19021734\n  0.2169578   0.07012772  0.20323152 -0.49553179 -0.42041845 -0.27144884\n  0.01911024  0.1655538  -0.00865652 -0.34487646 -0.15645351  0.06671553\n  0.15999281  0.20272305  0.28921402  0.10779765  0.15729004 -0.04780621\n  0.30101635 -0.07000392 -0.02426896 -0.03897138  0.09802119  0.16961638\n  0.14838261 -0.02549734  0.07169624  0.04625693  0.11394008  0.1153937\n -0.05923105  0.01594351  0.00099384  0.46516457  0.30097357  0.28306554\n -0.33295783 -0.2324096   0.00517935  0.25228514 -0.15933369  0.08992999\n  0.3239491   0.03399587  0.08877146 -0.00306833  0.16120779  0.27600194\n -0.27194903  0.52858149 -0.1360328  -0.26236708  0.17893666  0.00326446\n -0.04820353 -0.16595856 -0.32784781 -0.07438666 -0.03991081 -0.27381624\n  0.11340871 -0.22638513  0.26630493  0.59900558  0.00612008  0.11984783\n  0.23375667 -0.06373095  0.32942595 -0.32735442  0.30046161  0.10140542\n -0.3127491   0.01510256 -0.13669693  0.27310323  0.09790205  0.14770677\n -0.0280908   0.03582413 -0.12833069  0.00460676  0.03424409  0.40520776\n -0.16288501 -0.12084627  0.05786205 -0.32677646  0.10421034  0.04893088\n -0.02084302 -0.2690514   0.09861514 -0.67211619 -0.11932195 -0.12161643\n  0.24281733  0.24245547  0.42946812 -0.22225923  0.05295257 -0.00945604\n -0.47733249  0.33306204  0.28218306  0.00587578  0.221509   -0.3267888\n  0.05921804 -0.24560204 -0.25691908  0.21420622  0.4086969   0.17417801\n  0.11198026 -0.1371532   0.11690193  0.24200595 -0.2925547  -0.10908596\n  0.23780947  0.31961907 -0.31794274  0.08283785 -0.22682545  0.2940813\n -0.02278592  0.07731211  0.00585738 -0.33770913  0.15076647 -0.13249582\n -0.05927676  0.26355737  0.15428458 -0.27409483 -0.24884735  0.08243492\n  0.2285161  -0.63252983  0.12033143  0.20532159 -0.06731902  0.07834848\n -0.45726088  0.33624892  0.08712625 -0.62560146 -0.40548901  0.03902912\n  0.29242413  0.13270686 -0.0848989  -0.11819383  0.06747335 -0.14226187\n  0.06676167  0.29214005 -0.18465671  0.09035929 -0.23183175  0.01861235\n  0.09495302  0.01599815 -0.12839909  0.0432443   0.03711146  0.22778373\n  0.0319345   0.04082955]",
    "olfactory": "[ 0.0655134   0.09342262 -0.01297465  0.02671626 -0.41192161 -0.07604483\n  0.13236038 -0.11226608  0.0401051   0.24966557 -0.25496805  0.01507601\n -0.17290435  0.14176105 -0.06077747  0.35909741  0.09718084 -0.03032372\n -0.18080674  0.04246526  0.00972408  0.37936487 -0.03399641  0.06052046\n -0.33241241 -0.05030682  0.0192339   0.00042662  0.35976944 -0.14606173]",
    "pheromonal": "[ 0.14496679 -0.20264758  0.04210074 -0.35770235  0.38632183 -0.29834674\n -0.15377486  0.0481325  -0.03268128 -0.25388834  0.46837482 -0.10725179\n -0.00108411 -0.08009975  0.15318388 -0.24006128 -0.06363617 -0.02281776\n  0.06533466 -0.1009539  -0.01496995 -0.28059211 -0.18583374 -0.12496545\n  0.44880433  0.21460338 -0.04942788 -0.00829122 -0.25031336  0.04785462]",
    "mechanosensory": "[-0.06926059  0.05612441 -0.02759612 -0.07825193  0.00966993 -0.03374992\n -0.03258008 -0.04697289 -0.11513687  0.04157183 -0.0548879  -0.05896501\n  0.05444234  0.03294283 -0.0205141   0.1042905   0.07945788 -0.02513657\n -0.10992658 -0.02970212  0.03338303  0.1646615   0.0822129  -0.02609846\n -0.11439453 -0.0253836   0.00850373 -0.03458391  0.01373522 -0.11615231\n -0.10942894  0.2822057   0.03775082  0.05211198  0.16844321  0.01330199\n -0.0418188  -0.00402728 -0.03089276  0.09235585 -0.06654216  0.11337429\n -0.05943789 -0.08325128  0.01489913 -0.01874394  0.10243166  0.05789786\n  0.06821317  0.0720406   0.08886053 -0.01814429 -0.11149453 -0.13528507\n  0.04078005  0.05763825 -0.0065318   0.11992896  0.08670801  0.03677905]"
  },
  "neural_activity": {
    "mushroom_body": [
      0.12635954055289922,
      0.6510662603041527,
      0.6627929837081565,
      0.9059514415899972,
      0.694024905970108,
      0.13032535785611132,
      0.6785700910874193,
      0.25181423548906845,
      0.9354434499568303,
      0.9820695225306735,
      0.35894562736900226,
      0.09852715118231181,
      0.294853150261539,
      0.7462912346894797,
      0.7870932401371551,
      0.07062982415768515,
      0.48313936540704683,
      0.6622209359526908,
      0.115399259873879,
      0.6872873456110286,
      0.6981114122053442,
      0.504124699964496,
      0.8683273200191458,
      0.7166708401294236,
      0.6182749276751418,
      0.6232014757378306,
      0.39529436063508416,
      0.38233751371397573,
      0.7167883560053652,
      0.44552297638641014,
      0.9047130954552666,
      0.021405918043153394,
      0.7727889117003455,
      0.6159269939967781,
      0.06738501744015668,
      0.32597272676736,
      0.3087168672643883,
      0.9038271378155378,
      0.23784856178197233,
      0.18904989841550568,
      0.2210457214133057,
      0.848521080227047,
      0.3413897391223164,
      0.9617188178997028,
      0.787246394196182,
      0.10829421222201396,
      0.6481604816985572,
      0.7469217894494218,
      0.03391105392878513,
      0.15653537504224724,
      0.9992419020899515,
      0.6853055751030905,
      0.25484180859629757,
      0.9989993979407218,
      0.6524217395054385,
      0.6347337365749102,
      0.744143846619154,
      0.5150140806392638,
      0.7356517947329767,
      0.6376489951475847,
      0.45323207581238756,
      0.37210842438874125,
      0.7037428860280608,
      0.23895712561486693,
      0.5940955300660384,
      0.9945112193658604,
      0.707620198578572,
      0.9534313058612712,
      0.7114461577312933,
      0.4395467057289705,
      0.49249444180522495,
      0.06731022572559242,
      0.27550073951848686,
      0.8881137570119427,
      0.8104454683630198,
      0.58025781616706,
      0.5300344472969072,
      0.07180701688387292,
      0.3757757212457067,
      0.300809054944117,
      0.8118121304991793,
      0.8542922211831256,
      0.9187886496881005,
      0.9817062663157549,
      0.5612733835334486,
      0.2686584688003274,
      0.5043663782398784,
      0.18781304522437448,
      0.71123547918031,
      0.2222548857108344,
      0.5264317813777212,
      0.9750138797195244,
      0.07515074344946227,
      0.2914045013201676,
      0.7958427234065533,
      0.45715523003574077,
      0.5492189810560055,
      0.28384337953527417,
      0.4591770410905638,
      0.27511237675800737
    ],