{
  "step": 47,
  "insect_id": "Ant",
  "timestamp": 1753377453.7162178,
  "sensory_input": {
    "visual": [
      0.20441028296888422,
      -0.3019381739597937,
      0.9502530473636984,
      0.66280786773141,
      0.0058137786651196776,
      -0.6157251548354209,
      1.3581982776763348,
      0.5855707461039645,
      -0.11880048385952405,
      0.15465972830489302
    ],
    "olfactory": [
      0.407981759390855,
      -0.5275713087992974,
      -0.5459708909845479,
      0.5955437534766653,
      1.019087657878496
    ],
    "pheromonal": [
      1.6051942569786457,
      1.2876509087486347,
      0.26227143906771755
    ],
    "mechanosensory": [
      -0.601432582008938,
      -0.11370931099302894,
      0.35404546853979696,
      1.3679968017615474
    ]
  },
  "processed_output": {
    "visual": "[ 0.13632302  0.36298386  0.07801744  0.08976133 -0.04096274 -0.23824668\n  0.11231053 -0.13638867 -0.08211031 -0.16418455 -0.29247725  0.31131262\n  0.20092364 -0.022489    0.07871902 -0.06890618  0.27176224 -0.02724813\n  0.21210511  0.19716457  0.05944392 -0.02458768  0.29242265  0.01702829\n  0.04276124  0.06833136  0.26641102 -0.00313035  0.38317169  0.09623598\n -0.04232636  0.05553784 -0.24355833  0.05736709  0.20249217 -0.00871477\n -0.13248797 -0.12863032 -0.32035976  0.17258167  0.23777484  0.32236182\n  0.021005   -0.3619532   0.38357668 -0.09190471 -0.15826234  0.18932678\n -0.00078555 -0.04291597  0.24382832 -0.12763117  0.15701918 -0.06186329\n -0.17851276 -0.08298254  0.26171172 -0.0665126   0.04354999  0.08610826\n -0.34580401 -0.09000806  0.03633819 -0.11816809 -0.16793895 -0.14419788\n -0.08943839 -0.12570456 -0.11974059 -0.16515532  0.16020249  0.0139079\n  0.07859654 -0.17472891 -0.01462237  0.11819199 -0.29384041  0.02244882\n -0.12213769 -0.21839178  0.18005118 -0.39001655 -0.0372269  -0.18407803\n  0.02898887 -0.07839885  0.06518808 -0.04928232  0.18729514 -0.23064674\n  0.12781982  0.02360337 -0.12737137  0.19183048 -0.00367924 -0.42351807\n  0.08629736  0.10316453  0.26894125 -0.1214634  -0.23883864 -0.35019148\n -0.02004815  0.13846268  0.23696698 -0.11384026 -0.24187426  0.11938954\n -0.28046714  0.33489809  0.42598635  0.24798682 -0.12385352 -0.18661391\n  0.28281734  0.01912017  0.13732627  0.0248294   0.16332174 -0.10505353\n -0.07795598  0.01555756  0.28427733  0.12706199 -0.10051515  0.29458967\n -0.12971152  0.2847472  -0.01223909 -0.31724484  0.30749783 -0.01770968\n  0.07657242  0.35005105 -0.20405813  0.185981    0.263821    0.08969929\n  0.12569623  0.26071462 -0.00347047 -0.23673365  0.18847447 -0.10373144\n -0.02148265  0.01245331  0.13533172 -0.35322635  0.15401516 -0.10775338\n -0.23657535 -0.33472502  0.27529048  0.12446103 -0.08621391 -0.0412373\n -0.1309278  -0.05335076 -0.04259504  0.08671691  0.02369897  0.18301314\n -0.10315477 -0.08850723  0.03424174 -0.15072864 -0.32045176 -0.06746641\n -0.14440548  0.22049213  0.19125531 -0.22645705 -0.42375141  0.16498955\n  0.01123511 -0.16089182 -0.22340866 -0.52393423 -0.21443546  0.04798497\n  0.04499763  0.11276015  0.04920305 -0.05176946  0.21174279 -0.08497099\n  0.22911191  0.05608119 -0.19071459  0.13423262  0.10154048  0.38638126\n -0.00104699  0.46806496  0.33721076  0.14836011  0.04263377  0.30324852\n -0.12485749 -0.36605482]",
    "olfactory": "[ 0.14905677  0.03021258 -0.17417441 -0.22292898 -0.01556234 -0.15245386\n -0.00403261  0.21969675  0.20609331  0.08532067  0.06890418  0.03138776\n -0.06218329  0.21662757  0.0553525  -0.08546445 -0.20440197 -0.00881146\n  0.02502357  0.15424983 -0.1594371  -0.01553051  0.10017913 -0.18709739\n  0.02884728  0.15905235  0.00336214 -0.11179983 -0.13822055 -0.02172721]",
    "pheromonal": "[-0.42310369  0.01361138  0.22385075 -0.09879442  0.34799264 -0.1698194\n -0.02636856 -0.1536055  -0.12756463 -0.36748188 -0.05815201  0.53986936\n -0.01674477  0.14141299  0.0022779  -0.05934682 -0.00693515  0.03758467\n -0.20365758  0.04853824 -0.30603517  0.31253646  0.30156826  0.27047287\n -0.09404132  0.30342971 -0.19833768 -0.2504455  -0.12062325  0.21832112]",
    "mechanosensory": "[ 0.07134026 -0.36496832  0.03124843  0.03618218  0.04915063  0.0960003\n -0.05590184 -0.0843979   0.01189443  0.23686922 -0.09914828  0.19472569\n -0.11504119 -0.12831286 -0.13131654 -0.23459578 -0.09639006 -0.34988093\n  0.28685835  0.06944835 -0.03862398  0.01298142 -0.00725818  0.04346304\n  0.03421557  0.08367818 -0.01990874 -0.13904398  0.02848625 -0.10136391\n  0.09649025  0.12570452  0.02719124  0.13485115  0.19794004 -0.18858122\n -0.08882005  0.0886768   0.29091609  0.09751266  0.15491936 -0.10131035\n  0.01069712  0.20049405  0.17722106  0.01918854  0.03992044 -0.03215804\n -0.05681731 -0.05626638 -0.02853444  0.10423114 -0.0568307  -0.04476515\n -0.0888975   0.06571883 -0.1080521   0.2017584  -0.11090604  0.07637163]"
  },
  "neural_activity": {
    "mushroom_body": [
      0.4924007237947772,
      0.14693464607642892,
      0.767210702383254,
      0.6248820631260946,
      0.9864482839136465,
      0.33642038262559837,
      0.4422341246408278,
      0.9350583906263176,
      0.8758108280827299,
      0.364067756289724,
      0.02099672115939233,
      0.3653858631904884,
      0.8151629850456615,
      0.6140212660019688,
      0.32891618603502437,
      0.18893806693942827,
      0.7905736907455317,
      0.49916065962944123,
      0.19717420637235406,
      0.9213049964468009,
      0.447226947943287,
      0.7632966728025157,
      0.8032316000008118,
      0.5535376916288629,
      0.07895300729288246,
      0.37207011325454553,
      0.17281634483101527,
      0.9955464920855303,
      0.7331206509221954,
      0.5386381999688542,
      0.39924139702265893,
      0.2069417262349741,
      0.18638278300294076,
      0.5276332937882693,
      0.6015984856107799,
      0.738477463568368,
      0.012070075146157544,
      0.39691921306107414,
      0.9742478701988332,
      0.24929524690375904,
      0.2769088846934247,
      0.5292959918493957,
      0.07966113583142909,
      0.21578219897423678,
      0.7698762304225306,
      0.28290490199427065,
      0.9405319902264295,
      0.6002708120426894,
      0.45739250176265134,
      0.4463890668275149,
      0.9356395009266144,
      0.2565397437437217,
      0.45391089141763574,
      0.6693230026315135,
      0.02617703582476605,
      0.02531896787827681,
      0.5251034861530219,
      0.7031803637078137,
      0.058529304862222964,
      0.01939748304062039,
      0.5974268143442467,
      0.12381889677257696,
      0.6523379317512753,
      0.9321946265931902,
      0.591086092657511,
      0.1240378689225623,
      0.9362653987395712,
      0.5070649457786084,
      0.0919345703443104,
      0.7666644812076299,
      0.08779127460972835,
      0.33673866917057105,
      0.5896370886961854,
      0.2909284330490943,
      0.7323145070044182,
      0.7236888826592979,
      0.5710198786593059,
      0.7176901664961559,
      0.24203636076752333,
      0.41260492944946736,
      0.8738631246179162,
      0.4024116122514887,
      0.24035654060282785,
      0.3736574116109701,
      0.03336379466983419,
      0.6106387280493265,
      0.9364508555576203,
      0.22944403673237168,
      0.4365801853721185,
      0.8738519447485829,
      0.5050267126920194,
      0.453349231079773,
      0.993777465048396,
      0.3051647484911183,
      0.5080186252800102,
      0.5197698326970429,
      0.18403870897738006,
      0.28479427375720423,
      0.10024162543381976,
      0.18808052763581162
    ],