{
  "step": 8,
  "insect_id": "Honeybee",
  "timestamp": 1753377433.7991133,
  "sensory_input": {
    "visual": [
      0.12737965785503363,
      2.6001677766649998,
      0.46910179626067183,
      1.9485986157363224,
      -0.48094691853508587,
      -0.4278471712963155,
      1.9569855073254312,
      0.9027940659842186,
      -1.1060457037419293,
      -0.3822940434578698
    ],
    "olfactory": [
      -0.7293685162847617,
      0.27966419972479795,
      1.1642034733064528,
      0.5739854115124723,
      -0.659357455610976
    ],
    "pheromonal": [
      -0.9880462833406385,
      -0.7089316411470544,
      -1.0617364162854004
    ],
    "mechanosensory": [
      -0.5130265971871732,
      0.021927575857427415,
      0.33699538362028014,
      -0.8124838466185716
    ]
  },
  "processed_output": {
    "visual": "[ 0.62155666 -0.45159165  0.17863245 -0.18280642  0.63822699  0.15360103\n  0.253011   -0.13836683  0.33832455  0.00204786  0.20790985  0.18579479\n -0.25918386 -0.78528056  0.62925862  0.60443688  0.45681792 -0.12265731\n  0.62499705 -0.62526685 -0.16756941  0.25339616 -0.53614854 -0.24304581\n -0.57883076  0.1384947  -0.30034216 -0.17392043 -0.39517298  0.50232113\n  0.65079887 -0.36001302 -0.4466016  -0.43678118  0.23606349 -0.19567416\n  0.25524304 -0.11830819 -0.31946191 -0.67402945 -0.20777678  0.60049473\n -0.59494701  0.06252889 -0.21080702  0.75631046 -0.04526945 -0.59036982\n -0.7779085  -0.0909362  -0.00542315 -0.7689892   0.27011303  0.43507929\n -0.16541927  0.76410445 -0.14478861  0.24175039 -0.21199072 -0.22468665\n -0.62036962  0.18042874  0.35972902 -0.67073853  0.03164296  0.15775602\n  0.28656727  0.6449237  -0.31641148 -0.50845004  0.00283143 -0.61854821\n -0.3374398  -0.32858348 -0.32809406  0.06497691 -0.30302405 -0.53639245\n  0.09595612 -0.06741026  0.0581945   0.16679818 -0.20527978  0.10254236\n  0.17779423 -0.48908013  0.02667625 -0.04433568 -0.31493137  0.43482247\n  0.10056046 -0.49817808  0.36893858 -0.01994998  0.40637376  0.05376646\n  0.37926208 -0.1048796   0.05097338 -0.12759566  0.80649878  0.25711869\n -0.81996863  0.58702216  0.14050469 -0.22633482  0.12036927 -0.59191721\n -0.25895752 -0.35083444 -0.24811379 -0.20735661  0.71417047  0.21224192\n -0.28578951 -0.67198019  0.12731244  0.44053303 -0.37183472 -0.41265097\n -0.17479617 -0.28016643 -0.58686948  0.31045099  0.17074657  0.13257379\n  0.80664748 -0.41440952  0.18696824 -0.54696981 -0.25384766 -0.07575038\n -0.59446626  0.23056231  0.31481904  0.21958687  0.48652315 -0.77666317\n  0.56142196 -0.32689924  0.28828655  0.70031298  0.32407466  0.00734348\n -0.07314545  0.15798837  0.02290345  0.67179113  0.22852289  0.38849791\n  0.10283306 -0.07740689  0.47419363  0.12761815 -0.11562787  0.92240719\n -0.09889289  0.57049127  0.45469262 -0.3821064  -0.17317429  0.24332309\n -0.24249527  0.35725131  0.35232207  0.48534507  0.23828285 -0.07375195\n  0.78538691 -0.02571141 -0.42228017 -0.1189112   0.36558623 -0.15987771\n -0.59762385  0.30188242  0.15049094  0.23653332  0.10451535 -0.58380873\n  0.17166252  0.68564922 -0.00211405 -0.22003584 -0.66078887 -0.52248564\n  0.57410332 -0.2385126  -0.33862537 -0.44135032  0.26193601  0.42962112\n  0.42252083 -0.22827363  0.13017554 -0.64191663 -0.14546865  0.10789335\n -0.15368259 -0.21014779]",
    "olfactory": "[ 0.06239215  0.30470338  0.171752    0.12427934 -0.38511418  0.16320115\n  0.08032685 -0.14320931  0.3384138  -0.14805632  0.02018955  0.28133781\n -0.07066018  0.06220667 -0.27896063 -0.16844406  0.07680348 -0.11886454\n  0.17916516  0.38968172 -0.0859693   0.09493337 -0.08142834  0.2326238\n -0.20561823  0.04492177 -0.0605313  -0.05331925 -0.19437317 -0.14970176]",
    "pheromonal": "[ 0.10305145 -0.00359329 -0.18586084  0.16031141  0.28023356  0.09792049\n -0.07189094 -0.04057652 -0.27055096  0.05185956  0.06747396 -0.25588628\n  0.20280254 -0.20265376  0.24784868 -0.12860024  0.00189512 -0.01818224\n -0.13082041 -0.18637569  0.01323939 -0.24934302  0.24072602 -0.01559526\n  0.03236533 -0.07599661 -0.05330084  0.26475831 -0.15644567  0.1667625 ]",
    "mechanosensory": "[ 0.06158524  0.1334373  -0.00951896  0.17283653  0.012299    0.01106505\n -0.04250351 -0.10212493  0.17387572 -0.01356917 -0.12135604  0.26652671\n -0.21835161  0.02212474  0.07024787  0.0842565   0.01499642 -0.08133118\n  0.08833368  0.10401441 -0.09723701 -0.07020186 -0.13865384  0.03115811\n -0.00141583  0.05926119 -0.13102121  0.06146092  0.1805583   0.0420028\n  0.0448094  -0.08132207 -0.13701817 -0.10488084 -0.04827627  0.0963428\n  0.08058273  0.13377402  0.10203811 -0.04093306  0.00779651 -0.20813561\n -0.01697048  0.15264716 -0.01217039  0.09712962 -0.15909031 -0.15123583\n  0.03200441 -0.17470529  0.15998056 -0.0304285  -0.10685671  0.02610677\n -0.03682214 -0.01601552  0.06536741  0.02015446  0.05018959  0.21490038]"
  },
  "neural_activity": {
    "mushroom_body": [
      0.12635954055289922,
      0.6510662603041527,
      0.6627929837081565,
      0.9059514415899972,
      0.694024905970108,
      0.13032535785611132,
      0.6785700910874193,
      0.25181423548906845,
      0.9354434499568303,
      0.9820695225306735,
      0.35894562736900226,
      0.09852715118231181,
      0.294853150261539,
      0.7462912346894797,
      0.7870932401371551,
      0.07062982415768515,
      0.48313936540704683,
      0.6622209359526908,
      0.115399259873879,
      0.6872873456110286,
      0.6981114122053442,
      0.504124699964496,
      0.8683273200191458,
      0.7166708401294236,
      0.6182749276751418,
      0.6232014757378306,
      0.39529436063508416,
      0.38233751371397573,
      0.7167883560053652,
      0.44552297638641014,
      0.9047130954552666,
      0.021405918043153394,
      0.7727889117003455,
      0.6159269939967781,
      0.06738501744015668,
      0.32597272676736,
      0.3087168672643883,
      0.9038271378155378,
      0.23784856178197233,
      0.18904989841550568,
      0.2210457214133057,
      0.848521080227047,
      0.3413897391223164,
      0.9617188178997028,
      0.787246394196182,
      0.10829421222201396,
      0.6481604816985572,
      0.7469217894494218,
      0.03391105392878513,
      0.15653537504224724,
      0.9992419020899515,
      0.6853055751030905,
      0.25484180859629757,
      0.9989993979407218,
      0.6524217395054385,
      0.6347337365749102,
      0.744143846619154,
      0.5150140806392638,
      0.7356517947329767,
      0.6376489951475847,
      0.45323207581238756,
      0.37210842438874125,
      0.7037428860280608,
      0.23895712561486693,
      0.5940955300660384,
      0.9945112193658604,
      0.707620198578572,
      0.9534313058612712,
      0.7114461577312933,
      0.4395467057289705,
      0.49249444180522495,
      0.06731022572559242,
      0.27550073951848686,
      0.8881137570119427,
      0.8104454683630198,
      0.58025781616706,
      0.5300344472969072,
      0.07180701688387292,
      0.3757757212457067,
      0.300809054944117,
      0.8118121304991793,
      0.8542922211831256,
      0.9187886496881005,
      0.9817062663157549,
      0.5612733835334486,
      0.2686584688003274,
      0.5043663782398784,
      0.18781304522437448,
      0.71123547918031,
      0.2222548857108344,
      0.5264317813777212,
      0.9750138797195244,
      0.07515074344946227,
      0.2914045013201676,
      0.7958427234065533,
      0.45715523003574077,
      0.5492189810560055,
      0.28384337953527417,
      0.4591770410905638,
      0.27511237675800737
    ],