{
  "step": 76,
  "insect_id": "Ant",
  "timestamp": 1753377493.3203435,
  "sensory_input": {
    "visual": [
      -0.7670918039669744,
      -0.2978823314559634,
      0.8274920065974515,
      -1.6198166174646285,
      2.3239263503305514,
      1.458788040756036,
      0.12268291195883643,
      -0.5279958626219015,
      1.0265106336401324,
      1.085863420811021
    ],
    "olfactory": [
      -2.1836810588826427,
      1.737948195026286,
      0.04526535409198404,
      -0.1629841944214329,
      -0.906993022950961
    ],
    "pheromonal": [
      -1.0220540478263846,
      1.4220945312723867,
      -0.7312956719148251
    ],
    "mechanosensory": [
      -0.20773601382363596,
      0.06540111420094556,
      0.7551480276389144,
      0.895110674657972
    ]
  },
  "processed_output": {
    "visual": "[-4.67908469e-01  3.34584343e-01  6.02831738e-01  1.91299166e-01\n  2.01509588e-01  4.00354576e-01  2.29253901e-02  3.04646653e-01\n -3.67185115e-02  2.23594706e-02 -2.02784193e-01 -9.76593784e-02\n -3.36391433e-01  1.20335538e-01  8.94596510e-02  9.57458385e-02\n  1.08774407e-01  4.11190290e-02  1.46113945e-01 -6.68392278e-01\n  2.37257529e-01  8.97903841e-02  3.22666584e-01  1.09728397e-01\n -1.89646552e-02 -3.75936213e-04 -1.68784025e-01  3.90718413e-03\n  6.03634886e-02  4.03137854e-02 -8.08102742e-02 -1.33738657e-01\n -1.58902651e-01  2.11058480e-01 -3.13863716e-01 -3.85017061e-01\n  4.31020862e-01 -2.08632014e-01 -1.96108204e-01 -2.27830062e-01\n -1.18011624e-01 -2.04868773e-01  2.81405377e-01 -4.94594908e-01\n -5.24491469e-04 -1.24507368e-01 -1.54089968e-01  4.59683886e-01\n  3.38110311e-01 -1.97511910e-01 -5.23679996e-01  7.28192490e-01\n -7.11626400e-01  2.80057051e-01  2.76465638e-01 -4.95235182e-01\n  2.68344490e-01  1.05817468e-01  2.78096369e-01  2.20255844e-02\n  6.10452523e-01  1.36681867e-01  5.45891128e-01 -2.56521098e-01\n  2.29456134e-01 -5.82380577e-03  1.80514570e-01  6.52342961e-01\n -1.13754240e-01 -1.61569064e-01  5.70422968e-01  4.93185917e-02\n -2.53087145e-01 -5.00125488e-01  2.60056256e-01  1.47192018e-01\n  6.31252046e-01 -1.78762496e-01 -1.32743240e-01 -3.85965488e-01\n  3.25362108e-02 -4.50703193e-01  3.67535306e-01 -1.03890479e-01\n -2.45918866e-01  5.35565819e-01 -7.51992743e-01  7.24859724e-01\n -2.62618337e-01  2.24889298e-01  4.95059196e-01  6.66126640e-01\n -4.35731934e-01 -5.62141511e-01 -7.85179025e-02  2.40527072e-01\n -9.48885292e-02 -3.70581407e-01 -3.36961730e-01 -2.75614909e-01\n -5.37564112e-01  4.01304637e-01  2.24215209e-01 -3.18984658e-01\n -2.27287280e-01  1.31046365e-02  6.23747719e-01  2.40107356e-01\n -4.70197568e-01 -5.19539583e-01 -2.74165081e-01  7.91290888e-02\n  4.84824147e-01  5.82591901e-01  4.13766906e-01 -2.22464688e-01\n -6.61278171e-01 -7.13686436e-02 -2.16391267e-01 -2.57622743e-02\n  5.46886898e-01  2.94813878e-01 -1.59355074e-01  2.17448127e-01\n -9.58067736e-02  1.21946496e-01 -1.43565554e-01 -6.23376522e-02\n -8.54792668e-02  5.01579605e-01  3.23073427e-02  5.25461646e-02\n -6.30300319e-01 -6.92455585e-01 -3.01065025e-01 -4.42911983e-01\n  5.25365962e-01  3.75849498e-01 -5.72247321e-01 -2.54453195e-01\n  7.29623453e-01  5.17338839e-01 -1.95929630e-01  7.98656156e-02\n  1.96769896e-01  2.58531511e-01 -4.70405582e-01  1.88727519e-01\n -4.37444372e-01  3.54430901e-03  3.75492057e-01  6.87091444e-02\n -5.55296923e-01 -5.34305356e-01 -2.23762565e-01  6.05178370e-01\n  4.48080875e-01 -2.27423343e-02 -2.59980838e-01  2.36218773e-01\n  6.13176375e-01 -2.13498792e-02  5.97906147e-02  9.60923453e-02\n  1.03811581e-01 -4.85343165e-01 -3.38893994e-01 -4.47707531e-01\n  4.79718533e-02 -6.13524300e-01  2.05185729e-01  8.58023642e-02\n  7.32401615e-02 -2.00397499e-01 -4.58102161e-03  1.03121356e-01\n -9.12680379e-03  4.60348512e-01 -2.38649169e-02  2.34341809e-01\n  5.86898573e-01 -2.81323880e-01 -3.53872635e-01 -3.31807897e-01\n  1.01003378e-01  2.00498447e-01 -3.52719745e-01  4.36587101e-01\n -3.22965040e-01  1.52135148e-01 -3.97621078e-02 -5.00118565e-01\n -3.53869496e-02  2.67433636e-01  2.25648785e-01  1.73203415e-01\n  3.22609146e-01  5.08979876e-01  2.28107061e-01  2.69160737e-01]",
    "olfactory": "[-0.35384465  0.44476243  0.2796892  -0.24677808  0.24354267  0.12041929\n  0.1221366  -0.51570354 -0.13824462  0.18774876 -0.15267297 -0.38710505\n  0.20204297 -0.49608804  0.12871286 -0.18400995  0.59268882  0.05097045\n -0.02733903 -0.13530837  0.41557552 -0.04191224 -0.13789472  0.16484398\n -0.2449365  -0.36599019 -0.0770816   0.30833881  0.23121837 -0.08657786]",
    "pheromonal": "[-3.58007604e-01  3.38477556e-01  1.86775596e-01 -3.41689854e-01\n  3.26893991e-01 -4.11425378e-03  7.53372504e-02 -2.62020769e-01\n  4.23513038e-02  2.85728210e-02 -2.59577654e-02 -1.11668526e-01\n  2.81884692e-02 -2.59097736e-01  1.14426112e-01 -2.87864278e-01\n  3.89767691e-01 -2.61838907e-02 -7.04198734e-02  1.47676400e-02\n  2.27721606e-01  5.65612089e-03  8.91999667e-02 -5.51453585e-03\n -2.34157210e-01 -1.49700461e-01 -1.26155695e-01  1.09287977e-02\n  1.13018734e-01 -2.63016719e-04]",
    "mechanosensory": "[ 0.03000851 -0.21146305  0.02666749 -0.00603653  0.00044067  0.03536776\n -0.10216033 -0.11561344 -0.02767583  0.14814002  0.0134704   0.23269768\n -0.07950764  0.04657644 -0.06647326 -0.27405526 -0.05996888 -0.20961492\n  0.20179904  0.01026632  0.03154132  0.06839114  0.04851002  0.03450725\n -0.0071872   0.06718927 -0.02675254 -0.17692721  0.02525275 -0.25244988\n  0.10076155  0.07356284  0.06380214  0.03024284  0.09495462 -0.06375546\n -0.07865738  0.1030576   0.15832396  0.05021933  0.12542163  0.01591609\n -0.01082273  0.07333943  0.01894037  0.05392538 -0.03684581 -0.02204448\n -0.0145298   0.00230364 -0.14462991  0.06307693 -0.01833682 -0.01959694\n -0.02157199 -0.00680176  0.00858163  0.11744499 -0.09815632  0.06190048]"
  },