{
  "step": 58,
  "insect_id": "Honeybee",
  "timestamp": 1753377473.5949585,
  "sensory_input": {
    "visual": [
      -0.23168253517477638,
      0.3770348986901477,
      0.2191590471105889,
      0.734334816611185,
      0.4414163901568374,
      0.18445848558633435,
      0.08150835081036123,
      0.363457907582557,
      -1.0273676417488584,
      0.30361586407972074
    ],
    "olfactory": [
      1.369558532097566,
      -0.9963801424486076,
      0.8150613236642109,
      -0.3452515399657172,
      -0.009209467279189877
    ],
    "pheromonal": [
      0.25138604113306673,
      -0.823479489320583,
      0.33104395072597037
    ],
    "mechanosensory": [
      -0.008246255402744306,
      -0.7883584566115802,
      -0.25427592098801033,
      -1.8837062833944802
    ]
  },
  "processed_output": {
    "visual": "[ 0.21325852 -0.08459744  0.2227141  -0.09690049  0.24833709 -0.06018544\n -0.03322259 -0.11670344 -0.01860727  0.20760907  0.13250592  0.01414793\n -0.02411461 -0.20350107  0.12410478  0.30108897  0.18663254  0.06008733\n  0.0401068  -0.1812477  -0.11005291  0.25720324 -0.36046646 -0.05367742\n -0.07791956 -0.17361417  0.01732396 -0.08895031 -0.20505442  0.07940127\n -0.05899891 -0.14313397 -0.17699173 -0.07731696  0.11625975 -0.19651254\n -0.07202227 -0.1915457  -0.18923432 -0.11443871 -0.02677316  0.15299915\n -0.11846433 -0.03199839 -0.12942951  0.30702068  0.04703539 -0.10424576\n -0.39449258 -0.09562535 -0.10651062 -0.30303584 -0.09497756  0.24553088\n -0.1761817   0.30769973 -0.16503863 -0.05545486 -0.09025151 -0.12772137\n -0.34504766  0.2333319  -0.02358706 -0.38833258 -0.4036886  -0.01140351\n  0.25882785  0.31784659 -0.0279848  -0.09312054  0.0612426  -0.26490689\n -0.05905162 -0.2962549   0.03066635 -0.15522627 -0.15925137 -0.17026627\n  0.15808908 -0.18274353 -0.11662375  0.12840189 -0.21054046  0.0334021\n  0.07874895  0.01218847 -0.06622729  0.17021467  0.02893306  0.05419057\n  0.10702982  0.05137721 -0.0309404  -0.12307052  0.10257524 -0.21335218\n  0.16637917 -0.12436096 -0.19889808  0.18045085  0.19510344  0.14066354\n -0.19665633  0.1677776   0.05910668 -0.24805374  0.14477907 -0.18165358\n -0.04298786 -0.01698661 -0.04293723  0.02228095  0.20468596  0.11998726\n -0.0451992  -0.20146884  0.03296942  0.15555118 -0.11777975 -0.05734929\n  0.11167294 -0.10812274 -0.12719033  0.32465287  0.14785166  0.01982628\n  0.28630256 -0.17886572 -0.02281924 -0.05978367 -0.09314095  0.05500091\n -0.07003418 -0.00077395 -0.08138437  0.11538238  0.07431783 -0.40609681\n  0.27937275 -0.04756276  0.10088885  0.04610335 -0.05838752 -0.17316908\n  0.0219357  -0.05427926 -0.02172155  0.22601782  0.25329458  0.15490959\n -0.125181   -0.13207845  0.14636057 -0.10597102  0.04779277  0.32722399\n -0.03352286  0.0306098   0.08437204 -0.04582466 -0.08967311  0.27030186\n -0.03032073  0.00055576 -0.02065175  0.32349965  0.00927757 -0.14737261\n  0.25584119  0.3854226  -0.39073111 -0.162619    0.14946486 -0.19173221\n -0.16515367 -0.02412703 -0.14470723  0.20441608  0.21385958 -0.31025816\n -0.2084499   0.223822    0.02859712  0.1194859  -0.13196421 -0.32063888\n  0.00552299 -0.0713332  -0.14599289 -0.2830871   0.10717701  0.17094625\n  0.02566687 -0.10983886  0.067894   -0.25359034 -0.00213646 -0.03304364\n -0.06682588  0.04596031]",
    "olfactory": "[-0.13595951 -0.09675573 -0.03820607  0.13012067 -0.24504548 -0.00930862\n  0.04437987  0.0369406  -0.05963782  0.30502198 -0.39822174  0.10855843\n -0.18838258  0.13593072 -0.09235745  0.44698603  0.09563962  0.13282087\n -0.09994325 -0.1292558   0.08925111  0.36818123  0.04943692 -0.05347009\n -0.21276157 -0.14895739  0.10780759 -0.13461741  0.51015908 -0.13345675]",
    "pheromonal": "[-0.03821622  0.03374921 -0.05878446  0.14090985 -0.14876904  0.07247633\n  0.05346507 -0.02229206 -0.05860816  0.17612365 -0.23141174 -0.0089617\n -0.02309974  0.03106038 -0.00945536  0.1916384   0.04384766  0.0274768\n -0.09386322 -0.04159742  0.02742122  0.15714534  0.094694    0.01739347\n -0.19801098 -0.10422657  0.0293053   0.02499229  0.20481527 -0.02327198]",
    "mechanosensory": "[-9.30021737e-02  1.19368067e-01  7.52376259e-02  3.07822362e-01\n -9.92240055e-02 -4.99963462e-04  1.14121137e-01 -1.41049629e-01\n -6.99178585e-02 -5.34576537e-02  3.53075297e-02  4.14854830e-01\n -6.52532747e-02 -2.88664070e-02  2.16274721e-01 -1.14233447e-01\n  3.12087163e-01 -2.47029298e-01  1.88971063e-01  5.07240409e-02\n -4.70356758e-02 -9.92723392e-02 -3.78094890e-01 -2.73157068e-01\n  7.32862768e-02  2.26302316e-01 -1.96761607e-01  9.74327070e-03\n -2.05400732e-01  2.70848042e-01  2.16650430e-01 -1.57031356e-01\n -1.21889908e-01 -1.12280604e-01 -7.33921302e-02 -1.68897054e-01\n  1.32589267e-01  2.64944427e-02  9.37048383e-02 -6.72410499e-02\n -3.48638874e-05 -6.01847243e-01  6.08354866e-02  2.88668661e-02\n -7.37687557e-02  1.80874323e-01 -1.12447062e-01 -3.27713080e-01\n -2.24153764e-02 -2.86622101e-01  2.15453951e-01 -1.25959867e-01\n  6.86335657e-02  1.53738547e-01 -2.23696081e-01  2.91507912e-02\n  1.82588018e-01  1.12819228e-01  4.73343692e-02  1.89026978e-01]"
  },
  "neural_activity": {
    "mushroom_body": [
      0.12635954055289922,
      0.6510662603041527,
      0.6627929837081565,
      0.9059514415899972,
      0.694024905970108,
      0.13032535785611132,
      0.6785700910874193,
      0.25181423548906845,
      0.9354434499568303,
      0.9820695225306735,
      0.35894562736900226,
      0.09852715118231181,
      0.294853150261539,
      0.7462912346894797,
      0.7870932401371551,
      0.07062982415768515,
      0.48313936540704683,
      0.6622209359526908,
      0.115399259873879,
      0.6872873456110286,
      0.6981114122053442,
      0.504124699964496,
      0.8683273200191458,
      0.7166708401294236,
      0.6182749276751418,
      0.6232014757378306,
      0.39529436063508416,
      0.38233751371397573,
      0.7167883560053652,
      0.44552297638641014,
      0.9047130954552666,
      0.021405918043153394,
      0.7727889117003455,
      0.6159269939967781,
      0.06738501744015668,
      0.32597272676736,
      0.3087168672643883,
      0.9038271378155378,
      0.23784856178197233,
      0.18904989841550568,
      0.2210457214133057,
      0.848521080227047,
      0.3413897391223164,
      0.9617188178997028,
      0.787246394196182,
      0.10829421222201396,
      0.6481604816985572,
      0.7469217894494218,
      0.03391105392878513,
      0.15653537504224724,
      0.9992419020899515,
      0.6853055751030905,
      0.25484180859629757,
      0.9989993979407218,
      0.6524217395054385,
      0.6347337365749102,
      0.744143846619154,
      0.5150140806392638,
      0.7356517947329767,
      0.6376489951475847,
      0.45323207581238756,
      0.37210842438874125,
      0.7037428860280608,
      0.23895712561486693,
      0.5940955300660384,
      0.9945112193658604,
      0.707620198578572,
      0.9534313058612712,
      0.7114461577312933,
      0.4395467057289705,
      0.49249444180522495,
      0.06731022572559242,
      0.27550073951848686,
      0.8881137570119427,
      0.8104454683630198,
      0.58025781616706,
      0.5300344472969072,
      0.07180701688387292,
      0.3757757212457067,
      0.300809054944117,
      0.8118121304991793,
      0.8542922211831256,
      0.9187886496881005,
      0.9817062663157549,
      0.5612733835334486,
      0.2686584688003274,
      0.5043663782398784,
      0.18781304522437448,
      0.71123547918031,
      0.2222548857108344,
      0.5264317813777212,
      0.9750138797195244,
      0.07515074344946227,
      0.2914045013201676,
      0.7958427234065533,
      0.45715523003574077,
      0.5492189810560055,
      0.28384337953527417,
      0.4591770410905638,
      0.27511237675800737
    ],