{
  "step": 22,
  "insect_id": "Honeybee",
  "timestamp": 1753377433.979071,
  "sensory_input": {
    "visual": [
      -0.1587017887304273,
      0.932428014527253,
      -0.5293886925036156,
      -0.3209646116383224,
      -0.36991567421649174,
      -2.148813070734137,
      -0.26572534983567647,
      0.7175240519750037,
      1.003113304588074,
      0.6172895683350097
    ],
    "olfactory": [
      -0.5780534697680977,
      2.0780877070948516,
      0.49495614689072265,
      0.8442862506521515,
      0.47535413585744574
    ],
    "pheromonal": [
      -1.5260774583534804,
      0.8585972505856526,
      -0.6457760146443872
    ],
    "mechanosensory": [
      0.6426022042332127,
      0.3836740881191013,
      -1.0349383147589113,
      -0.13325419673896152
    ]
  },
  "processed_output": {
    "visual": "[ 0.18627439 -0.46943131 -0.35286865 -0.14016255  0.07142755 -0.10327669\n -0.21336968 -0.16028059  0.40194665  0.05834392  0.32723705  0.44766443\n -0.28568913 -0.19947338  0.37488525 -0.19943043 -0.46318066 -0.2156681\n -0.34713394  0.0767793   0.38610132 -0.45834667  0.16004531 -0.24270242\n -0.1199763   0.21969815 -0.25402583 -0.05231644  0.38501002 -0.09900189\n  0.2681362  -0.13441589  0.11466508 -0.32544196 -0.37867899  0.0778576\n  0.13026304  0.06749476  0.40705213  0.31184758 -0.35268326  0.23584105\n  0.07649581  0.26321227 -0.14006538  0.1095649  -0.41011177  0.28735745\n  0.37335448 -0.32342902 -0.06680509  0.16614031  0.33322936 -0.08991417\n  0.16287899 -0.23408136 -0.04639286  0.19247708  0.10594508  0.17246527\n  0.28124306 -0.31902222 -0.06929685  0.24769879  0.20932827 -0.00401376\n -0.35488129 -0.29010654 -0.14298474  0.08928576 -0.0834018  -0.12357494\n  0.25217189  0.21029193 -0.14322457 -0.05678894  0.10773271  0.30111262\n -0.18885324  0.18983571 -0.29690528 -0.36052118  0.05738635  0.49018249\n  0.12236865 -0.01864712 -0.34790865 -0.37372357 -0.00456356 -0.33180927\n -0.10800759  0.05337275  0.10185979  0.32041143  0.23044008 -0.22194029\n  0.11772341 -0.37414653  0.37954014 -0.69711737  0.37159796 -0.06907682\n -0.01869016  0.0922421   0.23938274  0.16186381  0.04574146  0.22183624\n -0.3035356   0.2376251  -0.36846709  0.33192905  0.4706157  -0.07722677\n -0.25477057 -0.1016862   0.04532862 -0.22735836  0.15374591 -0.19496309\n -0.19163728 -0.33518912 -0.11384544 -0.26443123 -0.19806568  0.09043612\n  0.07075869 -0.06663269  0.43401214  0.23866911  0.25448153 -0.03633558\n -0.59703758  0.27520307  0.16168631  0.04203585 -0.18448325 -0.03661811\n  0.04251485  0.0056386   0.16791481  0.32341155  0.30561015  0.33822204\n  0.36433785  0.14707185  0.10529797 -0.02685626 -0.34111672 -0.32756073\n -0.12096029  0.17814958 -0.08001787 -0.24766945  0.16479479  0.25477516\n -0.24670718  0.06142371  0.25814314 -0.10730454  0.44834249  0.12471153\n -0.11138661  0.26702135  0.43946635 -0.0460023  -0.21277951  0.26213235\n -0.09198864 -0.58538564  0.24097935  0.47254383  0.25089965  0.32290481\n -0.05002894  0.21351007  0.23058756 -0.64948919 -0.26974337  0.03056487\n -0.25130119  0.37000225 -0.07547317  0.22276312  0.29004932  0.2236392\n  0.10954865  0.43860938  0.03206387  0.05235894  0.273606   -0.10033341\n -0.02188517  0.34786572  0.12844244  0.0505579  -0.00384403  0.05824344\n -0.18759553 -0.11271995]",
    "olfactory": "[ 0.01630913  0.25489844  0.2923483  -0.42337985 -0.20882503 -0.08377667\n  0.18994873 -0.00938807  0.46016641 -0.42581307  0.36103676  0.09348243\n  0.0593056   0.15990311 -0.1985041  -0.43000222 -0.21958049 -0.2291883\n  0.2126339   0.48108721 -0.18293013 -0.10621271 -0.40465109  0.13159969\n  0.04060379  0.29627021 -0.08021654 -0.1304422  -0.53649868  0.02092631]",
    "pheromonal": "[ 0.06006393  0.06417306  0.03493493 -0.03256911  0.29368413  0.08978235\n -0.08121531  0.00483734  0.04282508 -0.29896632  0.33939311 -0.04043161\n  0.19543854 -0.153455    0.05371655 -0.44697825 -0.08266858 -0.07781445\n  0.15882296  0.1004914  -0.06522371 -0.38772807  0.00902721  0.04129336\n  0.23848033  0.09843133 -0.08251848  0.09289367 -0.48688518  0.13404728]",
    "mechanosensory": "[-0.12949858 -0.03639996 -0.02189229 -0.11199244 -0.04299054  0.14927928\n -0.05043919  0.16268696 -0.26290835 -0.11110646  0.20267051 -0.15632179\n  0.18612674  0.1330983   0.07642176 -0.12662954  0.03154756 -0.03587695\n  0.03441855 -0.01296157  0.0877351   0.11451675  0.00718356 -0.06867121\n  0.10197945 -0.03901533  0.06764495 -0.11582582 -0.2442348   0.10548949\n  0.06023411  0.2299295  -0.01693802  0.24965994  0.01339747 -0.08889443\n -0.14446411 -0.34626566 -0.18413826 -0.04668003  0.09564681 -0.03020376\n -0.02450439 -0.30589454  0.00050096 -0.05108846 -0.02325568 -0.06582156\n -0.04259661  0.06836371 -0.23731857 -0.03330526  0.08816391  0.07731004\n  0.05556713  0.05714192  0.11137185  0.08347703 -0.03928084 -0.17286292]"
  },
  "neural_activity": {
    "mushroom_body": [
      0.12635954055289922,
      0.6510662603041527,
      0.6627929837081565,
      0.9059514415899972,
      0.694024905970108,
      0.13032535785611132,
      0.6785700910874193,
      0.25181423548906845,
      0.9354434499568303,
      0.9820695225306735,
      0.35894562736900226,
      0.09852715118231181,
      0.294853150261539,
      0.7462912346894797,
      0.7870932401371551,
      0.07062982415768515,
      0.48313936540704683,
      0.6622209359526908,
      0.115399259873879,
      0.6872873456110286,
      0.6981114122053442,
      0.504124699964496,
      0.8683273200191458,
      0.7166708401294236,
      0.6182749276751418,
      0.6232014757378306,
      0.39529436063508416,
      0.38233751371397573,
      0.7167883560053652,
      0.44552297638641014,
      0.9047130954552666,
      0.021405918043153394,
      0.7727889117003455,
      0.6159269939967781,
      0.06738501744015668,
      0.32597272676736,
      0.3087168672643883,
      0.9038271378155378,
      0.23784856178197233,
      0.18904989841550568,
      0.2210457214133057,
      0.848521080227047,
      0.3413897391223164,
      0.9617188178997028,
      0.787246394196182,
      0.10829421222201396,
      0.6481604816985572,
      0.7469217894494218,
      0.03391105392878513,
      0.15653537504224724,
      0.9992419020899515,
      0.6853055751030905,
      0.25484180859629757,
      0.9989993979407218,
      0.6524217395054385,
      0.6347337365749102,
      0.744143846619154,
      0.5150140806392638,
      0.7356517947329767,
      0.6376489951475847,
      0.45323207581238756,
      0.37210842438874125,
      0.7037428860280608,
      0.23895712561486693,
      0.5940955300660384,
      0.9945112193658604,
      0.707620198578572,
      0.9534313058612712,
      0.7114461577312933,
      0.4395467057289705,
      0.49249444180522495,
      0.06731022572559242,
      0.27550073951848686,
      0.8881137570119427,
      0.8104454683630198,
      0.58025781616706,
      0.5300344472969072,
      0.07180701688387292,
      0.3757757212457067,
      0.300809054944117,
      0.8118121304991793,
      0.8542922211831256,
      0.9187886496881005,
      0.9817062663157549,
      0.5612733835334486,
      0.2686584688003274,
      0.5043663782398784,
      0.18781304522437448,
      0.71123547918031,
      0.2222548857108344,
      0.5264317813777212,
      0.9750138797195244,
      0.07515074344946227,
      0.2914045013201676,
      0.7958427234065533,
      0.45715523003574077,
      0.5492189810560055,
      0.28384337953527417,
      0.4591770410905638,
      0.27511237675800737
    ],