{
  "step": 80,
  "insect_id": "Ant",
  "timestamp": 1753377493.3685138,
  "sensory_input": {
    "visual": [
      0.5190344098171005,
      -0.2682782591580447,
      -0.16163978992702638,
      2.4909530573295195,
      -0.058558638834413854,
      -0.7282382356244825,
      -0.34152532481711473,
      -1.1464454616595134,
      0.5936985765568598,
      -0.18133463925892446
    ],
    "olfactory": [
      -1.3660668992530547,
      -0.1466299123776756,
      -0.372150665236139,
      -0.6239123608331499,
      -0.7938661377868677
    ],
    "pheromonal": [
      -0.9605739156329914,
      -0.7765919316834259,
      -0.8849753574373299
    ],
    "mechanosensory": [
      0.4423354283505166,
      -0.23204918654737336,
      0.15734099446982514,
      0.8255803730805182
    ]
  },
  "processed_output": {
    "visual": "[ 0.48370704 -0.26337449 -0.41389891 -0.23805916 -0.14893251 -0.0678863\n -0.21525031 -0.31127286  0.03709734 -0.06359851  0.43672161 -0.38059223\n  0.08679063 -0.20386868 -0.0668935  -0.00802865 -0.56804778 -0.17376392\n  0.37600212  0.03384603 -0.01862647  0.24511026 -0.40982463 -0.08082755\n  0.55987484 -0.06669186  0.30773178 -0.17135564  0.16966632 -0.47320033\n -0.2889091  -0.29427431  0.07815176 -0.4804207   0.41487333  0.18380352\n  0.06236422 -0.35742694 -0.16977739  0.04581904  0.11447467  0.06240555\n -0.35980915  0.16131133 -0.09994823 -0.05412085  0.01502972 -0.33786293\n -0.430724    0.29303366  0.05264732 -0.16168065  0.28194318 -0.24669306\n  0.05259111  0.25279643 -0.09611818 -0.1005442  -0.05034414 -0.1008443\n -0.42240569 -0.12404382 -0.11517201  0.31923957 -0.23102826 -0.15650276\n  0.21953586 -0.08338795 -0.37295315 -0.1980618  -0.14869203 -0.07746661\n -0.52761956 -0.03103263 -0.38322743  0.27993218 -0.37382164 -0.16640784\n -0.1417682  -0.11865383  0.07284546 -0.18733987 -0.36899663  0.08606929\n -0.04271718 -0.31650283  0.18749046 -0.29065865  0.10103342 -0.02070509\n  0.17119206 -0.55473099  0.37801619  0.21338099  0.23722801 -0.23338474\n -0.06663943 -0.46703481 -0.13068106 -0.09596354  0.54273203  0.18250426\n -0.3673107   0.15837219  0.55380051 -0.33177904  0.00279921  0.2992552\n  0.26690171  0.0114685  -0.23462949  0.04014367 -0.25371691 -0.21507986\n -0.27809856  0.5768536   0.28920642 -0.17849994 -0.14067285  0.44156906\n  0.04009197 -0.48432653  0.02381104  0.14585851  0.21075982  0.22533254\n -0.61049853  0.11518713  0.09386921 -0.04607383  0.38694908  0.24686161\n  0.20070373  0.26953199 -0.08144653 -0.06037917 -0.4400812  -0.33023457\n -0.28933505 -0.23144037 -0.60988446 -0.69512562 -0.01368825  0.08015136\n -0.00484315  0.4242433   0.03932647  0.32357831  0.41523988  0.08412009\n -0.03995036 -0.17863383  0.3454418   0.65197331 -0.24971815 -0.23266918\n -0.12391406 -0.07943076  0.40952687 -0.04263049  0.25786102  0.15548263\n -0.15422558 -0.30318473 -0.28894316  0.35543519  0.06744505  0.40995134\n -0.28560843  0.07613597 -0.25137254 -0.09237217  0.05531908  0.09292422\n -0.08254065 -0.2366416   0.20791437 -0.42116296  0.20481459  0.03569403\n -0.28211944  0.50752619  0.20089028 -0.06185934  0.37514668 -0.27680309\n  0.28026339 -0.49971077  0.46329403 -0.22931306  0.01636285  0.26601628\n  0.25363325 -0.09922172 -0.09082479  0.23522086 -0.57692465  0.07810402\n -0.17043107  0.23605208]",
    "olfactory": "[ 0.01870794 -0.0372724   0.05681541  0.21148724 -0.10964532  0.27528039\n  0.03407421 -0.02601229 -0.04056321  0.09762344  0.05161424 -0.3447496\n -0.02207598 -0.30911165 -0.04720357  0.00598177  0.21503622 -0.08610351\n  0.10862017 -0.15717089  0.36724396 -0.20629446 -0.21459293 -0.11799098\n -0.03103111 -0.33068143  0.10135259  0.12233225  0.24061585 -0.10247752]",
    "pheromonal": "[ 0.15511184 -0.04385773 -0.09405205  0.06469804 -0.1668734   0.17828243\n  0.04787991  0.20383048  0.12530639  0.18482054  0.12551157 -0.32019089\n -0.07290956 -0.13414949 -0.00167479 -0.01828108 -0.00081416 -0.09050014\n  0.1730301  -0.05360527  0.20366059 -0.22164067 -0.16928033 -0.2973763\n  0.01502683 -0.17693324  0.14003856  0.0091863   0.12409877 -0.14153074]",
    "mechanosensory": "[-3.09929128e-02 -1.08730650e-01  6.03637047e-03 -9.63464751e-02\n  6.81018111e-02  1.43403545e-01  1.02224658e-02 -8.17846399e-02\n -3.38667142e-02 -2.76588473e-02  1.36277792e-01  6.62434981e-02\n -4.09617177e-02 -5.02831895e-02 -4.30836883e-02 -1.75552777e-01\n -1.40635753e-02 -1.39103695e-01  2.18550813e-01  2.60254725e-02\n  7.63725686e-02 -2.33767698e-02  8.06755288e-02  7.79139998e-02\n  1.02910500e-02  4.37991308e-02  6.56831419e-02 -1.68566745e-01\n -8.10327746e-02 -1.55929300e-01  9.99010785e-02  1.40667386e-01\n -2.04495819e-02  7.78844071e-02 -1.28808932e-02 -1.44611149e-02\n -1.75598338e-04 -1.23070241e-02  1.64667163e-01  1.63015671e-01\n  4.96965296e-02  1.62148882e-01  1.65342744e-02  7.40923742e-02\n  4.95913259e-02  1.16395358e-01 -1.01370012e-01 -1.10117921e-03\n  4.94892892e-02  3.79566938e-02  8.08103264e-02  1.22987573e-01\n  3.70014611e-02 -7.32886325e-02  2.21511513e-02  6.26827349e-03\n -1.60962738e-01  4.17943137e-02 -7.96070615e-03 -4.70490464e-02]"
  },
  "neural_activity": {
    "mushroom_body": [
      0.4924007237947772,
      0.14693464607642892,
      0.767210702383254,
      0.6248820631260946,
      0.9864482839136465,
      0.33642038262559837,
      0.4422341246408278,
      0.9350583906263176,
      0.8758108280827299,
      0.364067756289724,
      0.02099672115939233,
      0.3653858631904884,
      0.8151629850456615,
      0.6140212660019688,
      0.32891618603502437,
      0.18893806693942827,
      0.7905736907455317,
      0.49916065962944123,
      0.19717420637235406,
      0.9213049964468009,
      0.447226947943287,
      0.7632966728025157,
      0.8032316000008118,
      0.5535376916288629,
      0.07895300729288246,
      0.37207011325454553,
      0.17281634483101527,
      0.9955464920855303,
      0.7331206509221954,
      0.5386381999688542,
      0.39924139702265893,
      0.2069417262349741,
      0.18638278300294076,
      0.5276332937882693,
      0.6015984856107799,
      0.738477463568368,
      0.012070075146157544,
      0.39691921306107414,
      0.9742478701988332,
      0.24929524690375904,
      0.2769088846934247,
      0.5292959918493957,
      0.07966113583142909,
      0.21578219897423678,
      0.7698762304225306,
      0.28290490199427065,
      0.9405319902264295,
      0.6002708120426894,
      0.45739250176265134,
      0.4463890668275149,
      0.9356395009266144,
      0.2565397437437217,
      0.45391089141763574,
      0.6693230026315135,
      0.02617703582476605,
      0.02531896787827681,
      0.5251034861530219,
      0.7031803637078137,
      0.058529304862222964,
      0.01939748304062039,
      0.5974268143442467,
      0.12381889677257696,
      0.6523379317512753,
      0.9321946265931902,
      0.591086092657511,
      0.1240378689225623,
      0.9362653987395712,
      0.5070649457786084,
      0.0919345703443104,
      0.7666644812076299,
      0.08779127460972835,
      0.33673866917057105,
      0.5896370886961854,
      0.2909284330490943,
      0.7323145070044182,
      0.7236888826592979,
      0.5710198786593059,
      0.7176901664961559,
      0.24203636076752333,
      0.41260492944946736,
      0.8738631246179162,
      0.4024116122514887,
      0.24035654060282785,
      0.3736574116109701,
      0.03336379466983419,
      0.6106387280493265,
      0.9364508555576203,
      0.22944403673237168,
      0.4365801853721185,
      0.8738519447485829,
      0.5050267126920194,
      0.453349231079773,
      0.993777465048396,
      0.3051647484911183,
      0.5080186252800102,
      0.5197698326970429,
      0.18403870897738006,
      0.28479427375720423,
      0.10024162543381976,
      0.18808052763581162
    ],