{
  "step": 49,
  "insect_id": "Fruit_Fly",
  "timestamp": 1753377453.742465,
  "sensory_input": {
    "visual": [
      -0.7734820031873177,
      0.7783407116543838,
      -0.4527734288024568,
      -0.38295033551990243,
      -1.1660976641520915,
      0.9189133996813665,
      0.7740196893067417,
      1.4283662831549888,
      0.15195968343233773,
      -0.6864817674801559
    ],
    "olfactory": [
      -0.10398060189206149,
      0.15681379892888012,
      0.4081171644607327,
      -1.5970509007063198,
      -0.7670928295593815
    ],
    "pheromonal": [
      0.18824358511220038,
      -1.8467603105269426,
      -0.6032313196490378
    ],
    "mechanosensory": [
      0.4511976082327927,
      0.3076305014381049,
      0.52316738945682,
      0.5326270270477015
    ]
  },
  "processed_output": {
    "visual": "[ 0.10599153  0.28918322 -0.06046055 -0.02838489 -0.00730892  0.21385064\n  0.27936907 -0.05193294 -0.11800887 -0.17975043  0.3923885  -0.29949672\n  0.08983522  0.0755666  -0.06699874  0.22165288  0.30524927 -0.0403874\n  0.31350134  0.18235895  0.08399049 -0.13156271  0.32852367  0.25853178\n  0.17508789 -0.2727695   0.15025508 -0.30019387  0.18651887  0.26133987\n -0.19492578 -0.15853859  0.55816338 -0.58597295 -0.46390161  0.12233706\n -0.02935217  0.21504217 -0.23327636  0.22296354 -0.2219087   0.00970807\n -0.20999632  0.21594732  0.06990203 -0.03318046  0.38300001  0.38416883\n  0.15785215 -0.24091348 -0.37562587 -0.23315544 -0.1941474  -0.58596288\n -0.20844778  0.26019635  0.36382411 -0.18148884  0.20034437 -0.10468512\n  0.47676603  0.04508471  0.21112793 -0.21091746 -0.20195778 -0.18354816\n -0.13186846  0.40951076  0.47836043 -0.12267343  0.40228042 -0.25978573\n  0.0612369  -0.37166706  0.26996191  0.13669015 -0.3625831  -0.02500594\n  0.1811621  -0.06092088  0.16148929  0.5453729   0.10847031 -0.09330222\n  0.35247773  0.25885121  0.06065328 -0.31774139  0.06115924 -0.01779561\n -0.00239012  0.06412508  0.079874    0.14648653 -0.27025966  0.13324072\n  0.04735949 -0.31416359  0.14835871  0.30816527 -0.03782886  0.24565202\n  0.0862857   0.16057904  0.02023131  0.0389289  -0.02328114  0.26714382\n  0.05804056  0.18430113 -0.1322932  -0.06663182  0.17510925 -0.28229826\n  0.07723508 -0.1157144   0.26300418 -0.22217284 -0.04538411 -0.07554443\n -0.48561127  0.18737367  0.07019317 -0.0496691   0.04455477 -0.27181179\n  0.27165091  0.14091776  0.34193364  0.0439274  -0.10528279 -0.22061064\n -0.16131034  0.22623014  0.50827522  0.17156734 -0.04408967 -0.11487658\n -0.05866626 -0.28992268  0.13534334  0.34702563  0.27225742 -0.02603787\n -0.20277288  0.12736889 -0.08521331  0.06068477 -0.32680347  0.21066463\n  0.05890408  0.12205391  0.09545893 -0.29503033  0.28437182  0.28821996\n -0.10524312 -0.11084601 -0.38108184 -0.03657027  0.03480687  0.13581406\n  0.30310433 -0.05401735  0.21544782  0.12880706  0.34171929 -0.18595219\n -0.06779674 -0.27507277  0.01356442  0.25459796  0.06431041 -0.10264741\n  0.18459685 -0.10244139 -0.23663487  0.03036359 -0.65926779 -0.30816963\n -0.00367656  0.10458592 -0.37439509 -0.29287099 -0.0888438   0.18404198\n  0.15106613 -0.25810623 -0.15032984 -0.31163019  0.23037074  0.3784882\n -0.05180629  0.39883031 -0.12318122  0.07320335 -0.41620463 -0.101979\n  0.0393415   0.19995487]",
    "olfactory": "[ 0.20754515 -0.36260518 -0.0766195  -0.07380365  0.0599865  -0.1824042\n  0.05744586 -0.20853929 -0.28613914 -0.00489781  0.06735478  0.02803563\n  0.26257062  0.21472639 -0.1346814   0.10103151 -0.10342194  0.00710628\n  0.31417525 -0.02492153 -0.16530456  0.12784706 -0.07448185 -0.02498254\n -0.02699694  0.16287627 -0.10807775 -0.06442741  0.14375911 -0.01593824]",
    "pheromonal": "[-0.25815789 -0.07074311 -0.13974454 -0.22221373 -0.04458194  0.16327242\n -0.40028717 -0.11562065 -0.06561643  0.2606808   0.12257059  0.02738785\n -0.16612178  0.08651024 -0.12198535  0.12687165 -0.1210237  -0.0311736\n -0.08484081 -0.17488105  0.12486947  0.21915127 -0.47942651  0.2497427\n -0.08969392  0.17375028 -0.0910874   0.28294065  0.12700286  0.10357975]",
    "mechanosensory": "[ 0.00650853  0.02547829 -0.07783723 -0.00821932  0.14095457 -0.00689815\n  0.11308244  0.01607802  0.01950514 -0.14362959  0.0232529  -0.03473977\n  0.03237944 -0.05634033  0.0522661  -0.090359   -0.01336957 -0.02985718\n  0.00353955  0.03177082  0.0814887   0.02824991  0.01194465  0.11663173\n -0.04428749  0.07561705 -0.07638423  0.25280466  0.01149864 -0.09314442\n  0.13314852 -0.05559551 -0.05226365 -0.02531298 -0.07102616 -0.03182889\n  0.08710629  0.03896637 -0.05344914 -0.06517129 -0.05404834  0.05348146\n  0.0416434   0.03560039 -0.0821159   0.05447535 -0.01657515  0.10177289\n  0.08793061  0.09571015 -0.0267022  -0.06432263  0.2323906  -0.10336785\n -0.16506328 -0.04285778  0.06536818  0.06716366 -0.12837774  0.0677215 ]"
  },
  "neural_activity": {
    "mushroom_body": [
      0.9573342550431373,
      0.5685218001748344,
      0.1532728767834156,
      0.440756085521535,
      0.4259028932173351,
      0.8065279792960456,
      0.735175839227128,
      0.5075710583125029,
      0.3182408848813949,
      0.1857101658658754,
      0.147293821091668,
      0.5144536606534947,
      0.45121488345427196,
      0.4906687440412314,
      0.9154397942576439,
      0.03221105435352989,
      0.5357325732152792,
      0.1382546922159048,
      0.36067250393003913,
      0.5332526610283069,
      0.8730295292421824,
      0.04063562036991242,
      0.7485949842136878,
      0.3405914174807766,
      0.18318381682710538,
      0.5600384713303344,
      0.1937550886838283,
      0.5397260475592325,
      0.5783223468361413,
      0.9653669883642755,
      0.4658507608321515,
      0.041218211917091296,
      0.9430155978024163,
      0.2674308460540551,
      0.7293295369440447,
      0.57561750059022,
      0.8256796537657,
      0.8151716530122752,
      0.5281132367497178,
      0.8266383224215215,
      0.7639307513444167,
      0.2648371836316852,
      0.5252438849384159,
      0.5541905466888357,
      0.37818191129782974,
      0.7450469935471635,
      0.2806576625628212,
      0.970184082071879,
      0.823677363336939,
      0.978073118620327,
      0.49119614886596097,
      0.6255023153178355,
      0.3681622586961123,
      0.27170809027288534,
      0.7049624491081308,
      0.9090151895400193,
      0.41775828586490404,
      0.6095412889618553,
      0.585938072687339,
      0.8930936343998793,
      0.9166908334120343,
      0.8584724743974405,
      0.4721485132611529,
      0.4807210850130702,
      0.966113607256765,
      0.14152773929286366,
      0.6864110737296917,
      0.8136470071682644,
      0.6496913523967113,
      0.8044161094802286,
      0.6584368982773874,
      0.7552418973233255,
      0.616923263713886,
      0.3417038976597814,
      0.3231289351313176,
      0.1544216935411289,
      0.7029083784993677,
      0.5724367368870931,
      0.2916010291694956,
      0.02198318626477036,
      0.1818806884802623,
      0.9196557994989446,
      0.6893228355088742,
      0.8528493442801934,
      0.33072324176447354,
      0.4919088973308279,
      0.9279620406010517,
      0.28301492112311355,
      0.076863264671996,
      0.21435225530737068,
      0.47425321392117226,
      0.3668784589614873,
      0.8654826015894379,
      0.22710319324722184,
      0.7957563775459994,
      0.5848636850024898,
      0.9513743724371871,
      0.09511916040574064,
      0.46089376742698995,
      0.027475684173515202
    ],