{
  "step": 31,
  "insect_id": "Ant",
  "timestamp": 1753377453.5258186,
  "sensory_input": {
    "visual": [
      -0.036459224109232226,
      0.7205933707162813,
      1.8175024646784776,
      0.6796689592621863,
      0.35679111107369904,
      -0.09604869228598242,
      0.4876418392297636,
      1.426375570696959,
      -2.1394920526550183,
      -0.6259989317366491
    ],
    "olfactory": [
      0.18988020934677552,
      -1.390755791599829,
      0.5145220764453214,
      0.9473055933883852,
      1.4594157165277102
    ],
    "pheromonal": [
      0.8795422257418726,
      1.970374564183631,
      -0.44021628656803863
    ],
    "mechanosensory": [
      1.7605349801550125,
      -1.2375547217962353,
      -0.8298973448476846,
      -1.6031881317259247
    ]
  },
  "processed_output": {
    "visual": "[ 1.07559266e-01  1.85414541e-01  1.04992837e-01 -8.69742008e-02\n -2.98899769e-01 -2.51197191e-01  5.33121588e-02 -4.23726731e-01\n -2.75240851e-01  9.81035801e-02 -5.34683389e-01  4.03153351e-01\n -3.71479555e-03  2.37968061e-01  5.53724631e-02  1.08188672e-01\n  4.52546195e-01  2.51299333e-01  9.74674719e-03  1.47756554e-01\n -4.31438556e-02  1.28557090e-01  3.32880822e-01 -8.44271970e-02\n -3.37211586e-01  1.28004772e-01  3.77764139e-01 -1.33238596e-01\n  5.42353756e-01  4.42547316e-01 -3.34817515e-01 -5.32111173e-02\n -3.82756506e-01  3.92364984e-02 -2.83349704e-01 -9.18315470e-02\n -1.95614190e-01  1.99846823e-01 -1.21342014e-02  7.20042056e-02\n -4.83497430e-01  5.65817976e-01  1.81055279e-01 -1.20367988e-01\n  6.19021539e-01 -1.51100244e-01 -1.93263720e-01  1.44145307e-01\n  2.49730270e-01 -3.38521149e-01  2.01342740e-01 -1.91942198e-01\n  2.57955633e-01 -1.06458008e-01  3.51222108e-01  2.86384617e-01\n  9.19731090e-02 -2.61495944e-01  3.85595322e-01  2.87792711e-01\n -3.47263647e-01  7.78080976e-03 -4.05765314e-01  4.06273607e-02\n -3.43658066e-01  8.97794836e-02  1.07209799e-01  1.57881553e-01\n  3.86502563e-01  2.22028623e-01 -3.11217145e-01  2.56929189e-01\n  5.01026639e-01 -4.26779496e-02 -9.56388258e-02  4.62163471e-01\n -3.06005286e-01  1.72198350e-01 -9.92454906e-02 -6.19809800e-01\n  4.49134737e-02 -1.84653432e-01 -2.27102996e-01 -1.13380757e-01\n -1.92302467e-01 -1.34266419e-01 -6.43122063e-01  8.67449798e-02\n  3.54128114e-01 -6.18899504e-01 -3.30626603e-01  2.16628746e-01\n -4.07548216e-01  2.83372111e-01 -3.99308335e-01 -4.25251601e-01\n  2.21809936e-02  6.62575055e-01  7.88934605e-01 -7.51115407e-02\n -2.55053059e-01 -4.79673869e-01 -7.35139039e-02  5.16310079e-01\n  3.86081672e-01 -1.80932138e-01 -1.05893858e-01 -1.20898483e-01\n -1.39125111e-01  5.23727125e-01  7.19726498e-01  8.48299403e-02\n -8.57915524e-02 -2.78818958e-04  3.11520930e-01 -1.44660606e-01\n  1.82071391e-01  5.22793282e-01  1.51158812e-01 -4.84709672e-01\n -1.97570219e-01  2.88977509e-01  6.95802131e-02 -3.58378337e-01\n -2.75332997e-01  3.50306616e-01  5.49743024e-01 -1.39101184e-01\n -1.16331916e-01 -4.55636437e-01  2.89023581e-04  3.25632431e-01\n -2.00808459e-02  5.65399851e-01  1.45500619e-01  2.98862798e-02\n -2.87507831e-01 -1.23521890e-01  2.37079104e-01  4.32601992e-01\n -3.93723752e-02  5.88055302e-01 -1.44241896e-01 -2.98764060e-01\n  2.41359506e-01 -6.45933545e-01  2.50184706e-01 -6.22463441e-01\n -1.72325507e-01  7.91913483e-02 -2.55702127e-02  3.66720934e-01\n  4.38579077e-01  3.66656381e-01  2.07386674e-02  3.40496742e-02\n -3.00950548e-01  3.77274313e-01  1.06501074e-01  1.80281809e-01\n -5.86995361e-01 -1.24087930e-01  1.17391461e-01  1.55324515e-01\n  2.28425934e-01 -4.47685994e-01  3.76058743e-01 -4.59615129e-01\n -2.55170836e-02  6.47090755e-01 -4.21949776e-02 -5.49572252e-01\n -1.27001252e-01  2.42282669e-01  9.07272985e-02 -9.60045128e-02\n -5.78702218e-01 -4.52704732e-01 -4.21062840e-01 -2.40201352e-02\n  9.22479619e-02  1.77337383e-01 -3.99693587e-01 -3.40267451e-02\n  1.47601019e-01 -2.60949315e-01  4.00731587e-01 -1.67804752e-01\n -8.15903913e-02  2.57662592e-01 -3.63945465e-01  1.53634728e-01\n  2.53666845e-02  2.07239766e-02  1.06679292e-01  1.80315462e-01\n  1.11990160e-01 -2.26128070e-01 -4.05727343e-02 -2.23004811e-01]",
    "olfactory": "[ 0.54811147  0.06371295 -0.40274774 -0.25612961 -0.27642564 -0.29245444\n -0.05349725  0.20439261  0.24181907  0.3285667  -0.04146002 -0.19400883\n  0.0702087   0.37154436  0.07231705  0.04475002 -0.33515381  0.10754659\n  0.03781967  0.23826617 -0.20603355 -0.06894363 -0.01053953 -0.11706471\n  0.17930334  0.14522597  0.06114061  0.17675613 -0.2677144  -0.09752415]",
    "pheromonal": "[-0.58032327  0.19592042  0.31742154 -0.28137596  0.49240643 -0.12902246\n  0.03040256 -0.24552098 -0.07443242 -0.33612519 -0.03425928  0.45869438\n -0.02949388 -0.03870247  0.06680603 -0.23639271  0.22077186 -0.00550942\n -0.20574616  0.04346484 -0.14858964  0.27763929  0.3262824   0.19494739\n -0.2312688   0.19959355 -0.24173125 -0.27152324 -0.02687816  0.19520865]",
    "mechanosensory": "[-0.31683376  0.50928784 -0.13934559 -0.30577253  0.17116402  0.25865583\n  0.249072    0.12426589 -0.06010103 -0.48845413  0.31643981 -0.32817016\n  0.23407202  0.00287128  0.15046063  0.20838485  0.23703647  0.52714234\n -0.32983878 -0.07136474  0.06759677 -0.24834877 -0.05845472  0.05237136\n -0.05450676 -0.06924715  0.09805943 -0.01055341 -0.36377789  0.09880048\n -0.01265119 -0.06658013 -0.02159361 -0.22067244 -0.2621996   0.43442712\n  0.26845722 -0.19193926 -0.31239255  0.2902523  -0.24901477  0.40693215\n  0.12775532 -0.11791373 -0.20209567  0.05074767 -0.27971669 -0.00124478\n  0.16239436  0.05066798  0.34846428  0.10747067  0.18563983 -0.06925431\n  0.29965532  0.01632605 -0.07641838 -0.36433235  0.16506922 -0.32920561]"
  },