{
  "step": 95,
  "insect_id": "Ant",
  "timestamp": 1753377493.5443237,
  "sensory_input": {
    "visual": [
      -0.8906160339799646,
      -0.48569799525558943,
      0.4771583119732701,
      -0.08566542290927279,
      0.48907907143333545,
      0.5454206177313056,
      0.37919380178146755,
      1.6594762783908419,
      -1.3541681454237977,
      0.5765213388413584
    ],
    "olfactory": [
      0.1273617615220857,
      -0.6148048015888669,
      1.0866971908005991,
      0.16369186604017025,
      -0.8334893183297019
    ],
    "pheromonal": [
      1.2074311949186431,
      1.4924182435958586,
      -1.114643317235375
    ],
    "mechanosensory": [
      -1.4755549474678764,
      -0.40901891058087975,
      -1.6089399672299278,
      0.3862103376779867
    ]
  },
  "processed_output": {
    "visual": "[-0.3389791   0.35225767  0.41593892 -0.13809794 -0.22600877  0.1971415\n  0.05135469 -0.10376673 -0.15157221 -0.00532236 -0.42127074  0.215608\n -0.19508199  0.30459355  0.03329782 -0.11933561  0.50819344  0.20911385\n -0.26332506  0.12725974  0.31020257  0.0602562   0.44436694 -0.103926\n -0.38809291  0.12873278  0.17254358  0.41042973  0.35645585  0.28381176\n  0.07501144 -0.05007335 -0.32713815  0.33080026 -0.41856779 -0.1851098\n  0.03533187  0.43923672  0.25156805  0.10740803 -0.40547679  0.06364454\n  0.16334451 -0.50430267  0.34803008  0.13754664 -0.09997795  0.09139076\n  0.37835139  0.04676618  0.08237207  0.17384114  0.05065909  0.00133351\n  0.28841961  0.04192195  0.24798705 -0.42541443  0.10075407  0.03195217\n -0.14505903 -0.12203596 -0.21845601  0.02816986 -0.20995151  0.06373941\n -0.26092549  0.25259241  0.12579393  0.09520777 -0.0282007   0.34794384\n  0.14965299 -0.01296891  0.0317568   0.28302913  0.18735891 -0.05476531\n -0.03314269 -0.07074765  0.20404098 -0.08099486 -0.02771165 -0.29051673\n -0.24350658  0.15977325 -0.23256787  0.23144015  0.32985599 -0.55993843\n  0.11844426  0.18131105 -0.45995999 -0.23981774 -0.1127783  -0.36499381\n -0.07800369  0.49185192  0.43174567  0.25005993 -0.46701781 -0.25802119\n  0.17141425  0.18417658  0.15036521 -0.29356603 -0.09074502 -0.44695806\n -0.14565991  0.05178362  0.43792791  0.13864164 -0.04946321  0.27261205\n  0.28760122 -0.27155579 -0.16495338  0.28191949  0.20567249 -0.3628664\n -0.0711809   0.032842    0.03966565 -0.22920389 -0.13344957  0.40530347\n  0.61811352  0.06497684  0.32171551 -0.3486868  -0.08374254  0.15273308\n  0.06490881 -0.03888672 -0.04544496  0.02377012  0.13825721 -0.07618946\n  0.05337374  0.24906616  0.40394554  0.58759949  0.17335397 -0.0387578\n  0.12288745 -0.21914855  0.25356282 -0.24795539 -0.15851436 -0.37868121\n  0.2716049  -0.08640376  0.07404273 -0.21451633 -0.04527251  0.27464699\n  0.09924642  0.17973686 -0.15767562  0.24694536 -0.42976184 -0.17155935\n  0.27970713  0.13627223  0.06046304 -0.388459    0.10794491 -0.07102155\n  0.22077143  0.18409639 -0.0478493  -0.30137386 -0.26707674  0.42185412\n  0.13063524  0.00725752 -0.52133413 -0.1616208  -0.10875072  0.13921437\n  0.17871366  0.14943292 -0.30079398 -0.08365436  0.27766412  0.07140086\n -0.23211189 -0.06882619 -0.46506726  0.37206911 -0.16994903  0.0979755\n -0.17907333  0.05205228  0.14962976  0.09106605  0.18804707  0.12011951\n -0.20915639 -0.12360508]",
    "olfactory": "[ 0.14707099 -0.14024051  0.01166828  0.31565128 -0.26930346  0.09944624\n  0.0236751  -0.0569091  -0.21847944  0.07493485 -0.08370711 -0.04078333\n  0.141569   -0.03544191 -0.04779245  0.3306662  -0.10402358  0.10536077\n  0.11150206 -0.16291245 -0.13077397  0.03437449 -0.2355383   0.16450057\n  0.15012972  0.03485235  0.13442586  0.16469922 -0.01396922 -0.06343866]",
    "pheromonal": "[-0.59232002  0.03834123  0.30823999 -0.16396182  0.45264581 -0.03043832\n  0.04607373 -0.01926258 -0.02622086 -0.39044772  0.08871591  0.51313289\n -0.14181464 -0.0149437   0.02890117 -0.2082031   0.08345609 -0.08245424\n -0.12007244  0.00764416 -0.19977776  0.23739233  0.31615266  0.02184734\n -0.20602568  0.25546683 -0.17651952 -0.43129569  0.00191355  0.18270263]",
    "mechanosensory": "[ 0.13187415 -0.32086253 -0.00476894  0.20221983  0.09432681  0.05710111\n  0.17006793  0.2047438   0.15548787  0.23951707 -0.43001743 -0.25467818\n -0.04071626 -0.46534792 -0.1360072   0.35838743 -0.07260029 -0.25136414\n  0.00509217  0.15075292 -0.28220895 -0.17623526 -0.25437354 -0.0505336\n  0.11638393 -0.01013829 -0.02754055  0.31059112  0.06028227  0.60111636\n -0.13126499  0.00962516 -0.11115661  0.22948305  0.28865097 -0.32582164\n  0.00195926 -0.06919354  0.2165819  -0.00447105  0.00201146 -0.45758657\n  0.05931168  0.2957813   0.40618224 -0.22148646  0.31399212 -0.02417804\n -0.16225582 -0.20936137  0.32704984  0.00219491 -0.13772066 -0.00806084\n -0.20468285  0.21570498 -0.21271227  0.17679583  0.00133265  0.05577842]"
  },
  "neural_activity": {
    "mushroom_body": [
      0.4924007237947772,
      0.14693464607642892,
      0.767210702383254,
      0.6248820631260946,
      0.9864482839136465,
      0.33642038262559837,
      0.4422341246408278,
      0.9350583906263176,
      0.8758108280827299,
      0.364067756289724,
      0.02099672115939233,
      0.3653858631904884,
      0.8151629850456615,
      0.6140212660019688,
      0.32891618603502437,
      0.18893806693942827,
      0.7905736907455317,
      0.49916065962944123,
      0.19717420637235406,
      0.9213049964468009,
      0.447226947943287,
      0.7632966728025157,
      0.8032316000008118,
      0.5535376916288629,
      0.07895300729288246,
      0.37207011325454553,
      0.17281634483101527,
      0.9955464920855303,
      0.7331206509221954,
      0.5386381999688542,
      0.39924139702265893,
      0.2069417262349741,
      0.18638278300294076,
      0.5276332937882693,
      0.6015984856107799,
      0.738477463568368,
      0.012070075146157544,
      0.39691921306107414,
      0.9742478701988332,
      0.24929524690375904,
      0.2769088846934247,
      0.5292959918493957,
      0.07966113583142909,
      0.21578219897423678,
      0.7698762304225306,
      0.28290490199427065,
      0.9405319902264295,
      0.6002708120426894,
      0.45739250176265134,
      0.4463890668275149,
      0.9356395009266144,
      0.2565397437437217,
      0.45391089141763574,
      0.6693230026315135,
      0.02617703582476605,
      0.02531896787827681,
      0.5251034861530219,
      0.7031803637078137,
      0.058529304862222964,
      0.01939748304062039,
      0.5974268143442467,
      0.12381889677257696,
      0.6523379317512753,
      0.9321946265931902,
      0.591086092657511,
      0.1240378689225623,
      0.9362653987395712,
      0.5070649457786084,
      0.0919345703443104,
      0.7666644812076299,
      0.08779127460972835,
      0.33673866917057105,
      0.5896370886961854,
      0.2909284330490943,
      0.7323145070044182,
      0.7236888826592979,
      0.5710198786593059,
      0.7176901664961559,
      0.24203636076752333,
      0.41260492944946736,
      0.8738631246179162,
      0.4024116122514887,
      0.24035654060282785,
      0.3736574116109701,
      0.03336379466983419,
      0.6106387280493265,
      0.9364508555576203,
      0.22944403673237168,
      0.4365801853721185,
      0.8738519447485829,
      0.5050267126920194,
      0.453349231079773,
      0.993777465048396,
      0.3051647484911183,
      0.5080186252800102,
      0.5197698326970429,
      0.18403870897738006,
      0.28479427375720423,
      0.10024162543381976,
      0.18808052763581162
    ],