{
  "step": 50,
  "insect_id": "Fruit_Fly",
  "timestamp": 1753377466.673736,
  "sensory_input": {
    "visual": [
      -0.7478709007477108,
      -1.7346759496485682,
      -0.5773257366766953,
      -0.7161769611363756,
      -0.3551531615433365,
      0.1245770256658586,
      1.1335839125605092,
      0.9296913600608151,
      -0.06875107689395459,
      1.5429731659901673
    ],
    "olfactory": [
      -0.1581583475600421,
      0.17164565648870103,
      -0.0811757421529849,
      -0.5482251397704592,
      -0.7022155001592445
    ],
    "pheromonal": [
      2.0581305019044045,
      -1.5650483903511734,
      -1.1708499823102767
    ],
    "mechanosensory": [
      -1.0815931129127263,
      -1.4208316354657764,
      -0.2823616489561034,
      1.2920753318774552
    ]
  },
  "processed_output": {
    "visual": "[ 4.73676482e-02  2.57979686e-01 -2.11901987e-01 -2.78388615e-01\n -1.01843978e-01  1.70085578e-01  4.30887417e-01  9.15141789e-02\n -4.73258254e-01  1.85153202e-01  3.79890541e-01 -4.46468288e-01\n  3.01948388e-01  2.73687434e-01 -2.81376252e-01 -3.41752616e-02\n  2.38194380e-01 -4.23480862e-01  4.74676915e-01  7.23668713e-02\n  1.69455913e-01 -4.66256605e-01 -5.81377950e-01 -7.16759988e-02\n  3.84273250e-01 -7.18783580e-02 -3.21741627e-01 -1.01854471e-01\n -1.85854025e-01  1.26729314e-01  1.29431640e-01 -4.46836278e-01\n  3.20209106e-01 -4.13862478e-01 -1.50584380e-01  6.73024358e-01\n  2.46573837e-01 -2.66863728e-01 -8.98305245e-02  2.59771313e-01\n  9.99075345e-02  1.92915995e-01 -2.06051640e-01 -3.00030287e-01\n  3.06764750e-01 -2.25842758e-01 -2.02343156e-01  3.50499393e-02\n  1.79337008e-01 -1.16243538e-01 -6.55222206e-02  3.87807416e-02\n  3.36359600e-01 -1.66289526e-01 -2.55620944e-01  2.28709273e-01\n  2.81134639e-02  3.70859012e-01  1.49822915e-01  4.48010150e-03\n  3.22596993e-01 -1.44818792e-01  2.75324130e-01  3.38336900e-02\n -4.16871150e-01  1.24658824e-01  4.69866659e-01  1.20221776e-01\n  3.76529978e-01  2.59540015e-01  6.61815737e-01 -4.88117279e-01\n -1.54849239e-01 -1.52868961e-01  2.79816247e-01  5.64217511e-01\n  2.90989008e-04  3.59057055e-01  8.22706783e-02 -3.35350839e-02\n  3.82114868e-01  3.11167899e-02  1.18781894e-02  1.94694913e-02\n -9.39782942e-02  2.60514828e-01  1.45264378e-01 -1.87178479e-01\n  1.04013223e-01  9.27191669e-03  2.41286309e-01  4.03239551e-01\n -4.58748509e-01 -7.12171613e-02  3.06532897e-01 -7.26248398e-02\n -4.12280204e-01  3.48805030e-01 -4.17652027e-01 -2.91441098e-01\n -3.64393927e-01  3.74745182e-01 -8.74855432e-02  7.17282204e-02\n -7.40038054e-02 -2.65372781e-01 -5.22724223e-01 -3.23584219e-01\n  1.52288120e-01  4.70466658e-01 -8.45434580e-02  6.62500037e-02\n -4.79511549e-01  1.38435393e-01 -3.86534495e-01 -5.02573776e-01\n -9.07437161e-02  1.21615509e-01  4.22818158e-02 -1.60875747e-01\n -2.04870837e-01  3.69675327e-01  3.33451647e-01  6.70148740e-01\n  1.03232538e-01 -2.16845171e-01 -3.03841343e-01  1.51983467e-02\n  3.18968792e-01  2.88252826e-01  1.43314780e-01 -2.37453371e-01\n -4.91675665e-01  1.75766168e-01 -1.51551145e-01 -2.42296393e-01\n -4.13620246e-01 -3.17172334e-01 -7.93696690e-02 -6.45604206e-01\n -8.14797286e-02 -1.49685943e-01  8.71368154e-03 -5.45038250e-01\n -1.23792126e-01  2.02397009e-01  3.97925152e-01  7.56737952e-02\n -1.92602777e-01 -1.29955451e-01 -4.83123952e-01 -1.45359084e-01\n  4.85423298e-02 -1.34360001e-01  5.62294810e-01 -4.61749220e-01\n  1.75067512e-01 -1.79796462e-01  3.49887382e-01  1.51514064e-01\n  4.28598279e-01 -2.05571183e-01  7.92970241e-02  3.65454987e-01\n  5.93480640e-02  2.78288137e-01  1.65269304e-01 -1.15206835e-02\n  4.63208577e-01  2.73363323e-01  1.79183887e-01  1.67596827e-01\n -8.00376204e-03  2.04427190e-01 -3.18522315e-01 -6.33282828e-01\n  1.53364575e-01  2.81664920e-02  2.56157529e-02  1.87670798e-01\n  1.99163305e-01 -3.97611253e-01 -3.83864941e-01  2.74692279e-01\n -1.32529403e-01  1.52380076e-01 -3.35919086e-01 -9.92039523e-02\n  1.13712208e-01 -5.14130585e-01 -3.18922976e-01 -1.00670546e-01\n  1.87585788e-01  4.05565195e-01 -4.15244133e-01  2.20031815e-01\n -2.55986165e-01  1.87044362e-01 -1.44192484e-01 -1.02889580e-01]",
    "olfactory": "[ 0.16075645 -0.14566715 -0.03236424  0.02823423  0.12880155 -0.13787047\n  0.01503885 -0.05481228 -0.14524475 -0.07321848  0.01160449  0.04509316\n  0.12313448  0.07823351 -0.06928925  0.03598775  0.03210382  0.06243435\n  0.14065832 -0.0139552  -0.10955784  0.02999689 -0.0451459  -0.09706303\n  0.09191467  0.06378397 -0.12660948 -0.02327949  0.15135101 -0.04714919]",
    "pheromonal": "[-0.41621937  0.11648683 -0.14498306 -0.2311886   0.21178589  0.22591823\n -0.20081566  0.07763238  0.07220403  0.62586649  0.14748416 -0.1179284\n -0.13962619 -0.04866523  0.11793884 -0.0960208  -0.06818599 -0.37996629\n -0.06274779 -0.37538109  0.12057821 -0.02971837 -0.42336351  0.20880124\n -0.33354351  0.08444334 -0.25254309  0.44685541  0.4599792   0.31643988]",
    "mechanosensory": "[ 5.44112938e-02 -1.73212902e-01 -1.47202282e-01  3.76887469e-02\n -2.19297443e-01  6.47229104e-02 -7.69635094e-03 -3.00174759e-01\n -6.89286914e-02 -1.99130890e-01 -2.68786052e-01 -2.65629735e-01\n -1.03557479e-01  1.50684648e-01  9.57554402e-02  2.66541256e-01\n  2.63743858e-01 -2.66609318e-02  1.11924942e-01 -1.35736450e-01\n -1.23006775e-01 -9.41860135e-02  1.96365198e-02  5.49203382e-01\n  1.12846934e-01  3.61901963e-02  2.35843984e-01 -7.95290201e-02\n  1.09571769e-01 -5.48853007e-02 -1.56195594e-01 -1.97622473e-01\n  5.33251422e-02  1.20849590e-01  1.02438921e-01  4.81260017e-02\n -1.05264695e-01 -2.06652969e-02  1.00206777e-02  3.52874998e-01\n -2.02052309e-01 -6.39723729e-02  1.50146069e-01 -3.43265805e-01\n  2.89268581e-02  3.31275147e-01  7.30381883e-02  6.28848440e-02\n  6.84862527e-02 -5.71944145e-01 -3.03826304e-01 -3.46217949e-01\n -1.91643877e-01  1.76523053e-02 -1.71273159e-03  2.41197092e-04\n  1.22747602e-02  2.03189062e-01  1.02614432e-01 -1.01277806e-01]"
  },