{
  "step": 75,
  "insect_id": "Honeybee",
  "timestamp": 1753377473.8174143,
  "sensory_input": {
    "visual": [
      -0.28223910175450434,
      -1.1946209094835347,
      0.6175153248118541,
      0.37574730914389565,
      0.8470113374480359,
      -1.487765500254669,
      1.3980991315251863,
      -0.1378527054492515,
      0.51452487797295,
      0.9665931747868799
    ],
    "olfactory": [
      0.01942329635946562,
      0.45719003704893635,
      -0.05987935737761992,
      -0.1667355046732773,
      0.7821229567301672
    ],
    "pheromonal": [
      0.21254954028991987,
      0.08849399567623964,
      -1.5460115919983586
    ],
    "mechanosensory": [
      -0.5644748202323793,
      -0.2632131032649403,
      -0.5681680067399535,
      -1.0164552325989837
    ]
  },
  "processed_output": {
    "visual": "[-0.14365569  0.19434242 -0.32218486 -0.11044844 -0.40613535  0.07880999\n -0.07667634  0.07144015 -0.13641327  0.07757573  0.19872239 -0.33941239\n  0.09743619  0.0385192   0.24621149  0.07616322  0.04134154 -0.03399433\n -0.2078121   0.43800163 -0.06136226 -0.38040919 -0.30472052 -0.1210268\n  0.51564051  0.25259723 -0.10483173  0.19132609 -0.3996128   0.15483152\n -0.35934604 -0.40035455  0.1909579  -0.35348433 -0.15676939  0.30419451\n -0.09494455 -0.32669296 -0.21329302  0.26996665 -0.15233366 -0.40199173\n  0.13250841 -0.2814771  -0.03617477  0.18933047  0.09634579  0.29653211\n  0.18124999 -0.03584218 -0.11329616 -0.05878896  0.13933005 -0.26615928\n -0.39917379  0.46385093 -0.0584411  -0.01474005 -0.18412545  0.13242191\n  0.14374577  0.00494096 -0.02269332  0.14780578  0.2639165  -0.06695615\n  0.34263749  0.22578513 -0.08078065  0.36439037  0.00601811  0.07689481\n  0.14315724 -0.34451567 -0.45393685 -0.2121875  -0.08883846  0.50392114\n -0.01734132  0.02648278 -0.34751197 -0.23916405 -0.11971718 -0.20342255\n -0.45790814  0.24746364 -0.17082129  0.30679101  0.04595478 -0.46053155\n  0.01496696 -0.44165625 -0.49841567  0.23016411  0.16747803 -0.2421343\n  0.19606943 -0.21965419  0.18619119  0.04126653  0.12067356  0.3109268\n -0.07553509 -0.10340784 -0.48438403 -0.08109352 -0.04422378  0.17225038\n  0.08340076  0.04278552 -0.22516751  0.05229716  0.0958488   0.30631123\n -0.35676762  0.36755896  0.01233519 -0.42796644  0.48209687  0.32914018\n -0.32131484 -0.13623029  0.44029244 -0.26161125 -0.07899447  0.13281373\n  0.21245365  0.19597182  0.1924505   0.45756619  0.46480336  0.07865682\n -0.41597011  0.36987069  0.03515282 -0.00751323 -0.0637463  -0.29666148\n -0.14331848  0.40401176  0.03776161 -0.2435159   0.34806939  0.08080247\n -0.27861761  0.04993084 -0.2307753   0.25377885  0.08112881 -0.02112799\n -0.24731596  0.66805168 -0.28077821 -0.43426029 -0.38128978  0.00150855\n -0.38010931 -0.41302754 -0.19866926  0.23164713  0.59945461  0.18154428\n  0.29795511 -0.07383231 -0.00993698 -0.00163993  0.1516407   0.10246126\n -0.26423294  0.10997509 -0.49168981 -0.02873163 -0.06442362  0.28494184\n -0.13551107  0.07411468  0.34857081 -0.36192125 -0.17016646  0.2917029\n  0.45533133 -0.03515659  0.07084576 -0.08294659  0.20569727  0.06931365\n  0.13941292 -0.14080085 -0.4155655   0.29510314 -0.22277082  0.15132434\n  0.183653    0.06906425 -0.197898    0.13180934 -0.10478458 -0.10235939\n  0.0798069   0.18707126]",
    "olfactory": "[-0.13853328 -0.03483337  0.03609297 -0.17507444  0.08462179 -0.01628784\n  0.07973506  0.11694351  0.03521807 -0.07664636  0.00273934 -0.0778761\n  0.09691992  0.06307514  0.01660581 -0.07518256 -0.16322047 -0.00520197\n  0.01701438  0.02116494 -0.02584053 -0.062344   -0.0956037  -0.06577502\n  0.04548121  0.04458086  0.03059979 -0.06585989 -0.11417463  0.11246948]",
    "pheromonal": "[ 1.71543738e-01 -2.07804365e-01 -1.53333997e-01 -1.40111839e-01\n  3.78802420e-01 -2.16375138e-01 -1.38515518e-01  1.75951840e-04\n -2.91221283e-01  2.73784886e-02  2.47812034e-01 -2.86656145e-01\n  5.79126054e-02 -1.50093998e-01  3.06848067e-01 -1.36875275e-02\n  1.55906667e-03  1.40054075e-02 -1.62264247e-01 -3.03284544e-01\n  4.03820880e-02 -2.02573651e-01  5.91381853e-02 -1.41138165e-01\n  2.64140500e-01  4.82583869e-02 -3.59745450e-02  1.74101951e-01\n -1.59008869e-02  1.03849727e-01]",
    "mechanosensory": "[ 0.03924392  0.04379444  0.01347427  0.16928454 -0.02624628  0.10080115\n -0.01506629  0.02434021  0.10250045 -0.09716391  0.04980961  0.2133402\n -0.13002748  0.04315164  0.11910833 -0.09183626 -0.01556093 -0.07423061\n  0.18609276  0.09884126 -0.06470405 -0.14918867 -0.19838535 -0.0087992\n  0.14535797  0.06694683 -0.0898055   0.02446668 -0.00478432  0.19556189\n  0.16828109 -0.21364968 -0.14798702 -0.01999633 -0.17730158  0.00565907\n  0.04241349 -0.05247468  0.02790844 -0.13289616  0.10286549 -0.31018972\n  0.03272588  0.04814225 -0.0274364   0.07951791 -0.21867889 -0.21287379\n -0.05487174 -0.18192186 -0.04435405 -0.03166516  0.06110088  0.17850456\n -0.05644074 -0.03328952  0.11596327 -0.04179718 -0.05013313  0.06741462]"
  },
  "neural_activity": {
    "mushroom_body": [
      0.12635954055289922,
      0.6510662603041527,
      0.6627929837081565,
      0.9059514415899972,
      0.694024905970108,
      0.13032535785611132,
      0.6785700910874193,
      0.25181423548906845,
      0.9354434499568303,
      0.9820695225306735,
      0.35894562736900226,
      0.09852715118231181,
      0.294853150261539,
      0.7462912346894797,
      0.7870932401371551,
      0.07062982415768515,
      0.48313936540704683,
      0.6622209359526908,
      0.115399259873879,
      0.6872873456110286,
      0.6981114122053442,
      0.504124699964496,
      0.8683273200191458,
      0.7166708401294236,
      0.6182749276751418,
      0.6232014757378306,
      0.39529436063508416,
      0.38233751371397573,
      0.7167883560053652,
      0.44552297638641014,
      0.9047130954552666,
      0.021405918043153394,
      0.7727889117003455,
      0.6159269939967781,
      0.06738501744015668,
      0.32597272676736,
      0.3087168672643883,
      0.9038271378155378,
      0.23784856178197233,
      0.18904989841550568,
      0.2210457214133057,
      0.848521080227047,
      0.3413897391223164,
      0.9617188178997028,
      0.787246394196182,
      0.10829421222201396,
      0.6481604816985572,
      0.7469217894494218,
      0.03391105392878513,
      0.15653537504224724,
      0.9992419020899515,
      0.6853055751030905,
      0.25484180859629757,
      0.9989993979407218,
      0.6524217395054385,
      0.6347337365749102,
      0.744143846619154,
      0.5150140806392638,
      0.7356517947329767,
      0.6376489951475847,
      0.45323207581238756,
      0.37210842438874125,
      0.7037428860280608,
      0.23895712561486693,
      0.5940955300660384,
      0.9945112193658604,
      0.707620198578572,
      0.9534313058612712,
      0.7114461577312933,
      0.4395467057289705,
      0.49249444180522495,
      0.06731022572559242,
      0.27550073951848686,
      0.8881137570119427,
      0.8104454683630198,
      0.58025781616706,
      0.5300344472969072,
      0.07180701688387292,
      0.3757757212457067,
      0.300809054944117,
      0.8118121304991793,
      0.8542922211831256,
      0.9187886496881005,
      0.9817062663157549,
      0.5612733835334486,
      0.2686584688003274,
      0.5043663782398784,
      0.18781304522437448,
      0.71123547918031,
      0.2222548857108344,
      0.5264317813777212,
      0.9750138797195244,
      0.07515074344946227,
      0.2914045013201676,
      0.7958427234065533,
      0.45715523003574077,
      0.5492189810560055,
      0.28384337953527417,
      0.4591770410905638,
      0.27511237675800737
    ],