{
  "step": 66,
  "insect_id": "Honeybee",
  "timestamp": 1753377473.7039034,
  "sensory_input": {
    "visual": [
      0.2961138748795289,
      -1.6153426328419107,
      0.38043035451394785,
      0.4502659393627953,
      0.5737778071333854,
      -0.7431528730707896,
      0.4082566384378948,
      1.1187157067299884,
      -1.471931945964293,
      -1.354082895978733
    ],
    "olfactory": [
      -0.8249867675725004,
      -1.0606442013524124,
      -0.4819311893614677,
      1.2411810664000515,
      -2.286819757409206
    ],
    "pheromonal": [
      1.6561814137900692,
      -0.0808979867765596,
      -1.530904560678579
    ],
    "mechanosensory": [
      0.5471133817129359,
      -1.139589007921763,
      -1.322298793546193,
      0.7601487286511559
    ]
  },
  "processed_output": {
    "visual": "[-0.04968055 -0.08405859  0.0923401   0.32617632 -0.21574675 -0.10734731\n -0.05703172  0.1531925   0.15692066 -0.01089222 -0.14830352 -0.58228444\n  0.12946873 -0.21308691 -0.26862922 -0.06264094  0.12091774 -0.0203485\n  0.52201969 -0.22397429 -0.3612037  -0.01982967 -0.112048    0.09371482\n  0.38134869 -0.02472875  0.47106157 -0.10575455 -0.45773093  0.07286139\n  0.06782114 -0.52276148 -0.06360553  0.28142477  0.04974247  0.26867071\n -0.04643421 -0.17242939 -0.18665721  0.00565915 -0.39681037 -0.36122361\n  0.04330738  0.0560179   0.20126671  0.37419502 -0.06902741 -0.21219133\n  0.04630791 -0.36685808 -0.06288812 -0.123656    0.21557115  0.19914044\n -0.53798632  0.18322726 -0.15629091 -0.28020296 -0.01565852  0.32844499\n -0.08476276  0.18674268 -0.39379821 -0.19909068 -0.03726147 -0.10354153\n  0.71378276  0.54192535 -0.48439115 -0.48478795  0.39348248 -0.3286182\n  0.20093935 -0.1278381  -0.31745805  0.14504607 -0.46292265  0.08091692\n  0.05891031 -0.1574822  -0.23332077 -0.16156822 -0.38871173 -0.23943919\n -0.10754334  0.47308616  0.32404437  0.15775697 -0.08659012  0.24119657\n -0.00885839 -0.23298462  0.13910592 -0.19800482  0.28125648  0.05136213\n -0.16979743 -0.46417326 -0.29181695 -0.04436336  0.23202594 -0.13404776\n  0.40650011 -0.30206434 -0.43577118 -0.31739531  0.35238438 -0.07769249\n  0.1532887   0.03029069  0.41689798 -0.26550911  0.09891998 -0.39393703\n  0.28783871  0.37920757  0.11144536 -0.08900234 -0.28760982  0.47052888\n -0.2090466  -0.06612534 -0.28028074 -0.00621368  0.05961177 -0.15337258\n -0.08931871 -0.04818792 -0.16816917  0.27595512  0.27092295  0.31098225\n  0.04798462  0.35562694  0.19585454  0.13363845 -0.22697468 -0.32383499\n  0.19427682 -0.25323603  0.17328437 -0.17156136  0.3133723  -0.5130356\n -0.00465977  0.01243094 -0.00936459  0.42705458  0.34357836  0.44049971\n -0.06664247  0.01154734  0.31482268 -0.18316963 -0.08840741 -0.16355962\n -0.0163531   0.2077388   0.11621226  0.2299038   0.26834963 -0.01334264\n  0.09407976 -0.2869693  -0.32940168 -0.05793915  0.15163161  0.16055114\n  0.04021139  0.40381499 -0.05859391  0.0815538  -0.22416766 -0.16757829\n  0.229225    0.02280178  0.17332449  0.61337604  0.50233165  0.12592819\n  0.12970121 -0.24441366 -0.27279959  0.36540686  0.16723012 -0.4587867\n  0.07568964 -0.04164097 -0.02326544  0.05304604 -0.42439989  0.32133819\n -0.03524544 -0.19797295 -0.26764059 -0.08928212 -0.11400378 -0.36468307\n  0.20134808 -0.02576508]",
    "olfactory": "[ 0.53592327  0.25249365 -0.12605965  0.38815386 -0.225346    0.01586562\n -0.17801391 -0.42503441 -0.09019566  0.10659859  0.2318844   0.03137542\n -0.147289   -0.25233397  0.08014356 -0.02097403  0.40141851 -0.14716421\n -0.12950292  0.04457476 -0.00740469  0.01671944  0.24859896  0.264254\n -0.15948182 -0.02995902 -0.18963629  0.37605547 -0.00439804 -0.23086068]",
    "pheromonal": "[ 0.18335619 -0.34488063 -0.17635268 -0.25833407  0.29790842 -0.40671965\n -0.13335407  0.01446256 -0.35194629  0.20211422  0.14578161 -0.30654824\n -0.11607691 -0.05205358  0.33303399  0.31117983  0.05122091  0.07568851\n -0.28313632 -0.43016084  0.0951099   0.03827609 -0.01822304 -0.23131163\n  0.24912544  0.04670449  0.01699172  0.09870931  0.34613153  0.00771156]",
    "mechanosensory": "[-0.10687312 -0.3316343   0.10698147 -0.15494231 -0.09374118 -0.01933931\n  0.22562229  0.20755951 -0.30083019 -0.02322559  0.35189024 -0.34362987\n  0.41655671 -0.14169954 -0.04733221 -0.37256539  0.04753158  0.10428111\n  0.0051443  -0.20441133  0.16999359 -0.09712633  0.03336238 -0.1989825\n  0.16366571  0.01746487  0.20383794 -0.09099581 -0.5159151   0.17039502\n  0.131017   -0.26986744  0.24487679  0.09631294 -0.12356838 -0.33958826\n -0.05450069 -0.25563635 -0.13892645 -0.03399043  0.04045197  0.01677147\n  0.15642496 -0.22036106 -0.02946624 -0.1161588   0.23341706  0.14468072\n -0.17011466  0.18920562 -0.34171047  0.03464047  0.41476904  0.16951979\n -0.09701235 -0.02202926 -0.07901842 -0.14840645 -0.1993369  -0.44070427]"
  },
  "neural_activity": {
    "mushroom_body": [
      0.12635954055289922,
      0.6510662603041527,
      0.6627929837081565,
      0.9059514415899972,
      0.694024905970108,
      0.13032535785611132,
      0.6785700910874193,
      0.25181423548906845,
      0.9354434499568303,
      0.9820695225306735,
      0.35894562736900226,
      0.09852715118231181,
      0.294853150261539,
      0.7462912346894797,
      0.7870932401371551,
      0.07062982415768515,
      0.48313936540704683,
      0.6622209359526908,
      0.115399259873879,
      0.6872873456110286,
      0.6981114122053442,
      0.504124699964496,
      0.8683273200191458,
      0.7166708401294236,
      0.6182749276751418,
      0.6232014757378306,
      0.39529436063508416,
      0.38233751371397573,
      0.7167883560053652,
      0.44552297638641014,
      0.9047130954552666,
      0.021405918043153394,
      0.7727889117003455,
      0.6159269939967781,
      0.06738501744015668,
      0.32597272676736,
      0.3087168672643883,
      0.9038271378155378,
      0.23784856178197233,
      0.18904989841550568,
      0.2210457214133057,
      0.848521080227047,
      0.3413897391223164,
      0.9617188178997028,
      0.787246394196182,
      0.10829421222201396,
      0.6481604816985572,
      0.7469217894494218,
      0.03391105392878513,
      0.15653537504224724,
      0.9992419020899515,
      0.6853055751030905,
      0.25484180859629757,
      0.9989993979407218,
      0.6524217395054385,
      0.6347337365749102,
      0.744143846619154,
      0.5150140806392638,
      0.7356517947329767,
      0.6376489951475847,
      0.45323207581238756,
      0.37210842438874125,
      0.7037428860280608,
      0.23895712561486693,
      0.5940955300660384,
      0.9945112193658604,
      0.707620198578572,
      0.9534313058612712,
      0.7114461577312933,
      0.4395467057289705,
      0.49249444180522495,
      0.06731022572559242,
      0.27550073951848686,
      0.8881137570119427,
      0.8104454683630198,
      0.58025781616706,
      0.5300344472969072,
      0.07180701688387292,
      0.3757757212457067,
      0.300809054944117,
      0.8118121304991793,
      0.8542922211831256,
      0.9187886496881005,
      0.9817062663157549,
      0.5612733835334486,
      0.2686584688003274,
      0.5043663782398784,
      0.18781304522437448,
      0.71123547918031,
      0.2222548857108344,
      0.5264317813777212,
      0.9750138797195244,
      0.07515074344946227,
      0.2914045013201676,
      0.7958427234065533,
      0.45715523003574077,
      0.5492189810560055,
      0.28384337953527417,
      0.4591770410905638,
      0.27511237675800737
    ],