{
  "step": 65,
  "insect_id": "Fruit_Fly",
  "timestamp": 1753377473.6985312,
  "sensory_input": {
    "visual": [
      0.1607715825968495,
      1.9827226618681673,
      1.3560406492162604,
      -0.8899887776928591,
      -0.11212607368848207,
      -3.2337356674091473,
      -0.21985018469110254,
      -0.4618255259408657,
      0.7163172629272051,
      0.17986491368986599
    ],
    "olfactory": [
      -0.5944432304961026,
      0.46219208023234154,
      0.12908100839230913,
      -0.4489860494053072,
      1.5297959381637374
    ],
    "pheromonal": [
      -1.3279297258519809,
      0.8171072251169424,
      -2.3406296006655216
    ],
    "mechanosensory": [
      0.07544151437960898,
      0.6709316162609649,
      0.9052526745844081,
      1.6097410436501938
    ]
  },
  "processed_output": {
    "visual": "[-0.10615873  0.02273351  0.23901077  0.48811014  0.00882704  0.06042901\n -0.33968142  0.16057597 -0.51399325  0.21011805 -0.01240129  0.31718938\n -0.00204426  0.48315607 -0.17965626 -0.36105395 -0.42514294 -0.20592151\n -0.39285863  0.01323491 -0.2916863   0.00759873  0.09739257  0.3533497\n -0.15522313 -0.67884215  0.43686413  0.39725396 -0.25559943 -0.19105067\n  0.34811778 -0.07861963  0.17101205  0.58467507  0.40649475 -0.49389526\n -0.43612694  0.16513715 -0.12645881 -0.75667474 -0.05399685 -0.0760386\n  0.19067019 -0.32671079 -0.4747166   0.32843803 -0.42349587 -0.43301982\n  0.17783889  0.45038328  0.61908129 -0.25897457 -0.36328335  0.25978987\n -0.41703564 -0.04542464  0.11231494  0.13609297 -0.45718336 -0.40795736\n -0.41784843 -0.18851745  0.0198785  -0.19460937 -0.43950238 -0.48122062\n -0.19687889  0.05485065 -0.71243159  0.31898656 -0.77075575 -0.0599492\n  0.12547316 -0.30914219 -0.64606654 -0.75642205 -0.21370029 -0.11222203\n  0.3947128   0.19322519 -0.21090354 -0.08309516  0.11868034  0.4796309\n  0.24927299 -0.50934992  0.30571168 -0.36532241 -0.5584928  -0.61803832\n -0.61784872 -0.52874685  0.36220495  0.13083113 -0.56163648  0.46504616\n -0.0971749   0.10726517 -0.53561676 -0.6274764   0.71040946 -0.13660263\n  0.25409127  0.11844188  0.37356828  0.11821091  0.40201897  0.24996271\n  0.3289743  -0.06018632  0.40166615  0.00956266  0.35042578 -0.09577225\n  0.27004187 -0.38986881 -0.29108122  0.63621856  0.2816068   0.45596389\n  0.1767162  -0.26487465 -0.00124743  0.14799091  0.09666262  0.61896398\n -0.04117235 -0.01989549 -0.48213652  0.10825818 -0.16023185  0.31608749\n  0.62058203  0.63710551  0.03654712  0.15867723  0.62728122 -0.08267192\n -0.16917416  0.46841675 -0.03727208  0.26281012 -0.60742995  0.59104173\n  0.0307028   0.20590231 -0.29930548  0.40251894  0.3959781   0.41655911\n  0.12368113  0.18847755  0.02959335  0.52536107 -0.73930153  0.16346099\n  0.69586628 -0.61814091 -0.18506506  0.18923461 -0.53933783  0.44343242\n -0.28859246 -0.1380363  -0.80571084  0.02716351  0.23483196 -0.16648188\n -0.24668848  0.22283327  0.26921182 -0.32359701 -0.61238931  0.02583338\n  0.11504268  0.19786781  0.42329202 -0.66548304  0.26091964 -0.19460553\n -0.1276033   0.16265859  0.79167973 -0.40772903  0.74422708 -0.51185412\n -0.24152093  0.64047054 -0.48069187  0.35969458 -0.01978238 -0.12260292\n  0.32425322 -0.02809365  0.35272646 -0.57413854 -0.14222727  0.19477271\n  0.33398218  0.62399572]",
    "olfactory": "[-0.08714945  0.24878223  0.14567045 -0.10184441 -0.13417696  0.03814599\n  0.09760036 -0.23518851 -0.0076427  -0.08147349  0.06116872  0.1043767\n -0.21324381  0.03775521  0.13167206 -0.19205293 -0.35949929 -0.1599513\n -0.08376981  0.01549618  0.17680989 -0.02244169  0.20554086  0.12139015\n -0.31107006 -0.03993251  0.29236607 -0.13858984 -0.49277261 -0.17070342]",
    "pheromonal": "[ 0.20250484  0.56024243  0.20587981  0.13026303  0.5687744  -0.29663172\n -0.04023863 -0.21567294 -0.19808121 -0.38824683  0.07531758  0.41938872\n -0.40565597 -0.01913495  0.17864123 -0.42527965 -0.20775424 -0.00387863\n -0.15559333 -0.18345523  0.10510368 -0.19465564  0.02543675 -0.31122308\n  0.03150844 -0.0452056  -0.16982229 -0.01191185 -0.13328661 -0.48899598]",
    "mechanosensory": "[ 0.03836275 -0.09772739 -0.17238053 -0.15197312  0.26926103  0.04731995\n  0.17545052  0.06503337 -0.05540772 -0.17737466 -0.03051523 -0.13393551\n  0.03219784 -0.11075232  0.30765844 -0.11791603  0.05202763 -0.07897716\n  0.10405217  0.04180131  0.13107228 -0.07325942 -0.01939528  0.35047304\n -0.04210162  0.08840083 -0.04213936  0.46229883  0.07160078 -0.12869071\n  0.29837401 -0.10786341 -0.14381799  0.0838756  -0.07477801 -0.06765442\n  0.1736413   0.02517354 -0.0704876   0.05267438 -0.11957566 -0.04340576\n  0.12257568  0.00112386 -0.29917682  0.17421972  0.04695442  0.17647492\n  0.20561736  0.00605017 -0.18829249 -0.12950275  0.38115605 -0.27406541\n -0.39664589 -0.11033038  0.15655216  0.20817349 -0.22469856  0.15971854]"
  },
  "neural_activity": {
    "mushroom_body": [
      0.9573342550431373,
      0.5685218001748344,
      0.1532728767834156,
      0.440756085521535,
      0.4259028932173351,
      0.8065279792960456,
      0.735175839227128,
      0.5075710583125029,
      0.3182408848813949,
      0.1857101658658754,
      0.147293821091668,
      0.5144536606534947,
      0.45121488345427196,
      0.4906687440412314,
      0.9154397942576439,
      0.03221105435352989,
      0.5357325732152792,
      0.1382546922159048,
      0.36067250393003913,
      0.5332526610283069,
      0.8730295292421824,
      0.04063562036991242,
      0.7485949842136878,
      0.3405914174807766,
      0.18318381682710538,
      0.5600384713303344,
      0.1937550886838283,
      0.5397260475592325,
      0.5783223468361413,
      0.9653669883642755,
      0.4658507608321515,
      0.041218211917091296,
      0.9430155978024163,
      0.2674308460540551,
      0.7293295369440447,
      0.57561750059022,
      0.8256796537657,
      0.8151716530122752,
      0.5281132367497178,
      0.8266383224215215,
      0.7639307513444167,
      0.2648371836316852,
      0.5252438849384159,
      0.5541905466888357,
      0.37818191129782974,
      0.7450469935471635,
      0.2806576625628212,
      0.970184082071879,
      0.823677363336939,
      0.978073118620327,
      0.49119614886596097,
      0.6255023153178355,
      0.3681622586961123,
      0.27170809027288534,
      0.7049624491081308,
      0.9090151895400193,
      0.41775828586490404,
      0.6095412889618553,
      0.585938072687339,
      0.8930936343998793,
      0.9166908334120343,
      0.8584724743974405,
      0.4721485132611529,
      0.4807210850130702,
      0.966113607256765,
      0.14152773929286366,
      0.6864110737296917,
      0.8136470071682644,
      0.6496913523967113,
      0.8044161094802286,
      0.6584368982773874,
      0.7552418973233255,
      0.616923263713886,
      0.3417038976597814,
      0.3231289351313176,
      0.1544216935411289,
      0.7029083784993677,
      0.5724367368870931,
      0.2916010291694956,
      0.02198318626477036,
      0.1818806884802623,
      0.9196557994989446,
      0.6893228355088742,
      0.8528493442801934,
      0.33072324176447354,
      0.4919088973308279,
      0.9279620406010517,
      0.28301492112311355,
      0.076863264671996,
      0.21435225530737068,
      0.47425321392117226,
      0.3668784589614873,
      0.8654826015894379,
      0.22710319324722184,
      0.7957563775459994,
      0.5848636850024898,
      0.9513743724371871,
      0.09511916040574064,
      0.46089376742698995,
      0.027475684173515202
    ],