{
  "step": 31,
  "insect_id": "Honeybee",
  "timestamp": 1753377453.522362,
  "sensory_input": {
    "visual": [
      1.979977066165522,
      0.9107131529102829,
      -0.9403759717436472,
      0.10727721008355855,
      -0.14663192169700068,
      -1.7027578402330747,
      1.2388628093531218,
      1.4936835947091787,
      0.6387192124496844,
      0.2804868553790772
    ],
    "olfactory": [
      0.12020314043490947,
      0.7382993388327551,
      0.5533905627886755,
      0.48585281208068265,
      -0.16170224548729922
    ],
    "pheromonal": [
      -0.13756154224768313,
      -1.0123816066926357,
      0.5159621018083351
    ],
    "mechanosensory": [
      -0.45733755315685987,
      -1.9388783582218034,
      -0.9184684137705086,
      0.5282456172845165
    ]
  },
  "processed_output": {
    "visual": "[ 3.16441945e-01 -3.39678219e-01 -2.85508530e-01 -8.89300704e-02\n  5.41874680e-02  5.10933282e-02  2.69229280e-01 -2.64543571e-01\n  3.65294992e-01 -2.72811382e-01  2.68472742e-01  2.62424523e-01\n -5.38910916e-01 -5.30010502e-01 -1.11786838e-01 -9.48886987e-02\n -3.70295034e-01 -2.08126876e-01  2.24071867e-01 -3.19200926e-01\n  2.27368681e-01 -2.36891221e-01  2.29322481e-01 -2.76093781e-01\n -3.07998919e-01  1.16678644e-01 -1.42199325e-01 -3.19506150e-01\n  5.02889527e-01 -4.57467130e-02  6.15708254e-01 -4.45258070e-01\n -1.93630566e-01 -1.45965110e-01 -1.23509098e-01  5.88217702e-01\n  3.67779849e-01 -2.78940584e-01  5.00106542e-01  3.68801908e-01\n -3.51259010e-01  4.60543779e-02 -3.41543591e-01  1.28914922e-01\n -1.52459134e-01  3.86230733e-01 -6.36606872e-01  4.83309323e-02\n  3.80799642e-01 -2.89481736e-01  6.25448366e-02 -2.10264038e-01\n  5.08299666e-01 -1.92252699e-01 -1.66375005e-01  6.91017099e-02\n  3.29938898e-01  4.20316999e-01  1.18300058e-01  8.24533088e-02\n  2.56909494e-01 -3.98655120e-01 -1.73800531e-01 -2.64400703e-01\n  6.37748488e-01 -4.38105762e-01 -4.12504711e-02  6.98441023e-02\n -1.79709676e-04 -1.31253926e-01  2.40157390e-01  6.33957296e-03\n -1.91837104e-01  4.69042696e-01 -4.41486627e-01 -1.05325613e-01\n -8.39666430e-02 -1.24000047e-02  3.45557475e-01 -2.26568577e-01\n  8.50760038e-02 -1.42737274e-01 -3.01250440e-01  2.80043642e-01\n  1.25047170e-01 -1.75510520e-01  1.46719578e-01 -2.42010915e-01\n -1.62374068e-01 -1.45051266e-01 -3.71025612e-01 -5.14512216e-01\n  3.19802918e-01 -6.24607213e-02  7.03018945e-01  5.08733387e-02\n -8.26067682e-02 -9.36679516e-03  3.59703473e-01 -7.52077740e-01\n  6.43198568e-01 -1.55355575e-01 -5.67441895e-02  2.80945017e-01\n  1.42063526e-01  1.26400764e-01  1.52997852e-01 -1.39593478e-01\n -3.16193577e-01 -4.49150485e-02 -4.96041003e-01  5.03759363e-02\n  7.66628867e-01 -5.32610837e-01 -5.69221061e-03 -4.32654629e-01\n  1.01342957e-01  1.84937281e-02 -1.41348565e-01 -2.78417673e-01\n -7.29165570e-01 -8.25247641e-02 -5.03489081e-01  1.95773931e-01\n -4.54951978e-02  4.56747328e-01  2.87739081e-01 -3.04452676e-01\n  3.46989800e-01  3.57508270e-01  5.35888032e-01  6.61864625e-02\n -5.32242188e-01  1.88424920e-01  3.38124695e-01 -1.38901697e-01\n -2.07397269e-01 -3.58751491e-01  1.85637810e-02  6.09461012e-02\n  3.66517514e-01  5.27700459e-01  3.75397129e-01  3.97525245e-01\n  1.13885636e-01  3.82970217e-01 -1.30802765e-01 -1.42072803e-02\n -4.17711640e-01 -1.74703798e-01 -1.09226756e-01  2.78778387e-01\n  2.17561934e-01 -1.48608210e-01  2.09260729e-02  6.82636919e-01\n -1.45377245e-01  1.62979731e-01  3.63293353e-01  1.23071787e-01\n  5.59592902e-01 -2.39393490e-01  1.24880773e-01 -1.87439910e-02\n  3.87262253e-01  1.80873979e-01  2.66798320e-01  1.41757696e-01\n -1.50700459e-01 -1.60007229e-01 -2.92367391e-01  4.12069116e-01\n  4.82777320e-01  2.97376530e-01  5.70103286e-02  1.20627821e-01\n  5.40175823e-01 -9.78025847e-02 -1.80241801e-01  2.16547201e-01\n -8.48783796e-02  1.18727181e-01 -1.22704877e-01  4.16188963e-02\n -3.94366425e-01  3.45543611e-01  5.24815774e-01  3.98179023e-01\n  1.81398615e-01 -1.75623616e-02  2.96116617e-01  7.23583335e-02\n  1.08434315e-01  4.72970166e-01  8.04617021e-03  2.10143321e-01\n -4.54534346e-01 -8.00713392e-02 -1.95098015e-01 -2.59726189e-01]",
    "olfactory": "[ 0.0493122   0.13262761  0.15034633 -0.14635399 -0.23724357 -0.06073181\n  0.07779622 -0.05705254  0.25415121 -0.13639897  0.10838389  0.13358271\n -0.08549276  0.10457724 -0.15483785 -0.08270632 -0.01154251 -0.09300769\n  0.09065711  0.25057816 -0.06716367  0.08899288 -0.19604369  0.09248486\n -0.04999585  0.11886355 -0.0312574  -0.08969654 -0.11641981 -0.09563701]",
    "pheromonal": "[-0.06350824  0.10215959 -0.0588425   0.22547107 -0.18667765  0.17092244\n  0.07562058 -0.03311908 -0.03607764  0.17053871 -0.27823659  0.01330482\n  0.02089387  0.01847608 -0.04062147  0.14533557  0.04090933  0.01531642\n -0.07144631  0.01123579  0.01574795  0.13991284  0.14164616  0.06002498\n -0.2634081  -0.13621485  0.02347518  0.04520781  0.15016256 -0.00638338]",
    "mechanosensory": "[ 0.05047583 -0.35216228  0.15698543  0.0228568  -0.07777616 -0.10931765\n  0.30416065  0.11732952 -0.00337045  0.02398481  0.25963108 -0.15639827\n  0.2459982  -0.27836206 -0.07596153 -0.38296829 -0.02618282  0.14069647\n  0.09101887 -0.17060878  0.07231179 -0.33655126 -0.07385564 -0.14702473\n  0.19478221  0.08810901  0.13584772  0.03147172 -0.39203039  0.21407314\n  0.19959361 -0.63311089  0.22390452 -0.15885731 -0.28950476 -0.30605903\n  0.10733411  0.02603695  0.04002928 -0.08613578  0.02527174 -0.11000899\n  0.23559723  0.10025353 -0.04935175 -0.04921421  0.16053982  0.12561816\n -0.20323829  0.0559319  -0.23355319  0.06987013  0.45382067  0.24339127\n -0.19501695 -0.11830184 -0.15105757 -0.31160828 -0.2467211  -0.35108838]"
  },