{
  "step": 20,
  "insect_id": "Ant",
  "timestamp": 1753377433.9576766,
  "sensory_input": {
    "visual": [
      -0.37443526430353347,
      -0.35240659969791094,
      -1.3519129775132948,
      -1.434558151224901,
      0.8619534503715749,
      -0.35802420763343923,
      0.41417937206463834,
      1.1694581678288938,
      0.5435270657904896,
      -0.7846776377131547
    ],
    "olfactory": [
      -0.734213123206987,
      -1.9117269538239532,
      -0.001972726520216554,
      0.47307768698185015,
      -0.7165435134616047
    ],
    "pheromonal": [
      -0.03379176607623797,
      -0.00932673307580682,
      0.8333437424220079
    ],
    "mechanosensory": [
      0.2944495585001169,
      -0.7885914218054447,
      0.0928803372521531,
      0.429410720684973
    ]
  },
  "processed_output": {
    "visual": "[-0.50883378  0.54274155 -0.16009112  0.20142004 -0.20708028  0.07446555\n  0.32606843  0.3969436   0.07915584  0.02493465  0.26801515  0.00124346\n  0.31332514 -0.25409426  0.01656916 -0.17563133 -0.01019099 -0.24786911\n -0.41600223 -0.01569143  0.30026424  0.10768138  0.39591095  0.00796747\n -0.64736587 -0.12415193 -0.46819665  0.10149048 -0.61282596  0.2969884\n  0.51393713 -0.00219501  0.33397993  0.34705504 -0.34589153  0.10347972\n  0.132393    0.23849697  0.09542434  0.30422954  0.15746217  0.04118573\n  0.12193146 -0.36498109  0.21479169  0.37317839 -0.09493355  0.34773421\n  0.36913036 -0.18453343 -0.04694267  0.26718939  0.05487828  0.16380465\n -0.19869763 -0.35666357 -0.01119761  0.40837781 -0.21340373 -0.35808371\n -0.07862808 -0.0501775   0.2497458   0.17048275  0.40917229  0.4775753\n -0.24446334 -0.23810386  0.49223488  0.28960539 -0.06067049 -0.17577721\n  0.18409804 -0.18530367  0.22709066 -0.2513496   0.52320232  0.20227477\n  0.12411672  0.54192267 -0.18833401  0.30592769 -0.17112421  0.04711505\n  0.43994469  0.32536781  0.56645731 -0.26418358  0.07901838  0.43393821\n  0.17195789  0.31533811  0.21287942  0.04396899 -0.03534237  0.28219741\n  0.50017113  0.19278075 -0.12346297 -0.06475077 -0.14677928 -0.10728237\n  0.51077311 -0.25343671 -0.46310755  0.29959231 -0.1978714  -0.2512637\n -0.07470213  0.0955902  -0.04857381 -0.24790667 -0.02727862 -0.38869063\n  0.11234781 -0.34231029  0.16003601 -0.08184763 -0.09476421 -0.12070637\n -0.44048125  0.18005044 -0.15038733 -0.0549155   0.11957664 -0.31248336\n  0.64133488 -0.11902294  0.08628374  0.05974124 -0.21779669 -0.45312514\n -0.12175633  0.0317288  -0.16392744  0.06684801  0.32183693  0.43578834\n -0.1029788  -0.19480994  0.32963418 -0.01739264  0.07820527  0.49974904\n -0.0086824  -0.0024065   0.23942857  0.11655875 -0.13388206 -0.30027765\n  0.28676143 -0.10744026 -0.16052968 -0.67793432  0.01967026  0.07873159\n  0.37108704  0.01414049 -0.0437401  -0.08816895  0.24036864 -0.1283988\n -0.21626259 -0.40033711 -0.07076636 -0.27227965 -0.36875921 -0.27682812\n  0.02067729 -0.29422857  0.31896286  0.40381943 -0.06029044  0.06746797\n  0.15861309 -0.18738775  0.21484547  0.37589043  0.23179676  0.08512085\n  0.43126769  0.08067618 -0.15582474  0.32744757 -0.33354636  0.23595893\n -0.45522212  0.33739024 -0.64262282 -0.01267891  0.25117497 -0.03353335\n -0.02456671  0.07767788 -0.10174502 -0.19700593  0.15110557 -0.14573913\n  0.33620945  0.14332302]",
    "olfactory": "[ 0.37376314 -0.23442497 -0.14353061  0.39952924 -0.50048046  0.29284128\n  0.09655368  0.2769302  -0.05810239  0.3188828   0.0875706  -0.3815244\n  0.05745494 -0.12752231 -0.0430282   0.37244528 -0.22383179  0.01466632\n  0.35956458 -0.22501388 -0.00876077 -0.21806478 -0.43833167 -0.24002879\n  0.21449219 -0.08223657  0.33604921  0.13671239  0.08194183 -0.25250056]",
    "pheromonal": "[ 0.13698824  0.04274079 -0.05161195 -0.00626058 -0.06131364 -0.08641339\n -0.03629177 -0.12963871 -0.05432527  0.05755293 -0.1042826  -0.04554887\n  0.09615482  0.05364197  0.00087278  0.06179969  0.00784507  0.07793062\n -0.05573976  0.02761335 -0.01325336  0.03105497 -0.02288143  0.15628588\n  0.04838389 -0.01637537 -0.020901    0.16939824 -0.0575582   0.00722453]",
    "mechanosensory": "[-0.1144704  -0.07287995 -0.04878253 -0.13463749  0.1340589   0.224803\n  0.0589245  -0.02630502 -0.02730199 -0.02979827  0.07127355  0.05638644\n  0.01771112 -0.08663853 -0.04689272 -0.16000238  0.03762124 -0.02980381\n  0.08498289  0.01821903 -0.00623951 -0.1101354  -0.04963273  0.06453476\n -0.00774051  0.0521575   0.00973844 -0.16232225 -0.17405708 -0.09540664\n  0.09636069  0.06572785  0.04697602 -0.02270508  0.07018695  0.08593043\n  0.05357331  0.0120654   0.10044818  0.24644168  0.02882474  0.12686979\n  0.08134176  0.12902865  0.0362026   0.03561381 -0.12477154 -0.04114465\n  0.02584147 -0.03409117  0.11240794  0.15517932  0.04343237 -0.0715797\n  0.09209396  0.0691323  -0.09643631 -0.00570011 -0.0426059  -0.09940882]"
  },
  "neural_activity": {
    "mushroom_body": [
      0.4924007237947772,
      0.14693464607642892,
      0.767210702383254,
      0.6248820631260946,
      0.9864482839136465,
      0.33642038262559837,
      0.4422341246408278,
      0.9350583906263176,
      0.8758108280827299,
      0.364067756289724,
      0.02099672115939233,
      0.3653858631904884,
      0.8151629850456615,
      0.6140212660019688,
      0.32891618603502437,
      0.18893806693942827,
      0.7905736907455317,
      0.49916065962944123,
      0.19717420637235406,
      0.9213049964468009,
      0.447226947943287,
      0.7632966728025157,
      0.8032316000008118,
      0.5535376916288629,
      0.07895300729288246,
      0.37207011325454553,
      0.17281634483101527,
      0.9955464920855303,
      0.7331206509221954,
      0.5386381999688542,
      0.39924139702265893,
      0.2069417262349741,
      0.18638278300294076,
      0.5276332937882693,
      0.6015984856107799,
      0.738477463568368,
      0.012070075146157544,
      0.39691921306107414,
      0.9742478701988332,
      0.24929524690375904,
      0.2769088846934247,
      0.5292959918493957,
      0.07966113583142909,
      0.21578219897423678,
      0.7698762304225306,
      0.28290490199427065,
      0.9405319902264295,
      0.6002708120426894,
      0.45739250176265134,
      0.4463890668275149,
      0.9356395009266144,
      0.2565397437437217,
      0.45391089141763574,
      0.6693230026315135,
      0.02617703582476605,
      0.02531896787827681,
      0.5251034861530219,
      0.7031803637078137,
      0.058529304862222964,
      0.01939748304062039,
      0.5974268143442467,
      0.12381889677257696,
      0.6523379317512753,
      0.9321946265931902,
      0.591086092657511,
      0.1240378689225623,
      0.9362653987395712,
      0.5070649457786084,
      0.0919345703443104,
      0.7666644812076299,
      0.08779127460972835,
      0.33673866917057105,
      0.5896370886961854,
      0.2909284330490943,
      0.7323145070044182,
      0.7236888826592979,
      0.5710198786593059,
      0.7176901664961559,
      0.24203636076752333,
      0.41260492944946736,
      0.8738631246179162,
      0.4024116122514887,
      0.24035654060282785,
      0.3736574116109701,
      0.03336379466983419,
      0.6106387280493265,
      0.9364508555576203,
      0.22944403673237168,
      0.4365801853721185,
      0.8738519447485829,
      0.5050267126920194,
      0.453349231079773,
      0.993777465048396,
      0.3051647484911183,
      0.5080186252800102,
      0.5197698326970429,
      0.18403870897738006,
      0.28479427375720423,
      0.10024162543381976,
      0.18808052763581162
    ],