{
  "step": 80,
  "insect_id": "Honeybee",
  "timestamp": 1753377493.365032,
  "sensory_input": {
    "visual": [
      -0.25184628213733184,
      0.19498804943234085,
      0.6829950406673406,
      1.1374024301844388,
      0.12878150730001714,
      -0.8503835547329147,
      0.0354239924702292,
      1.7118549367603264,
      1.0178635801600893,
      0.8194365234502055
    ],
    "olfactory": [
      -0.1178737543437357,
      0.9240735368008401,
      -0.3902689161373253,
      0.5114699286995188,
      0.7170039387631545
    ],
    "pheromonal": [
      -0.03593554407559501,
      0.9203177385093325,
      0.6090617797079934
    ],
    "mechanosensory": [
      -0.2500473970337482,
      -0.43338556175354054,
      0.30779324291452986,
      -0.46140608209515444
    ]
  },
  "processed_output": {
    "visual": "[ 0.10951226 -0.19643756  0.07222903 -0.08129966  0.09304123  0.0339771\n -0.24590923 -0.02423555  0.10021358 -0.17758773  0.40430005 -0.00770862\n -0.17238515 -0.08457181  0.2166226   0.18037648 -0.09429868 -0.23700542\n  0.08143729 -0.22778994  0.12275851 -0.27404149 -0.24291922 -0.40595828\n -0.19965258 -0.00516613 -0.0249755   0.35840944 -0.13342763  0.24809611\n  0.10708822 -0.34403951 -0.12090153 -0.13392965 -0.15874367 -0.06931563\n  0.04833886 -0.02956223 -0.13559859  0.24890953 -0.26149218  0.09715388\n -0.3609399  -0.20088572 -0.41388206  0.26965727 -0.36300973  0.22610925\n -0.29825181 -0.17544737 -0.03717334 -0.01342856  0.44108924  0.12598177\n -0.2381052   0.29212117 -0.22795368  0.11187748 -0.27657294  0.03000486\n  0.24884559 -0.23526897  0.3014213   0.05778117  0.07727296  0.0531446\n  0.29005332  0.25470384 -0.47123224 -0.36289073  0.11449226 -0.15296527\n -0.25350742 -0.2237751  -0.19647079 -0.15364114  0.02663791  0.22368783\n -0.2015307  -0.3065066  -0.35258871 -0.28695705 -0.05772411  0.24861352\n -0.07572814 -0.15415276 -0.0524493  -0.24260754 -0.17463727 -0.197992\n -0.19827578 -0.09085421 -0.29581668 -0.21679153  0.2261737  -0.17219014\n  0.26161317 -0.50699239  0.44531012 -0.46047342  0.33646397  0.37657208\n -0.20480266  0.22703668 -0.00348961 -0.25941668 -0.30514987  0.30692545\n -0.40618966 -0.04376615 -0.33524106  0.0995448   0.6019127  -0.03880666\n -0.50682429  0.14962893 -0.01626206  0.02534643  0.1276459  -0.1666996\n -0.0633811  -0.38551691 -0.17418145  0.23385686  0.11409652  0.38138145\n  0.24514047 -0.13597704 -0.08127412  0.34895861 -0.06718647  0.05573489\n -0.48266152  0.18548246  0.05491234  0.07045148  0.06101227 -0.03924279\n  0.23173098  0.23939035  0.37152259  0.07713817 -0.0407692   0.36723394\n  0.03421196  0.2709449   0.14779302  0.24218424  0.09994622 -0.16129191\n -0.07076363  0.19665188  0.24589487 -0.41890416  0.1349359   0.27814913\n -0.34030961  0.12792504  0.30692897  0.12746433  0.51361177  0.49729793\n  0.07988816  0.15734409  0.39438199  0.37401671  0.26788376  0.08703171\n  0.10005595 -0.23659085 -0.00492797  0.09798321  0.16203539  0.55831001\n  0.11525836  0.11673984  0.03399157 -0.31148766  0.06654567 -0.05948736\n -0.24583136  0.55698607  0.11004951  0.00160044  0.08874921 -0.3717861\n  0.20331539 -0.05324889 -0.13854065  0.13978164  0.27070538 -0.0734816\n  0.20215814 -0.03767165  0.1774424  -0.11413852  0.20579698  0.18955584\n -0.27952297 -0.01139919]",
    "olfactory": "[ 0.02029082  0.07016905  0.06731452 -0.33230439  0.01731008 -0.12363523\n  0.13314729  0.02731261  0.11031592 -0.17144274  0.20489929 -0.1766098\n  0.11886934  0.06544314  0.06850926 -0.19785887 -0.19364212 -0.13350648\n -0.03511485  0.13676255 -0.09190663 -0.10333739 -0.20319428 -0.0097633\n  0.03149994  0.16181152 -0.04043108  0.02576376 -0.29923669  0.12405627]",
    "pheromonal": "[-0.0627372   0.0536074   0.16676762 -0.1192619  -0.10152458 -0.00715215\n  0.02651375  0.03182921  0.24590185 -0.18654099  0.09644273  0.19643983\n -0.05977797  0.0892373  -0.18629029 -0.13520508 -0.0413719  -0.02562249\n  0.18619826  0.21228446 -0.04488396  0.00800967 -0.17798537  0.04475437\n  0.06752942  0.09797353  0.00244373 -0.16763097 -0.13881467 -0.06739154]",
    "mechanosensory": "[ 2.32565045e-02  3.66579543e-02  3.51756577e-02  1.32518121e-01\n -1.45335259e-02 -6.37036810e-02  6.31777157e-02 -1.01335190e-01\n  8.01056499e-02  3.02194887e-02 -6.13833099e-02  1.78216830e-01\n -8.03813928e-02 -6.97893608e-02  2.98922594e-02  4.78489083e-03\n  8.21169150e-02 -5.40651651e-02  4.12872382e-02  1.21269851e-02\n -4.37747204e-02 -8.06256472e-02 -1.16617836e-01 -6.02827941e-02\n -1.50833326e-02  8.36244937e-02 -7.80132312e-02  4.79217597e-02\n  2.16921623e-02  4.29654658e-02  4.37401795e-02 -1.53392694e-01\n -1.87824612e-02 -1.34823068e-01 -3.17611696e-02 -2.58895842e-02\n  9.71271412e-02  1.47540696e-01  9.94269989e-02 -1.33325256e-03\n -3.85371544e-02 -1.86470233e-01  3.40257938e-02  1.31118859e-01\n -2.27909833e-02  6.98176722e-02 -1.38438339e-02 -6.54286848e-02\n  4.65853536e-03 -1.06383392e-01  1.49751579e-01 -2.14582906e-02\n  8.35150349e-05  1.92113211e-02 -9.27883381e-02 -1.63248710e-02\n  3.73895362e-03 -7.92876735e-03  2.23393911e-02  1.09770409e-01]"
  },
  "neural_activity": {
    "mushroom_body": [
      0.12635954055289922,
      0.6510662603041527,
      0.6627929837081565,
      0.9059514415899972,
      0.694024905970108,
      0.13032535785611132,
      0.6785700910874193,
      0.25181423548906845,
      0.9354434499568303,
      0.9820695225306735,
      0.35894562736900226,
      0.09852715118231181,
      0.294853150261539,
      0.7462912346894797,
      0.7870932401371551,
      0.07062982415768515,
      0.48313936540704683,
      0.6622209359526908,
      0.115399259873879,
      0.6872873456110286,
      0.6981114122053442,
      0.504124699964496,
      0.8683273200191458,
      0.7166708401294236,
      0.6182749276751418,
      0.6232014757378306,
      0.39529436063508416,
      0.38233751371397573,
      0.7167883560053652,
      0.44552297638641014,
      0.9047130954552666,
      0.021405918043153394,
      0.7727889117003455,
      0.6159269939967781,
      0.06738501744015668,
      0.32597272676736,
      0.3087168672643883,
      0.9038271378155378,
      0.23784856178197233,
      0.18904989841550568,
      0.2210457214133057,
      0.848521080227047,
      0.3413897391223164,
      0.9617188178997028,
      0.787246394196182,
      0.10829421222201396,
      0.6481604816985572,
      0.7469217894494218,
      0.03391105392878513,
      0.15653537504224724,
      0.9992419020899515,
      0.6853055751030905,
      0.25484180859629757,
      0.9989993979407218,
      0.6524217395054385,
      0.6347337365749102,
      0.744143846619154,
      0.5150140806392638,
      0.7356517947329767,
      0.6376489951475847,
      0.45323207581238756,
      0.37210842438874125,
      0.7037428860280608,
      0.23895712561486693,
      0.5940955300660384,
      0.9945112193658604,
      0.707620198578572,
      0.9534313058612712,
      0.7114461577312933,
      0.4395467057289705,
      0.49249444180522495,
      0.06731022572559242,
      0.27550073951848686,
      0.8881137570119427,
      0.8104454683630198,
      0.58025781616706,
      0.5300344472969072,
      0.07180701688387292,
      0.3757757212457067,
      0.300809054944117,
      0.8118121304991793,
      0.8542922211831256,
      0.9187886496881005,
      0.9817062663157549,
      0.5612733835334486,
      0.2686584688003274,
      0.5043663782398784,
      0.18781304522437448,
      0.71123547918031,
      0.2222548857108344,
      0.5264317813777212,
      0.9750138797195244,
      0.07515074344946227,
      0.2914045013201676,
      0.7958427234065533,
      0.45715523003574077,
      0.5492189810560055,
      0.28384337953527417,
      0.4591770410905638,
      0.27511237675800737
    ],