{
  "step": 27,
  "insect_id": "Ant",
  "timestamp": 1753377453.4771397,
  "sensory_input": {
    "visual": [
      -0.05241877019820365,
      0.015890414730514155,
      1.0673562380174582,
      -0.7272126355138779,
      1.2677603533562067,
      -0.8090598492819387,
      -1.215740307727487,
      1.7762982288118898,
      0.10220843987120627,
      2.047814640751574
    ],
    "olfactory": [
      -0.20884294122294067,
      -0.4756187963970067,
      0.6136766853723054,
      -1.6497939534781878,
      0.7119001684490854
    ],
    "pheromonal": [
      0.7027624171559772,
      -1.2475148445061763,
      0.7870990778111411
    ],
    "mechanosensory": [
      -0.43813753911863945,
      -1.3480523426722664,
      0.14805510042698078,
      2.161490703789799
    ]
  },
  "processed_output": {
    "visual": "[-3.97331728e-01  5.07610646e-01  7.71774685e-01 -4.69582550e-01\n -4.99434772e-02 -1.62200536e-02  1.32536731e-01 -3.10008055e-01\n  3.14311638e-01  3.20415774e-02 -1.25783994e-01  1.31986515e-01\n  2.30542228e-01 -9.69717934e-02  1.94482642e-01  2.33010540e-01\n  4.73770250e-01  1.02685134e-01  4.16950287e-02 -6.28781710e-01\n -2.96316702e-01 -3.91398001e-02  2.93082540e-01  6.76533733e-02\n -2.04434998e-01 -8.77866256e-03  2.00427088e-01  5.30507501e-01\n  1.12656865e-01 -9.16070854e-02 -1.60504907e-01  2.88549467e-01\n -2.60404852e-01  2.65642846e-01 -3.41256506e-01 -1.35560507e-01\n  6.64515711e-01  1.29361309e-01  5.67884048e-02 -1.81170925e-01\n -1.61346869e-01 -8.78769691e-02 -2.43371581e-01 -3.72580630e-01\n  1.46028086e-01 -7.84181252e-02  4.89499621e-01  1.64586678e-01\n -5.25302356e-02 -1.88657903e-02  2.22553137e-01  6.85887572e-01\n  2.47133087e-01  1.52751725e-01 -2.58771293e-02 -1.88283158e-01\n  2.65439437e-01 -4.06835789e-01 -7.05604091e-02  2.54119571e-02\n  2.64180960e-01  5.99858962e-02  2.21374481e-01 -1.20245742e-01\n -2.27457482e-01  3.76403966e-01  3.17013714e-01  7.55787803e-03\n  2.39537382e-02  2.55750044e-01  2.40280328e-01  4.12266088e-01\n -4.22138475e-02 -5.93751381e-01  1.13198079e-01 -1.10612055e-01\n  7.15633507e-02  7.36232511e-02  4.59909917e-02 -2.71459373e-01\n  3.95496109e-01 -2.19865675e-01 -2.54237881e-01 -2.02578909e-01\n -7.41726457e-02  6.74097647e-02 -7.04968790e-01  5.72827498e-01\n  4.10118596e-01 -5.86028977e-01  1.42894512e-01  2.70803142e-01\n -3.44873282e-01 -4.44655491e-01  2.95428185e-01 -3.34915219e-01\n -4.08485447e-01  5.37362876e-01 -2.22795326e-01  3.65662718e-02\n -4.41372158e-01  1.22130499e-01  4.37837532e-01  1.20841333e-01\n  6.42699531e-03 -3.20577387e-02 -9.22513673e-02 -4.16350066e-01\n  1.78825576e-01 -2.75811396e-01  4.93733493e-01  3.53696711e-04\n  2.46532929e-01  5.57805304e-01  3.49100556e-01 -4.90989841e-01\n -4.24921321e-01  4.10334429e-01 -2.29953620e-01  3.05795531e-01\n  4.81247603e-01  8.58185357e-02  3.38866564e-01 -3.60010605e-01\n  1.31049486e-01  7.01841552e-01  3.94804792e-01  5.06915594e-01\n  5.56688940e-01  3.74530279e-03  2.38562336e-01 -1.29705066e-02\n -2.77346493e-01 -2.94857235e-01 -3.84958142e-03  2.40529389e-01\n -3.30967969e-04  1.10561209e-01 -1.32186442e-01  1.34372962e-01\n  8.48038864e-01  6.43373614e-01 -9.32615625e-02 -4.99647152e-02\n  7.25231000e-01 -1.53175622e-01  1.02511390e-01  3.62969076e-02\n -6.22266588e-01 -2.03694736e-01  3.48485318e-01 -2.77941552e-01\n -1.00531309e-01 -7.01984609e-02  1.03073543e-02  3.07199665e-01\n  3.26972978e-01 -1.56926875e-01 -2.71353053e-01  5.48402048e-01\n -2.10563427e-01  5.98040248e-03  3.88377898e-02  1.11505290e-01\n -4.08406544e-02 -1.03131893e-01  2.04783477e-01 -2.68174846e-01\n  1.25650047e-01  2.67687207e-01  2.64794978e-01 -5.35812358e-01\n  8.39532827e-02 -1.59204780e-01  3.06684195e-01  1.40988864e-01\n -2.36676555e-01 -1.60272593e-01  2.28921994e-02  8.29920440e-02\n -2.16836532e-01  3.57959433e-01 -6.15263392e-01  1.45055180e-01\n  4.28448730e-01  5.63341842e-01 -2.83622243e-01  4.46982746e-01\n  2.71201470e-01  4.24460464e-01 -3.88464770e-01 -2.37171940e-01\n -4.58283109e-01  4.45308504e-01 -1.04650881e-01  2.80395035e-01\n  3.16871237e-01  2.82592339e-01  2.43996874e-01  4.00057449e-01]",
    "olfactory": "[ 0.46280847 -0.18977736 -0.28986261  0.10809941 -0.07003441 -0.10749848\n -0.26703824  0.07109134  0.18051148 -0.11614944 -0.0077277  -0.15033297\n -0.16967384  0.22874519 -0.16867149 -0.19870439 -0.03353923 -0.12209954\n -0.26759883  0.22700358  0.40637787 -0.20078876  0.17780085  0.0266852\n  0.072974   -0.32652164 -0.12795899  0.17242096  0.03717892  0.13466492]",
    "pheromonal": "[ 0.35529508 -0.26864965 -0.18081982  0.28573357 -0.30671881 -0.00646504\n -0.06843003  0.19261924 -0.03895729  0.01957604 -0.00160573  0.03533332\n  0.00312488  0.21480251 -0.09275777  0.2544     -0.3192293   0.03850296\n  0.05772002 -0.00839562 -0.16664283 -0.02004608 -0.10052921  0.02478662\n  0.20935313  0.09496597  0.11146462  0.05353167 -0.09761567 -0.01401622]",
    "mechanosensory": "[-6.67784169e-02 -5.15137875e-01 -3.81176473e-02 -1.23629695e-01\n  2.63206602e-01  4.22932811e-01  6.72890213e-02 -8.65727726e-02\n  2.82634366e-03  2.41020914e-01 -7.84923255e-02  2.22558332e-01\n -1.03659266e-01 -3.52548168e-01 -2.28822618e-01 -3.85586813e-01\n -6.03538222e-02 -4.45948760e-01  4.17852214e-01  1.30896214e-01\n -9.92487754e-02 -1.83705692e-01 -1.21964487e-01  1.33554254e-01\n  5.01330452e-02  1.59150665e-01 -2.22885449e-03 -3.12292819e-01\n -2.15016059e-01 -1.04653255e-01  2.13993838e-01  2.35942075e-01\n  6.52875908e-02  1.63439909e-01  3.45648398e-01 -1.42599227e-01\n -1.18239764e-02  8.73057333e-02  4.70406219e-01  4.41765131e-01\n  1.99699795e-01 -5.32152210e-03  1.40056993e-01  4.31332264e-01\n  3.18643927e-01  3.67348855e-02 -8.05369782e-02 -9.49401306e-02\n -4.84060519e-02 -1.43861482e-01  2.14518241e-01  3.29621971e-01\n -1.99510200e-02 -1.56573163e-01 -2.79367977e-04  2.08655714e-01\n -3.05011032e-01  2.34823972e-01 -1.69108689e-01 -5.96932443e-02]"
  },