{
  "step": 68,
  "insect_id": "Honeybee",
  "timestamp": 1753377473.7302282,
  "sensory_input": {
    "visual": [
      1.384509306464541,
      -2.123068595482586,
      1.103471259712595,
      0.10866764645381234,
      -0.3783279430434123,
      -1.552291109516204,
      0.2513895623686474,
      2.385421013724526,
      -0.3489402131147673,
      1.0274889398931644
    ],
    "olfactory": [
      0.0637867057462451,
      1.0019641638948504,
      0.28636501450131124,
      0.03951406837030632,
      -0.35203266622455526
    ],
    "pheromonal": [
      -1.9221892493396842,
      -1.4650867084516597,
      0.22242546702231208
    ],
    "mechanosensory": [
      0.846134607065304,
      -0.19880808899265826,
      -0.4226863621955838,
      -1.192652510913143
    ]
  },
  "processed_output": {
    "visual": "[-0.12706382 -0.33226504  0.1409268   0.35927853 -0.31295158 -0.30301655\n -0.07198493  0.01336115 -0.03851054 -0.11560576  0.13325575 -0.4507583\n -0.28627811 -0.3629655  -0.34907481  0.25012707 -0.19706887  0.02237693\n  0.2480578  -0.47522282 -0.06444339 -0.36505996 -0.1825113  -0.36670321\n  0.18364393  0.12107131  0.22263347  0.11526159  0.05193562 -0.09297859\n -0.2540167  -0.67936236 -0.08772746  0.41534024  0.24480988  0.73453024\n  0.16019958 -0.3484731   0.23403974  0.6474801  -0.49954439 -0.26503022\n -0.08769244 -0.1766534  -0.45425935  0.11487449 -0.53143433  0.27514448\n  0.09661142 -0.39569902 -0.18182686  0.01407134  0.46112416 -0.42156914\n -0.58742469  0.2912217  -0.22442929  0.06576364 -0.40922867  0.48483596\n  0.48602785 -0.32749841 -0.13269232 -0.3654867   0.27161112 -0.10198413\n  0.52867912  0.47177473 -0.45866581 -0.41406119  0.39001775 -0.35168079\n -0.11502814 -0.28266508 -0.72166536  0.03909942 -0.52209205  0.17430635\n  0.07512135 -0.47437857 -0.40814857 -0.2815136  -0.29614218  0.22529097\n -0.24183705  0.68721055  0.22404445 -0.05273558  0.12208154  0.14109027\n -0.25471425 -0.20969283 -0.5407936  -0.57127168  0.49343003 -0.54707235\n -0.19411537 -0.52928487 -0.08078503 -0.31694825  0.00080331 -0.15862348\n  0.49226848 -0.19495628 -0.31742123 -0.4870566  -0.03200137  0.24199399\n -0.24138461  0.12360723  0.0379035   0.08478749  0.52536865 -0.61796569\n -0.25437565  0.46974238  0.01810748 -0.02528409  0.19223361  0.23102392\n -0.38926383 -0.0976111  -0.13036552  0.53377171 -0.17890392  0.27417545\n -0.10672642 -0.2708792  -0.02629075  0.80227582  0.56493777  0.20840447\n -0.18413191  0.03106325 -0.14126132 -0.04569111 -0.6346986   0.08786178\n -0.18145243  0.46762559  0.62049407 -0.05069381  0.22049253 -0.04816843\n  0.20320739  0.376856   -0.23156716  0.25383113  0.37064596  0.17077853\n -0.5163616   0.24666439  0.41950529 -0.59714398  0.03127701 -0.1296483\n -0.38732339 -0.19275013  0.1009466   0.67359174  0.73977405  0.28348004\n  0.12850016 -0.17865822  0.20558331  0.30495867  0.24603749  0.50010998\n -0.5384758   0.39166909  0.03281179  0.06566563  0.03877144  0.41385235\n  0.60730492 -0.2861744   0.60052131  0.27454033  0.39651016  0.35798424\n -0.24620412  0.27217687 -0.01123832  0.41775723  0.30879435  0.38170623\n  0.15692938 -0.29592169 -0.02350856  0.32366279  0.19971972  0.13185596\n -0.04034237  0.27493645  0.06224602  0.11653911 -0.08568944 -0.43001527\n  0.12758822 -0.05575907]",
    "olfactory": "[ 0.03523212  0.00084024  0.14532035 -0.12107297 -0.02700423 -0.08057537\n -0.05453598 -0.0064025   0.1967384  -0.19084814  0.20057488  0.19251244\n -0.10687233  0.03639421 -0.1414893  -0.13331856  0.02403922 -0.01775715\n  0.17801531  0.149149   -0.02766706 -0.02697366 -0.16548549  0.03209582\n  0.16445636  0.11910072 -0.018577   -0.13450467 -0.11661444 -0.10489265]",
    "pheromonal": "[-0.05171952  0.2638088  -0.13258779  0.44754323 -0.04390244  0.43215304\n  0.06454751 -0.07332784 -0.09949748  0.08330871 -0.243648   -0.07080588\n  0.26712457 -0.15128053  0.02471993 -0.16966107  0.00858864 -0.0444783\n -0.03084076  0.07203964 -0.02460293 -0.14479902  0.34543036  0.15728974\n -0.31444926 -0.20683237 -0.04020279  0.23803686 -0.21159422  0.14935669]",
    "mechanosensory": "[-0.20234765  0.08459644  0.0387739   0.10863273 -0.09885863  0.02737201\n  0.06942417 -0.05906263 -0.3042751  -0.05210267  0.10983833  0.17606024\n  0.13537662  0.04374473  0.17609922 -0.0970765   0.33268462 -0.2178358\n  0.06196549 -0.02098537  0.05322979  0.10994668 -0.22355253 -0.2902164\n  0.01495728  0.14199285 -0.09230242 -0.08425663 -0.31774222  0.17380965\n  0.11223295  0.20142116 -0.0341934   0.07761413  0.08889061 -0.20227415\n -0.00147307 -0.1647379  -0.05027355  0.00953585 -0.01708276 -0.42115124\n  0.00354407 -0.2113108  -0.04771106  0.08883443  0.02939658 -0.2164588\n  0.00532467 -0.10953091  0.10652455 -0.12429555  0.04533892  0.04963674\n -0.12968197  0.09657322  0.17195126  0.21150958  0.07436401  0.04869778]"
  },
  "neural_activity": {
    "mushroom_body": [
      0.12635954055289922,
      0.6510662603041527,
      0.6627929837081565,
      0.9059514415899972,
      0.694024905970108,
      0.13032535785611132,
      0.6785700910874193,
      0.25181423548906845,
      0.9354434499568303,
      0.9820695225306735,
      0.35894562736900226,
      0.09852715118231181,
      0.294853150261539,
      0.7462912346894797,
      0.7870932401371551,
      0.07062982415768515,
      0.48313936540704683,
      0.6622209359526908,
      0.115399259873879,
      0.6872873456110286,
      0.6981114122053442,
      0.504124699964496,
      0.8683273200191458,
      0.7166708401294236,
      0.6182749276751418,
      0.6232014757378306,
      0.39529436063508416,
      0.38233751371397573,
      0.7167883560053652,
      0.44552297638641014,
      0.9047130954552666,
      0.021405918043153394,
      0.7727889117003455,
      0.6159269939967781,
      0.06738501744015668,
      0.32597272676736,
      0.3087168672643883,
      0.9038271378155378,
      0.23784856178197233,
      0.18904989841550568,
      0.2210457214133057,
      0.848521080227047,
      0.3413897391223164,
      0.9617188178997028,
      0.787246394196182,
      0.10829421222201396,
      0.6481604816985572,
      0.7469217894494218,
      0.03391105392878513,
      0.15653537504224724,
      0.9992419020899515,
      0.6853055751030905,
      0.25484180859629757,
      0.9989993979407218,
      0.6524217395054385,
      0.6347337365749102,
      0.744143846619154,
      0.5150140806392638,
      0.7356517947329767,
      0.6376489951475847,
      0.45323207581238756,
      0.37210842438874125,
      0.7037428860280608,
      0.23895712561486693,
      0.5940955300660384,
      0.9945112193658604,
      0.707620198578572,
      0.9534313058612712,
      0.7114461577312933,
      0.4395467057289705,
      0.49249444180522495,
      0.06731022572559242,
      0.27550073951848686,
      0.8881137570119427,
      0.8104454683630198,
      0.58025781616706,
      0.5300344472969072,
      0.07180701688387292,
      0.3757757212457067,
      0.300809054944117,
      0.8118121304991793,
      0.8542922211831256,
      0.9187886496881005,
      0.9817062663157549,
      0.5612733835334486,
      0.2686584688003274,
      0.5043663782398784,
      0.18781304522437448,
      0.71123547918031,
      0.2222548857108344,
      0.5264317813777212,
      0.9750138797195244,
      0.07515074344946227,
      0.2914045013201676,
      0.7958427234065533,
      0.45715523003574077,
      0.5492189810560055,
      0.28384337953527417,
      0.4591770410905638,
      0.27511237675800737
    ],