{
  "step": 78,
  "insect_id": "Honeybee",
  "timestamp": 1753377493.3404284,
  "sensory_input": {
    "visual": [
      -0.5530306438487008,
      -0.8719807555047219,
      -1.9960852312268722,
      -1.1390594319586302,
      0.861248484521334,
      0.5745485347504146,
      -1.4800848313080923,
      -0.3179835842131311,
      2.055599701067322,
      -0.7095605193768261
    ],
    "olfactory": [
      0.9653060813805641,
      0.9428172019516688,
      -0.16725979331603824,
      0.7878566915999299,
      0.5713019079126443
    ],
    "pheromonal": [
      0.04958298781993087,
      0.9627584996923395,
      -1.329453439474615
    ],
    "mechanosensory": [
      0.35576026799644683,
      0.6993025702312688,
      0.5398324403251874,
      0.21323018263952123
    ]
  },
  "processed_output": {
    "visual": "[-4.82687814e-01  4.16426696e-01 -2.60075394e-01 -1.00176615e-01\n -5.12287434e-01  2.95692790e-01 -3.00766957e-01  7.25500498e-02\n  3.61901643e-02 -3.08528825e-01 -9.39723114e-03  2.23543536e-01\n  2.00613543e-01  7.73164027e-01 -6.38550356e-01 -7.70133498e-01\n -5.87852728e-01 -2.63228558e-01 -4.70087520e-01  6.66295816e-01\n  3.53194178e-01 -1.68828288e-01  6.84093138e-01  1.97542978e-01\n  2.80836398e-01 -2.47576547e-01  3.33507092e-01  1.21172915e-01\n  4.24114181e-01 -2.59365838e-01  1.12170987e-01  4.77102811e-01\n  3.39130329e-01  2.26760989e-01 -5.45346141e-01 -2.76788226e-01\n -1.93358469e-01  2.49308193e-01  2.96895999e-01  5.61733430e-01\n  2.28869752e-01 -4.60319734e-01  2.28152104e-01  5.52136873e-02\n  4.45217950e-01 -4.97961001e-01 -1.54373414e-01  5.02540589e-01\n  7.66696746e-01  1.67208489e-01  2.71931285e-01  7.60216612e-01\n  1.14389862e-02 -3.42311980e-03  4.51309690e-01 -8.15741102e-01\n  3.30227934e-01 -1.34097615e-01  5.82199474e-01 -1.01645301e-01\n  5.07232112e-01 -2.79628714e-01 -2.40201519e-01  7.58768894e-01\n  1.54594486e-01 -4.79685241e-01 -2.15209121e-01 -6.94630864e-01\n  1.14596175e-01  2.92326203e-01 -2.67832227e-02  6.63637447e-01\n  1.70028554e-01  7.78539828e-01  6.46342150e-01 -1.18680032e-01\n  6.10932134e-01  5.09516465e-01 -1.40182941e-01  6.39796113e-02\n  1.82964477e-01 -2.52887904e-01  9.13018228e-02 -3.23347052e-02\n  1.35836561e-01 -3.56447179e-01  1.71528919e-01 -2.73133338e-01\n -2.47310432e-01 -5.70612550e-01 -3.00123790e-01  3.95927470e-01\n  3.18338097e-01  2.69601519e-01 -3.43587659e-01  5.35015813e-01\n -1.98289943e-01  1.13043438e-01  4.88042186e-01 -5.82688730e-01\n -4.17929684e-01 -8.41488268e-02  6.23717951e-01 -3.14505153e-01\n  2.10194245e-01  5.30861760e-01 -1.34074823e-01  5.38076937e-01\n  1.42187630e-01  2.32265108e-01 -1.01759131e-01  1.03102956e-01\n -3.98803789e-01 -2.50590604e-01  4.87547849e-01  3.96271036e-01\n -1.98952921e-02 -3.53697484e-01  5.15222450e-02 -6.96173840e-03\n -9.31986372e-02  1.35806523e-01  2.31437664e-01 -5.26253298e-01\n  1.44389540e-01  1.32331222e-01 -7.14190223e-01  4.01417197e-01\n -2.38673284e-01  4.15601521e-02 -1.10794616e-01  1.38795948e-02\n  2.85282067e-01  2.16848664e-01  2.07405269e-01 -8.18472399e-02\n  3.58602493e-02  7.60745296e-01 -2.22909376e-01 -9.77442787e-02\n -3.64195955e-01 -4.90248705e-01 -3.54667061e-01  2.81383052e-01\n -1.14180243e-01 -4.99520184e-02  3.01376736e-01 -7.34173007e-01\n -6.15219138e-01 -5.93313024e-01  3.29822768e-01  3.62390134e-04\n -3.87274402e-01  1.90027605e-01  3.30126333e-01 -8.09917615e-01\n  1.56707999e-01 -3.49777294e-03  2.40407210e-03 -2.02560812e-01\n  3.10086664e-02 -3.04996444e-01  3.13385768e-01 -2.99782303e-01\n -2.40858551e-01 -5.37633138e-01  9.09828989e-02 -3.54193553e-01\n -4.78635575e-01 -4.29711857e-01  3.60231988e-01  5.37423863e-01\n -6.78050594e-03  3.53411461e-01  4.60752094e-01  1.05552263e-01\n -4.90195562e-01 -3.08276930e-01 -2.79872528e-01  3.89533776e-01\n -1.33415545e-01 -7.24098081e-01 -1.46304810e-01 -7.44114980e-02\n  3.98761207e-01 -1.52663152e-01 -2.27804278e-01  6.21428408e-01\n  4.27640184e-01  3.11871735e-01 -2.55413741e-01 -5.14332511e-01\n -2.94761668e-01  1.83190757e-01 -1.70529259e-01  5.31423825e-01\n  7.43927463e-02  2.32895187e-01 -3.19872514e-01 -5.26157343e-02]",
    "olfactory": "[ 0.07495515  0.03499961  0.09444392 -0.43399964 -0.17275996 -0.28737432\n  0.17101836 -0.01015414  0.14981091 -0.07137143  0.15746912 -0.15192695\n -0.04487151  0.16975675  0.03776648  0.03058155 -0.14404016 -0.13441257\n -0.11654917  0.12937892 -0.07831706  0.12619595 -0.30908335 -0.02620439\n -0.03690549  0.19530913 -0.02161443 -0.03733023 -0.06291411  0.00888544]",
    "pheromonal": "[ 0.15105571 -0.18735559 -0.03238906 -0.25905584  0.3829741  -0.24298488\n -0.14508128  0.02733243 -0.12805061 -0.15818646  0.38713386 -0.17369977\n  0.03753076 -0.11436838  0.20797812 -0.17901539 -0.04168392 -0.01375549\n -0.01268604 -0.16580574  0.00168904 -0.26573464 -0.0814914  -0.12016288\n  0.37331051  0.14696359 -0.0479789   0.06970601 -0.18972183  0.07716545]",
    "mechanosensory": "[-3.00967735e-02  1.01606521e-01 -5.38835686e-02 -6.79571897e-02\n  3.47081593e-02 -9.27929719e-03 -9.04086120e-02 -5.32514890e-02\n -3.47774666e-02  3.32449118e-02 -1.08232079e-01 -2.60667505e-02\n -3.28406918e-02  6.96824041e-02 -2.21727734e-02  1.64696733e-01\n  1.88327877e-02 -1.82465416e-02 -1.01863751e-01  1.60644584e-02\n  1.25211579e-04  1.65509781e-01  9.73157722e-02  4.77560952e-02\n -1.21945046e-01 -5.03185710e-02 -1.20485363e-02 -1.68597266e-02\n  1.35240944e-01 -1.45511946e-01 -1.29529089e-01  3.05703131e-01\n -1.40823291e-02  5.09590561e-02  1.63414608e-01  9.72430218e-02\n -4.56042503e-02  2.18129871e-02 -1.79717811e-02  8.08397180e-02\n -5.16173337e-02  1.52187461e-01 -8.75557661e-02 -4.31946089e-02\n  2.54959617e-02 -1.22055591e-02  3.64058642e-02  4.27410003e-02\n  8.78558439e-02  4.96329611e-02  1.02138725e-01 -1.07060440e-02\n -1.78951714e-01 -1.49404658e-01  8.02710204e-02  5.01085714e-02\n  1.86730570e-03  1.18265427e-01  1.01380402e-01  9.61979220e-02]"
  },