{
  "step": 21,
  "insect_id": "Fruit_Fly",
  "timestamp": 1753377433.975222,
  "sensory_input": {
    "visual": [
      -1.0557407562987398,
      0.2588381799062621,
      0.3669159476423744,
      -0.7117187694106166,
      -0.18535755446973637,
      0.6257264957144371,
      0.5697362053210419,
      -0.11250291459165845,
      -0.358720246583111,
      0.11971982772160061
    ],
    "olfactory": [
      -0.6043700889678676,
      -0.13336641333344146,
      -0.1840739104278459,
      -0.4906660057265977,
      -1.5548269993994899
    ],
    "pheromonal": [
      -0.8658202107625484,
      0.8507012565697641,
      1.7617415536430403
    ],
    "mechanosensory": [
      -1.8467689065480193,
      0.44389909156274976,
      0.17426512035328598,
      1.5786651046586138
    ]
  },
  "processed_output": {
    "visual": "[ 1.60034137e-02  3.21487138e-01  2.26062952e-01  7.58732495e-02\n -2.66850647e-01 -6.27205744e-02 -1.03219924e-01  1.01082738e-01\n -3.19880051e-02  2.43017583e-02 -6.91101354e-02  1.50573237e-01\n  3.78131708e-02  2.52825109e-01 -1.88526857e-02 -2.63679688e-01\n -4.66780982e-02 -1.36138787e-01  4.08395077e-01  5.04075841e-02\n  5.11886855e-02 -7.49683926e-02 -3.92667432e-02 -2.32732114e-02\n -1.66723798e-01 -1.33903067e-01  9.93451546e-02 -2.33529451e-01\n  1.87493812e-01  7.66704575e-02  3.12085052e-02 -3.78227765e-01\n  4.03668158e-01 -1.66846765e-01  4.98668383e-02  1.73044749e-02\n -5.21459526e-02 -1.91293681e-01 -1.92456512e-01 -7.78959287e-02\n  2.73764588e-02  3.35340943e-01 -1.86205133e-02  1.06122316e-02\n -7.10306941e-02 -3.02554763e-01  4.09132179e-02  1.22035103e-01\n -6.55061761e-02  1.57731664e-01 -7.77954401e-02  1.84290177e-01\n -1.00242321e-01  2.21678977e-03 -7.35583299e-02  1.15041702e-01\n  1.43805438e-01 -8.37490787e-02 -1.55347882e-01  5.26553164e-03\n  2.78130355e-01 -1.55768581e-01  2.15272963e-01  7.76643982e-02\n -6.03825598e-02 -2.09654796e-01  3.21530043e-01  8.23216772e-02\n  3.00567193e-01  2.20512426e-02 -4.86422257e-02 -5.79982662e-02\n -2.18176190e-03 -1.64966933e-01 -8.81074163e-02  3.40257064e-02\n -1.00078128e-01  1.76832882e-01  2.00861500e-01 -3.97159648e-01\n  1.10839464e-01  3.69104523e-04 -4.53351265e-02  9.79742971e-02\n  2.09871825e-01  2.38677126e-01  1.36804568e-01  8.13290903e-03\n  1.64485581e-01 -2.30949600e-01 -3.24606476e-02  9.88263737e-02\n -8.48101652e-02  1.92978972e-02 -1.26528547e-01  5.20273222e-02\n  1.61028277e-01  6.94875758e-04 -6.95699318e-02 -3.58579364e-02\n  1.74345543e-01  6.99937385e-02  1.25618443e-01  1.25993418e-01\n  1.56087628e-01 -6.79057966e-02 -1.38530854e-01  9.69108311e-02\n -8.66155022e-02  3.57236433e-01 -1.66638961e-01  9.53373785e-02\n -2.19291857e-01  1.02608341e-02  1.45875309e-02 -2.33200159e-01\n -9.77527327e-02 -2.31668954e-01  1.74096914e-02 -9.71598287e-02\n -9.97787715e-02  1.20720160e-01  1.28865853e-01  7.34381164e-02\n  1.16316498e-01 -1.42334943e-01  9.17229115e-02 -3.66750960e-02\n -8.89145818e-02 -1.58016117e-01 -1.29918025e-01 -2.16367189e-02\n -9.71516882e-02  3.60094015e-03  2.41083171e-01 -9.86477523e-02\n  9.82595243e-02 -1.02322206e-01  1.79618568e-01 -2.86895413e-01\n  1.93050591e-01 -2.91091381e-01  1.98013268e-01 -9.68867075e-02\n  6.12428031e-02 -2.90686765e-02  6.44838289e-03  1.82624605e-01\n  3.50052101e-02  1.30912230e-01  1.05147458e-01  3.75256325e-02\n  1.03035962e-01 -1.29413317e-01  1.35542086e-01  4.07438998e-02\n  1.56983707e-01 -1.50482960e-01 -2.84472094e-01 -1.84664468e-01\n -1.25803032e-01  1.34722037e-01  2.22621521e-01 -2.55843651e-02\n  9.94370358e-02  1.69201179e-01  1.11541240e-01 -7.59274825e-02\n  1.76479182e-01 -2.14836188e-01  7.72659523e-02  2.80230318e-01\n  7.41564782e-02 -1.47247724e-01 -1.27070185e-01 -1.42755729e-01\n -2.18886625e-01  1.47434474e-01 -2.38631094e-01 -4.66338553e-02\n  2.60824845e-01 -2.84744483e-01 -8.50743993e-02 -8.12919935e-02\n -2.67005081e-01  2.17319773e-01  1.69802411e-01 -3.89414398e-01\n -2.88979321e-02 -2.49926753e-01  9.30973367e-02  1.13735325e-01\n  6.22194703e-02  9.98207950e-02 -8.98826899e-02  1.49321832e-02\n -3.30772288e-01 -2.12735327e-01  3.04768215e-03  2.57317678e-02]",
    "olfactory": "[ 0.28775612 -0.30450848 -0.09722867  0.07841613  0.18156849 -0.21912372\n -0.12184385 -0.04679274 -0.23716616 -0.21165164 -0.00731982  0.08926711\n  0.19864771  0.12753572 -0.21245959  0.1748859   0.1652294   0.25683482\n  0.18907641  0.01976075 -0.19746714  0.12584662 -0.19858911 -0.16766292\n  0.32241212  0.13315658 -0.25237351 -0.01000356  0.30207033 -0.0845197 ]",
    "pheromonal": "[ 0.2295424  -0.31539262  0.02428836  0.12065063 -0.37923603 -0.04356359\n  0.17962407  0.04301269  0.03594097 -0.33476952 -0.13741937 -0.10026986\n  0.27064995  0.03447561 -0.14240706  0.23295309  0.13739035  0.26591636\n  0.11013576  0.33746777 -0.131264    0.08337648  0.31745536 -0.03121613\n  0.22276384 -0.05067508  0.24311162 -0.3257034  -0.28149429 -0.01383627]",
    "mechanosensory": "[ 0.10244361 -0.38776765 -0.09875456 -0.36105675  0.08218231  0.15013569\n -0.02075035  0.14612407 -0.28183383  0.19376929 -0.12964521 -0.19790133\n -0.04458298 -0.02042944  0.54344165  0.08314381  0.18646646 -0.03145904\n  0.22646291 -0.03350437 -0.01094766 -0.27444438 -0.10396634  0.32755282\n  0.06293042 -0.08841516  0.23529888  0.09863659  0.14959389  0.07543186\n  0.20083824 -0.01672189 -0.12321362  0.32036232  0.11382459 -0.03501761\n  0.11428397 -0.09562698  0.07111494  0.37748491 -0.07226951 -0.35252583\n  0.13886381 -0.16266103 -0.39048604  0.13895678  0.20636789 -0.01758996\n  0.13120415 -0.38249984 -0.32104328 -0.02721905 -0.00651399 -0.26351106\n -0.34527704 -0.07209277  0.11435202  0.21324996  0.01293934  0.08748524]"
  },