{
  "step": 67,
  "insect_id": "Fruit_Fly",
  "timestamp": 1753377473.7265377,
  "sensory_input": {
    "visual": [
      0.6613057323067957,
      -0.206509372198218,
      -1.3160307017095654,
      -0.10377659450283595,
      1.5610630453967291,
      0.18959026334235393,
      -0.03886240954539038,
      1.6694839894707463,
      -2.202220218811478,
      -0.08984189665680573
    ],
    "olfactory": [
      1.1141424892182688,
      0.6439603464852424,
      -2.4873107469523417,
      1.0794788952585013,
      -0.42561372010872256
    ],
    "pheromonal": [
      1.186005185677823,
      0.09362485023503347,
      0.9499319887922757
    ],
    "mechanosensory": [
      -0.4953859872246543,
      0.8069944678285149,
      0.15871049448731891,
      1.2949393662115516
    ]
  },
  "processed_output": {
    "visual": "[ 0.12808789 -0.34811838  0.05197351 -0.17402943 -0.33257705 -0.0119\n  0.39916586 -0.32929834  0.29470229 -0.14040462  0.03157862 -0.12414308\n  0.28426285  0.32119651 -0.23779161  0.31564545 -0.07709534  0.2940746\n -0.07417609  0.37500574  0.0139426  -0.18537802 -0.25699166  0.59979914\n  0.55393678  0.25175195 -0.06137683  0.44757664 -0.04584831  0.10488348\n -0.40076438 -0.0327093  -0.40922768  0.21303444 -0.02184886  0.08376564\n  0.59137632 -0.34626535  0.41591925  0.24554188  0.01954183 -0.42673822\n  0.28899748  0.31879021 -0.47556444 -0.23150592  0.33099465  0.03442162\n -0.11075798 -0.1504309  -0.60546523  0.28483815  0.16306335  0.17061066\n -0.27083079 -0.24642168  0.05822235 -0.07630958  0.51186454 -0.24546998\n -0.02382802 -0.19877518  0.03361298  0.03612415 -0.32696553  0.43451856\n  0.42893486 -0.28381715 -0.26275637 -0.40275887  0.44483503  0.34780659\n -0.41844436  0.61761009  0.22198326 -0.15197255  0.4944868   0.49187123\n  0.62714144  0.70481119 -0.71339112  0.19393457  0.38607944 -0.08782088\n -0.18550143 -0.37003522  0.33739001 -0.07981975  0.19263834  0.36058612\n  0.18709982 -0.31247657  0.36518275 -0.35720739  0.20775206  0.38518439\n  0.45552646 -0.08865996  0.19431303  0.10021192  0.22520929  0.08740104\n -0.25311545  0.19585934 -0.18105353 -0.62211287 -0.22530648  0.59939997\n -0.23713483 -0.1928249  -0.11014314 -0.11318637  0.14608168  0.05922632\n -0.62449933  0.18433883  0.38062494 -0.09412969 -0.56195882 -0.02867774\n  0.28352668 -0.36409664 -0.08684827  0.67319429  0.48557584  0.20642872\n -0.10813355 -0.33288092  0.24530322 -0.20059649  0.42466081  0.29928819\n  0.29994251 -0.58241128  0.29025446  0.50128372 -0.58282984 -0.30578968\n  0.1688506  -0.2778151  -0.38174643  0.32816941  0.39431697 -0.61457276\n  0.39201353  0.01745328  0.19315806  0.20128109 -0.4014485   0.01393681\n -0.20640129 -0.77439614 -0.09039    -0.33316077  0.56357843 -0.66076548\n -0.1469683   0.80228809  0.33841537  0.1318576  -0.18237625 -0.24821879\n  0.33568945  0.05633236  0.61403846 -0.2412481   0.31593211 -0.00283977\n  0.11247155  0.16404966  0.17647932  0.33088953  0.3180411  -0.13294076\n  0.23651822 -0.54228564  0.17762235  0.24991389 -0.34367296  0.08031801\n  0.0212932   0.14344901 -0.63601338 -0.17900668 -0.42863863 -0.25597754\n  0.4464608   0.05465936 -0.22056099  0.14351639 -0.20795156  0.11624885\n -0.22695432  0.37825513  0.11795314 -0.56333786  0.05228002  0.2058078\n  0.09825758 -0.00971488]",
    "olfactory": "[-0.06069257  0.60697605  0.11757011  0.19324076  0.63981444 -0.09848517\n  0.11686384  0.25977899  0.1414997   0.15922773  0.00256814  0.1198726\n -0.2950127  -0.27210292  0.34698557 -0.45882266  0.15866731 -0.2520055\n -0.21100413 -0.31081964  0.05619156 -0.41933298  0.04287661 -0.33206083\n -0.01996332 -0.19024154 -0.36272183  0.25178104  0.42233529 -0.09086649]",
    "pheromonal": "[-0.10008095 -0.19748393 -0.06631295 -0.0171809  -0.18401537  0.12413416\n  0.17301959  0.18281698  0.14692515  0.28062432 -0.04817071 -0.24622468\n  0.22657524 -0.05456507  0.02676695  0.09793898  0.133444   -0.11782921\n  0.09260032  0.04099678 -0.07188553 -0.04267483  0.11312315  0.07720962\n -0.08411689 -0.04502362  0.03586794  0.01406291  0.15923692  0.28326414]",
    "mechanosensory": "[-0.01761717 -0.10012745 -0.06124518 -0.2214849   0.20806037  0.07506054\n -0.00452915  0.11077903 -0.02820572  0.08882557 -0.0814811  -0.03629649\n -0.00797502 -0.13198588  0.33522367 -0.06522086  0.02910645 -0.11104753\n  0.1598602   0.04536498  0.05736598 -0.20219919 -0.06638646  0.23445171\n  0.02906289 -0.07046819  0.01032379  0.31532115  0.02989726  0.03033971\n  0.24844807 -0.00101621 -0.16423329  0.15312798  0.0167484  -0.05424091\n  0.05554167 -0.06004848 -0.01912599  0.15067788  0.0032231  -0.14925716\n  0.04461488  0.06006012 -0.3489072   0.14698441  0.0711135   0.07163433\n  0.13938853  0.00738139 -0.20082774  0.03052812  0.1733647  -0.2252518\n -0.28178594 -0.11884232  0.10942242  0.16479998 -0.15936025  0.18520667]"
  },
  "neural_activity": {
    "mushroom_body": [
      0.9573342550431373,
      0.5685218001748344,
      0.1532728767834156,
      0.440756085521535,
      0.4259028932173351,
      0.8065279792960456,
      0.735175839227128,
      0.5075710583125029,
      0.3182408848813949,
      0.1857101658658754,
      0.147293821091668,
      0.5144536606534947,
      0.45121488345427196,
      0.4906687440412314,
      0.9154397942576439,
      0.03221105435352989,
      0.5357325732152792,
      0.1382546922159048,
      0.36067250393003913,
      0.5332526610283069,
      0.8730295292421824,
      0.04063562036991242,
      0.7485949842136878,
      0.3405914174807766,
      0.18318381682710538,
      0.5600384713303344,
      0.1937550886838283,
      0.5397260475592325,
      0.5783223468361413,
      0.9653669883642755,
      0.4658507608321515,
      0.041218211917091296,
      0.9430155978024163,
      0.2674308460540551,
      0.7293295369440447,
      0.57561750059022,
      0.8256796537657,
      0.8151716530122752,
      0.5281132367497178,
      0.8266383224215215,
      0.7639307513444167,
      0.2648371836316852,
      0.5252438849384159,
      0.5541905466888357,
      0.37818191129782974,
      0.7450469935471635,
      0.2806576625628212,
      0.970184082071879,
      0.823677363336939,
      0.978073118620327,
      0.49119614886596097,
      0.6255023153178355,
      0.3681622586961123,
      0.27170809027288534,
      0.7049624491081308,
      0.9090151895400193,
      0.41775828586490404,
      0.6095412889618553,
      0.585938072687339,
      0.8930936343998793,
      0.9166908334120343,
      0.8584724743974405,
      0.4721485132611529,
      0.4807210850130702,
      0.966113607256765,
      0.14152773929286366,
      0.6864110737296917,
      0.8136470071682644,
      0.6496913523967113,
      0.8044161094802286,
      0.6584368982773874,
      0.7552418973233255,
      0.616923263713886,
      0.3417038976597814,
      0.3231289351313176,
      0.1544216935411289,
      0.7029083784993677,
      0.5724367368870931,
      0.2916010291694956,
      0.02198318626477036,
      0.1818806884802623,
      0.9196557994989446,
      0.6893228355088742,
      0.8528493442801934,
      0.33072324176447354,
      0.4919088973308279,
      0.9279620406010517,
      0.28301492112311355,
      0.076863264671996,
      0.21435225530737068,
      0.47425321392117226,
      0.3668784589614873,
      0.8654826015894379,
      0.22710319324722184,
      0.7957563775459994,
      0.5848636850024898,
      0.9513743724371871,
      0.09511916040574064,
      0.46089376742698995,
      0.027475684173515202
    ],