{
  "step": 15,
  "insect_id": "Ant",
  "timestamp": 1753377433.895966,
  "sensory_input": {
    "visual": [
      -0.9804386436378931,
      0.31920606514998373,
      0.13640884054868926,
      -1.4295914851038827,
      0.5396998251545587,
      0.1857969834472174,
      -0.1193757583314194,
      0.5489197960675527,
      0.9890553381145861,
      1.9771512826583215
    ],
    "olfactory": [
      -0.36342228682133637,
      -0.5503542195866713,
      -0.9043053288733229,
      1.2638372183411075,
      -1.0173593013843731
    ],
    "pheromonal": [
      1.8855521199154595,
      1.0635342293644472,
      0.30430871728738595
    ],
    "mechanosensory": [
      -0.6379710791905583,
      -0.07381978401303303,
      -0.9017541377322026,
      -1.3284415427479748
    ]
  },
  "processed_output": {
    "visual": "[-3.87168482e-01  3.77752617e-01  6.82762410e-01  2.21919907e-02\n  3.51590072e-01  3.68658061e-01  2.43176752e-01  1.43415077e-01\n  2.13205150e-01  1.36718799e-01 -1.72840473e-01  2.83458446e-01\n -1.91363960e-01 -7.66643209e-02  1.18541770e-01  1.53146803e-02\n  3.75855168e-01  2.16725023e-01  3.10091507e-01 -3.86935337e-01\n -1.21505185e-01 -2.83957287e-01  3.03629668e-01  1.80942056e-01\n -4.21142674e-02 -9.67175563e-02 -2.99461870e-02  3.14488966e-01\n  5.25467506e-02  2.06239833e-02  9.85735428e-02  2.91910796e-01\n -1.90949106e-01  3.31483878e-01 -9.35994989e-02 -1.84502095e-01\n  4.25535631e-01  1.70186052e-02  1.72893817e-01 -8.98261360e-02\n  4.64536481e-02 -3.93705335e-01  1.53155957e-01 -3.53925154e-01\n -2.09861881e-01  6.11533306e-02  2.73546155e-01  9.40192162e-02\n  1.60651679e-01  2.20380311e-01 -2.18220875e-01  4.99089214e-01\n -2.90693181e-01  1.19437114e-01 -2.29156040e-01 -3.90534563e-01\n  3.07210330e-01 -2.20420689e-01 -4.10900922e-02  6.66631389e-03\n  3.64908766e-01  1.87896523e-01  3.64164535e-01 -2.30548496e-01\n  1.35218361e-01 -1.16037150e-02 -1.19571707e-01  5.73847722e-03\n -2.23897400e-01  8.37819823e-03  6.43604922e-01  1.02586199e-01\n -2.60773375e-01 -1.15948975e-01  1.87488924e-01 -3.17118986e-01\n  3.20774557e-01 -1.14323942e-01  1.24251611e-02  2.16688545e-02\n  8.97989155e-02 -1.60391264e-01  1.80857228e-01 -1.83699000e-01\n  1.15058364e-04  3.08748960e-01 -3.07403730e-01  5.41600757e-01\n -9.94452123e-02 -1.39360069e-01  1.68620388e-01  3.36938563e-01\n -2.39867793e-01 -4.75757889e-01  2.42329698e-01 -3.08834293e-02\n -2.12308770e-01 -6.33618799e-02 -4.00793102e-01 -2.51292150e-02\n -5.90569356e-01  2.42406034e-01  3.64736800e-01 -2.66538403e-01\n -2.25781388e-01  3.98362855e-01  1.60084762e-01 -8.63049221e-02\n -1.67926322e-01 -2.77300585e-01 -1.13037613e-01  3.60157181e-02\n  4.15342250e-01  4.86297462e-01  4.00902985e-01 -3.91056465e-01\n -5.98516653e-01  6.29261976e-02 -1.83712130e-01  6.81289633e-02\n  4.77602534e-01  2.46288339e-01  1.81474134e-01 -5.26733042e-02\n  6.06384742e-03  2.64706866e-01  1.24020100e-01  3.88645824e-01\n  4.04782591e-01  1.77624031e-01  5.52810444e-02  2.38666657e-02\n -4.23772001e-01 -4.53092855e-01 -2.43151330e-01  8.78908599e-02\n  5.64764615e-01  2.31385394e-01 -1.72608632e-01  1.46861030e-01\n  7.05596508e-01  5.16162358e-01 -2.25744727e-02  1.21881515e-01\n  4.65042445e-01  1.62995776e-01 -2.79517937e-01  2.94387633e-01\n -5.04221209e-01 -2.57975562e-01 -9.66251628e-03 -2.60004331e-01\n -4.05135631e-01 -4.10206945e-01 -1.33112658e-02  2.67637787e-01\n  3.22146152e-01 -2.22922746e-01 -4.81228417e-01  2.08477354e-01\n  2.05627042e-01 -2.11842231e-02 -6.20891963e-03  2.40465203e-01\n  1.23073276e-01  2.30064961e-03 -2.59698653e-01  3.11132564e-02\n  2.62817341e-01 -3.17561811e-01  3.39851697e-01  6.02828452e-03\n -2.12248461e-01 -1.14349741e-01 -7.47766287e-02  2.73690424e-01\n -8.94751540e-02  2.98188719e-01  2.78334790e-02  1.45722530e-01\n -1.61810357e-02 -9.19504483e-02 -1.84020330e-01 -2.24195439e-01\n  1.40662755e-01  5.07437618e-01 -3.65145035e-01  5.25807701e-01\n  2.90068969e-02  2.64865006e-01  4.42379635e-02 -4.25794697e-01\n -3.60996115e-01  2.49553276e-01 -1.55022880e-01  4.64743128e-02\n  3.16177909e-01  4.52001953e-01  1.61608168e-02  1.37213497e-01]",
    "olfactory": "[-0.24800306 -0.01250512  0.18879258  0.17271084 -0.18775092  0.30430129\n  0.25717578  0.13948972 -0.14620077  0.20620383  0.1073743  -0.09999741\n  0.09436369 -0.29908404  0.08767422  0.29303395 -0.04983154  0.03930864\n  0.39238227 -0.30807069 -0.23964207 -0.00238635 -0.35423389 -0.21970318\n  0.01990162  0.15611575  0.27361435 -0.13192173  0.08463891 -0.22771723]",
    "pheromonal": "[-0.39374551 -0.06180484  0.20451986 -0.03178401  0.30985254 -0.16484961\n -0.03754791 -0.09005234 -0.13412218 -0.39397578 -0.04114435  0.57819661\n -0.0364554   0.1917345  -0.0206292  -0.01165032 -0.09005579  0.03368136\n -0.19164793  0.04396363 -0.3580947   0.32072127  0.300965    0.26279716\n -0.05767769  0.34492953 -0.17989467 -0.28512019 -0.14035374  0.22689365]",
    "mechanosensory": "[ 0.01177326  0.16745003 -0.03889617  0.12176524 -0.02508353 -0.11767415\n  0.09590003  0.19753196  0.07987901 -0.00966841 -0.24283837 -0.24315425\n  0.09345369 -0.08790073  0.04977441  0.38164437  0.04886774  0.23125379\n -0.35072726 -0.00320374 -0.17110162 -0.07820797 -0.19323837 -0.1067397\n  0.01128798 -0.07792856 -0.07050048  0.31385764  0.04439573  0.41931505\n -0.17591965 -0.19459969 -0.01633415 -0.07703043  0.0437512   0.01524658\n  0.06132873 -0.05140721 -0.22005553 -0.15531787 -0.12262869 -0.26493226\n  0.02263827 -0.03384137  0.02226585 -0.20730586  0.17076439 -0.00421286\n -0.07809178 -0.10124222  0.08031909 -0.14015356 -0.04976932  0.07913968\n -0.02707764  0.06054727  0.12698683 -0.08511289  0.05130791  0.00427259]"
  },