{
  "step": 53,
  "insect_id": "Ant",
  "timestamp": 1753377473.5333686,
  "sensory_input": {
    "visual": [
      -0.8845863819301905,
      0.47360110258646515,
      -2.1657388279949563,
      -1.4996963783642703,
      -0.7477055521557507,
      -0.4161426695913366,
      0.2243232708138435,
      -1.4738360946557243,
      0.7310502501296745,
      0.7839788150443828
    ],
    "olfactory": [
      0.9314481629457577,
      -0.06942223571657533,
      0.11478882709494112,
      -1.3112642851126723,
      0.09677231001190738
    ],
    "pheromonal": [
      -0.0327485663181887,
      -0.8780455815985683,
      -2.271376509005381
    ],
    "mechanosensory": [
      -1.4399963795851556,
      0.6810822433568933,
      -0.14091572376065495,
      1.0194659428014696
    ]
  },
  "processed_output": {
    "visual": "[-0.17571097 -0.18927979 -0.07002038  0.35064932  0.54727751  0.43677868\n  0.22170704  0.20894503  0.19305962  0.21339149 -0.08818122  0.0049026\n  0.00187678 -0.07489681 -0.13422671 -0.20378503 -0.00146276 -0.10839817\n  0.38210643  0.29465136  0.132121   -0.16293842  0.01193553  0.07662316\n -0.12799478 -0.26510055 -0.52810046 -0.06034535 -0.39536509 -0.04215366\n  0.60132058  0.17662326  0.10132088  0.23885509  0.29906154  0.101084\n  0.05687572 -0.29068408  0.589037    0.05094352  0.43003764 -0.57278517\n  0.31065092  0.17693816 -0.64846729  0.32586203  0.27585402 -0.32464712\n  0.0629053   0.43527407 -0.26079156 -0.20799475 -0.28059459  0.06637228\n -0.37491071 -0.21982075  0.13157432  0.1274211  -0.08601341 -0.27542814\n  0.29001589  0.33770805  0.16429688 -0.30585548  0.41732953 -0.16116112\n -0.46160448 -0.28776816  0.04608584 -0.07479717  0.61451767 -0.14418179\n -0.39263842  0.62499918  0.22853375 -0.45003411  0.18234998 -0.3334678\n  0.25416876  0.5400902  -0.38527234  0.4830074   0.25672849  0.06149193\n  0.12372499  0.30008756  0.64383988  0.04975635 -0.27828047  0.69550905\n -0.02802086 -0.03634792  0.48925168  0.04712756  0.38125361  0.36032618\n  0.15412394 -0.47169452 -0.6644593   0.22919367 -0.07870912  0.2368517\n  0.25169888 -0.38432152 -0.38618864  0.57555298  0.11206714 -0.04701124\n -0.3071551  -0.17711937 -0.63980072 -0.00095903  0.34940952  0.03035641\n -0.25585365  0.01822565 -0.34048286 -0.3662466   0.1661952   0.01371113\n -0.03995514  0.2055721  -0.017593    0.01909624  0.11397868 -0.5585064\n -0.30237827  0.28356047  0.06731731  0.13742522 -0.27906358 -0.24982438\n -0.07382687 -0.35852727 -0.14479444  0.17187191  0.63013412  0.11956225\n -0.01788425 -0.12623787 -0.2037791  -0.37416204  0.01605186  0.33460724\n  0.0132471   0.22806301 -0.36895877  0.48238509  0.32875039 -0.13216392\n -0.3859143  -0.04913599 -0.50893955 -0.41924566  0.02272223 -0.24466897\n -0.08018696 -0.1448143  -0.42156231 -0.26811431  0.51205129  0.02485984\n -0.10899658  0.3640855  -0.00200787  0.25475259 -0.12722415  0.3526\n  0.00316113 -0.51539824  0.23415145  0.55588371  0.04279399 -0.19759129\n -0.30083566  0.25866052  0.46401326  0.49912967  0.14956799  0.03045718\n -0.34233505 -0.41418395  0.43604083 -0.10961915 -0.35050816  0.42766088\n -0.31420539 -0.01023826  0.36010102 -0.14450357  0.07367841 -0.33997729\n  0.00600513 -0.27770818 -0.50532007 -0.35737451  0.04025077  0.03496267\n -0.04678191 -0.0599972 ]",
    "olfactory": "[ 0.06051569 -0.31067219 -0.04363039  0.25303793  0.06315191 -0.00046461\n -0.18107043  0.14146467  0.025017   -0.352351    0.06680488  0.26629395\n -0.21247017  0.18765433 -0.17760004 -0.0781196  -0.12384301 -0.13421348\n -0.19739403  0.08263115  0.11343076 -0.0105123   0.21656597  0.04954148\n  0.03605339 -0.05423064 -0.10804489 -0.15669491  0.03492898  0.19370419]",
    "pheromonal": "[-0.13144015 -0.25022388  0.01409372  0.17423255 -0.05275054  0.29981034\n  0.08780433  0.48309692  0.18244182 -0.06031459  0.32309834 -0.01280202\n -0.28080815 -0.10700648 -0.0442265  -0.05791226 -0.1661242  -0.22789469\n  0.24788976 -0.1011837   0.05408781 -0.19104426 -0.06079758 -0.49850018\n -0.02815142  0.00503097  0.16730656 -0.40349275  0.16497936 -0.08956153]",
    "mechanosensory": "[ 2.40984427e-01 -3.91118265e-01  8.67307727e-02  2.52151058e-01\n -8.12639408e-02 -1.53150338e-01 -8.57004650e-02  1.93129104e-04\n  8.83499904e-02  3.52719788e-01 -3.16705531e-01  8.07589982e-02\n -1.51383945e-01 -1.66020787e-01 -1.22619420e-01  3.51572370e-02\n -1.64406386e-01 -3.95130859e-01  1.98930196e-01  9.16106790e-02\n -1.20917835e-01  9.54218870e-02 -3.13120339e-02 -4.80836673e-02\n  7.47125039e-02  2.62125140e-02 -5.00622809e-02  1.32746201e-01\n  2.49516709e-01  1.91011484e-01 -4.83180890e-02  4.84438597e-02\n -4.70534686e-02  2.20148163e-01  2.19290728e-01 -3.73159259e-01\n -1.57025102e-01  6.99093672e-02  2.47143449e-01 -1.94335930e-01\n  1.34155970e-01 -3.84714922e-01 -6.60076775e-02  1.47362509e-01\n  2.55443644e-01 -9.30149814e-02  2.74706163e-01  3.89964847e-03\n -1.40341315e-01 -8.44668879e-02 -8.32980733e-02 -7.54315648e-02\n -1.51391301e-01  3.89142391e-02 -2.52481130e-01  5.10629855e-02\n -4.33469807e-02  2.66719443e-01 -7.50995400e-02  2.14142190e-01]"
  },
  "neural_activity": {
    "mushroom_body": [
      0.4924007237947772,
      0.14693464607642892,
      0.767210702383254,
      0.6248820631260946,
      0.9864482839136465,
      0.33642038262559837,
      0.4422341246408278,
      0.9350583906263176,
      0.8758108280827299,
      0.364067756289724,
      0.02099672115939233,
      0.3653858631904884,
      0.8151629850456615,
      0.6140212660019688,
      0.32891618603502437,
      0.18893806693942827,
      0.7905736907455317,
      0.49916065962944123,
      0.19717420637235406,
      0.9213049964468009,
      0.447226947943287,
      0.7632966728025157,
      0.8032316000008118,
      0.5535376916288629,
      0.07895300729288246,
      0.37207011325454553,
      0.17281634483101527,
      0.9955464920855303,
      0.7331206509221954,
      0.5386381999688542,
      0.39924139702265893,
      0.2069417262349741,
      0.18638278300294076,
      0.5276332937882693,
      0.6015984856107799,
      0.738477463568368,
      0.012070075146157544,
      0.39691921306107414,
      0.9742478701988332,
      0.24929524690375904,
      0.2769088846934247,
      0.5292959918493957,
      0.07966113583142909,
      0.21578219897423678,
      0.7698762304225306,
      0.28290490199427065,
      0.9405319902264295,
      0.6002708120426894,
      0.45739250176265134,
      0.4463890668275149,
      0.9356395009266144,
      0.2565397437437217,
      0.45391089141763574,
      0.6693230026315135,
      0.02617703582476605,
      0.02531896787827681,
      0.5251034861530219,
      0.7031803637078137,
      0.058529304862222964,
      0.01939748304062039,
      0.5974268143442467,
      0.12381889677257696,
      0.6523379317512753,
      0.9321946265931902,
      0.591086092657511,
      0.1240378689225623,
      0.9362653987395712,
      0.5070649457786084,
      0.0919345703443104,
      0.7666644812076299,
      0.08779127460972835,
      0.33673866917057105,
      0.5896370886961854,
      0.2909284330490943,
      0.7323145070044182,
      0.7236888826592979,
      0.5710198786593059,
      0.7176901664961559,
      0.24203636076752333,
      0.41260492944946736,
      0.8738631246179162,
      0.4024116122514887,
      0.24035654060282785,
      0.3736574116109701,
      0.03336379466983419,
      0.6106387280493265,
      0.9364508555576203,
      0.22944403673237168,
      0.4365801853721185,
      0.8738519447485829,
      0.5050267126920194,
      0.453349231079773,
      0.993777465048396,
      0.3051647484911183,
      0.5080186252800102,
      0.5197698326970429,
      0.18403870897738006,
      0.28479427375720423,
      0.10024162543381976,
      0.18808052763581162
    ],