{
  "step": 31,
  "insect_id": "Fruit_Fly",
  "timestamp": 1753377453.5314338,
  "sensory_input": {
    "visual": [
      0.30215434169223576,
      -0.4460964805091596,
      -2.075378138115575,
      0.18571465186281733,
      -0.33976062027224485,
      -1.0397691478916564,
      0.3337812513529138,
      0.21155499279423326,
      -0.26771195461623853,
      0.23386802150884323
    ],
    "olfactory": [
      -0.6869302266186619,
      -1.832759594592087,
      0.2169660695491316,
      -0.07086652431687245,
      -1.7550618229051287
    ],
    "pheromonal": [
      -0.13486521284083375,
      -0.693433125714924,
      0.47880980285875385
    ],
    "mechanosensory": [
      -0.8642137560759504,
      1.1397206761336047,
      0.8396817774912153,
      -0.17890401098718353
    ]
  },
  "processed_output": {
    "visual": "[ 0.16849705 -0.22481221 -0.20930565 -0.06506049 -0.12112171  0.36179409\n  0.3025822   0.02329785 -0.30845979  0.14845309  0.23310601 -0.42993365\n -0.13825756  0.14537654 -0.1555739   0.19021703  0.05373147  0.164815\n -0.2168691   0.00949477  0.13754086 -0.18679774 -0.32051263  0.04162096\n  0.46051253 -0.14127505  0.11014954 -0.02229186 -0.10940039 -0.03839312\n -0.2334876  -0.06835743 -0.39960772 -0.38761914 -0.02217197  0.47534887\n  0.22865167  0.1828896   0.32315928  0.13586163 -0.24473244 -0.38562034\n  0.02486159 -0.14181118  0.0311192   0.15950014 -0.28012624  0.04271385\n  0.00614738 -0.02407343 -0.32913816 -0.18666918 -0.18561436 -0.33037408\n -0.21293972  0.14416192  0.33105005  0.34419071  0.20811721 -0.02664191\n -0.01569477  0.25861216  0.11266731 -0.35364989 -0.53108255  0.06473847\n -0.04355026  0.09577788 -0.31093573 -0.07848089  0.46512546 -0.25395233\n -0.31508947  0.06463455  0.28213374  0.36808675  0.09373193 -0.00209439\n  0.09174138  0.73596628 -0.26008867  0.09915943  0.07728815  0.08907048\n -0.04581375 -0.21555647  0.1614924  -0.0333403  -0.17585623  0.32957203\n -0.03697039 -0.03348405  0.30496194  0.03166436  0.23546563  0.18272067\n -0.32102684  0.20195673 -0.24749858  0.01920531 -0.31789295  0.22026335\n -0.23208562  0.03968249 -0.00793932  0.18485634 -0.29315138 -0.09634955\n  0.09950184  0.07136021  0.21634403  0.09481823 -0.15444891 -0.05831491\n -0.15649312  0.26926125  0.24840964  0.25592969  0.03212217 -0.23516232\n -0.08431166  0.19535089  0.14080354  0.20238794 -0.0815843   0.3323594\n -0.00576583  0.09505239  0.33996768  0.20752305 -0.04897409 -0.01908137\n -0.28455508  0.19253767 -0.18534131  0.09531136 -0.28395734 -0.14088579\n -0.0411777  -0.10264364 -0.17032651  0.60878586 -0.12447127 -0.15155059\n  0.2531392  -0.07197021  0.0461416  -0.20942752 -0.23959838  0.21498632\n -0.09653494 -0.4958315  -0.02263061  0.0777487   0.38998324 -0.11244963\n -0.40877573  0.10014572  0.28719697  0.25917578  0.48800779  0.01205495\n -0.12302775 -0.01819569 -0.00620165  0.3310456  -0.03823321  0.12445547\n -0.25557793  0.52775345 -0.10424572 -0.06082814 -0.26256401  0.24806377\n  0.01882863 -0.21700027  0.25621969 -0.24912376 -0.09383289 -0.1677074\n  0.11287738  0.26966035 -0.3170401   0.04928344  0.33091641  0.05553076\n -0.42024927  0.44320575  0.02753172  0.07993736 -0.19611484 -0.18289367\n -0.15348177  0.02241421 -0.11381868  0.01841804  0.03413691  0.35058714\n -0.06449719 -0.19639749]",
    "olfactory": "[ 0.11279461 -0.53949219 -0.26076378 -0.06568159 -0.11756134 -0.02413973\n -0.47087558 -0.03994758 -0.21823633 -0.08823619  0.01394721  0.00641968\n  0.19935629  0.19068749 -0.42098665  0.46738005  0.22986231  0.40274442\n  0.1264739   0.0464191  -0.15350148  0.38917337 -0.54606012  0.08561798\n  0.42069208  0.26856464 -0.24403917  0.15192147  0.36444902  0.09175876]",
    "pheromonal": "[-0.06382865 -0.19302625 -0.07667599 -0.08038626 -0.20621752  0.0880901\n -0.14872616 -0.03035948 -0.00811222  0.03644557  0.0083352  -0.05068696\n  0.04185333  0.05842168 -0.12617649  0.1789489   0.00099702  0.08329919\n  0.00635955  0.04860732  0.00993034  0.15643833 -0.14982428  0.13952219\n  0.03422716  0.07471251  0.05410484  0.02747572 -0.03117197  0.08207187]",
    "mechanosensory": "[ 1.59970944e-01 -3.32572850e-01  2.35940784e-04 -3.15913012e-01\n  1.50917854e-01  6.60940852e-02  9.18926702e-02  3.75228029e-01\n -3.54096969e-01  2.44855946e-01  2.04531818e-01 -5.24641912e-02\n  7.12163550e-02 -1.98135106e-02  4.08013958e-01 -1.06610285e-01\n -2.01771863e-03  1.28741977e-01  2.26825223e-02  3.28440380e-02\n  8.85716915e-02 -2.46429552e-02 -7.78695306e-02 -2.97174506e-01\n -9.56443997e-02  3.32569496e-03  8.53912470e-02 -3.95757995e-02\n  1.14202116e-01  4.25979205e-02  2.15528942e-01  1.16105845e-01\n -4.26992505e-02  1.72200855e-01 -1.85056633e-03 -4.94959205e-02\n  2.90534418e-01 -6.92965156e-03  9.30271558e-02  5.59066594e-03\n  1.84312862e-02 -2.66431384e-01  5.96186665e-02  4.26510028e-03\n -2.14785882e-01 -2.85431194e-01  1.55081785e-01 -1.11994782e-01\n  1.38515741e-02  2.76315053e-02  4.73518754e-02  1.94301323e-01\n  1.22492933e-01 -2.03716399e-01 -2.96534829e-01  3.18084107e-02\n  6.85891480e-02 -3.99360146e-02  6.17280217e-02  6.76745197e-03]"
  },
  "neural_activity": {
    "mushroom_body": [
      0.9573342550431373,
      0.5685218001748344,
      0.1532728767834156,
      0.440756085521535,
      0.4259028932173351,
      0.8065279792960456,
      0.735175839227128,
      0.5075710583125029,
      0.3182408848813949,
      0.1857101658658754,
      0.147293821091668,
      0.5144536606534947,
      0.45121488345427196,
      0.4906687440412314,
      0.9154397942576439,
      0.03221105435352989,
      0.5357325732152792,
      0.1382546922159048,
      0.36067250393003913,
      0.5332526610283069,
      0.8730295292421824,
      0.04063562036991242,
      0.7485949842136878,
      0.3405914174807766,
      0.18318381682710538,
      0.5600384713303344,
      0.1937550886838283,
      0.5397260475592325,
      0.5783223468361413,
      0.9653669883642755,
      0.4658507608321515,
      0.041218211917091296,
      0.9430155978024163,
      0.2674308460540551,
      0.7293295369440447,
      0.57561750059022,
      0.8256796537657,
      0.8151716530122752,
      0.5281132367497178,
      0.8266383224215215,
      0.7639307513444167,
      0.2648371836316852,
      0.5252438849384159,
      0.5541905466888357,
      0.37818191129782974,
      0.7450469935471635,
      0.2806576625628212,
      0.970184082071879,
      0.823677363336939,
      0.978073118620327,
      0.49119614886596097,
      0.6255023153178355,
      0.3681622586961123,
      0.27170809027288534,
      0.7049624491081308,
      0.9090151895400193,
      0.41775828586490404,
      0.6095412889618553,
      0.585938072687339,
      0.8930936343998793,
      0.9166908334120343,
      0.8584724743974405,
      0.4721485132611529,
      0.4807210850130702,
      0.966113607256765,
      0.14152773929286366,
      0.6864110737296917,
      0.8136470071682644,
      0.6496913523967113,
      0.8044161094802286,
      0.6584368982773874,
      0.7552418973233255,
      0.616923263713886,
      0.3417038976597814,
      0.3231289351313176,
      0.1544216935411289,
      0.7029083784993677,
      0.5724367368870931,
      0.2916010291694956,
      0.02198318626477036,
      0.1818806884802623,
      0.9196557994989446,
      0.6893228355088742,
      0.8528493442801934,
      0.33072324176447354,
      0.4919088973308279,
      0.9279620406010517,
      0.28301492112311355,
      0.076863264671996,
      0.21435225530737068,
      0.47425321392117226,
      0.3668784589614873,
      0.8654826015894379,
      0.22710319324722184,
      0.7957563775459994,
      0.5848636850024898,
      0.9513743724371871,
      0.09511916040574064,
      0.46089376742698995,
      0.027475684173515202
    ],