{
  "step": 36,
  "insect_id": "Fruit_Fly",
  "timestamp": 1753377453.5892146,
  "sensory_input": {
    "visual": [
      0.9494270473413897,
      0.5247717756314679,
      -0.8578812867178277,
      -0.04495117077521125,
      -0.5382037433566499,
      1.2033848132847698,
      0.8006126062416453,
      0.21614570421688092,
      1.889738537588356,
      -1.1481279801350353
    ],
    "olfactory": [
      -1.634167887783301,
      -0.8186627534364198,
      1.408363308086419,
      -0.12939859545763033,
      -0.6784837986058512
    ],
    "pheromonal": [
      0.6343093975329863,
      1.3811143394322114,
      1.126692779894417
    ],
    "mechanosensory": [
      0.6307518360913186,
      0.6065925922291727,
      -2.5788836295831588,
      -2.148085234909485
    ]
  },
  "processed_output": {
    "visual": "[ 0.14531242 -0.02947589 -0.40541348 -0.17860488  0.26683455  0.41213972\n -0.00532944 -0.10891679  0.11053369  0.034288    0.23479117 -0.41114733\n -0.0362781  -0.17037412  0.3647745   0.48190337  0.38930095  0.04610809\n  0.16298321 -0.03392276 -0.47623043  0.41733458  0.46374157 -0.21789252\n  0.32866933  0.0491344   0.21848776 -0.10738858  0.13176823  0.09265485\n  0.11123726  0.26685065 -0.05964412 -0.66095272 -0.41636145  0.18298507\n  0.09877086  0.50621055 -0.37762581  0.49055428 -0.1793815  -0.10094291\n -0.17976618  0.33646642  0.48784051  0.3397762   0.3180976   0.41836727\n  0.42775489 -0.21443097 -0.2225761  -0.4680272  -0.25061343 -0.57375097\n  0.05543251  0.05504562  0.26124731  0.04654006  0.21238706  0.1081094\n  0.18665347  0.15559044  0.17322773 -0.22369646  0.26404527  0.11209728\n -0.65826692  0.41781932  0.78421384 -0.29316122  0.10383374  0.02157764\n  0.33434368 -0.42545604  0.47772706  0.13893688 -0.1953024  -0.44250621\n -0.12013726 -0.03630452  0.1499035   0.37179838 -0.0972658  -0.53552667\n -0.11927108  0.18976485  0.0719962  -0.22167225 -0.09265141  0.27179504\n  0.23108328 -0.15767533  0.14073456  0.2043098   0.10133863 -0.01122276\n -0.45030178 -0.32836326  0.6087599   0.28165749 -0.51427373 -0.06244253\n -0.22107624 -0.25845315 -0.06864707  0.2114958   0.17716541  0.0813623\n  0.0829661  -0.11860513  0.33242567 -0.33830883  0.20378103 -0.10034686\n  0.47368264  0.20251714  0.30553475 -0.38761118  0.31137595 -0.05334822\n -0.29952888  0.20265048 -0.01017293 -0.47687596 -0.20176961 -0.17118269\n  0.51924335  0.36491808  0.10597479 -0.05790998 -0.03701575 -0.43702595\n -0.05212546  0.02647434  0.24025276 -0.35449487 -0.11142471 -0.08164836\n  0.04626843 -0.08624261  0.17015095  0.55800046 -0.09589789  0.43357112\n -0.42479333 -0.04751876  0.03772949 -0.26089293 -0.4953298  -0.26667431\n  0.16031153  0.51974428  0.09504539 -0.31902012  0.1337669   0.55518392\n -0.51363045 -0.06629856  0.01572666  0.0563481   0.39498576 -0.15999114\n  0.13041202 -0.33672611 -0.01426513 -0.426645   -0.00937038  0.13113238\n -0.2622341  -0.25157531 -0.3667702  -0.30306041 -0.03585785 -0.0422678\n  0.19471639  0.24978231  0.1110119  -0.07740959 -0.48768006 -0.27252892\n -0.23441124  0.46394306 -0.013783   -0.51023783  0.45881868  0.23853055\n -0.08485868 -0.25598225  0.44896939 -0.10834085  0.37426333  0.16547425\n -0.1975846   0.02681764  0.11952521  0.06680216 -0.43964464  0.12313667\n -0.14221109  0.15303045]",
    "olfactory": "[ 0.20416163 -0.5258799  -0.13035694 -0.01774769 -0.42729786 -0.02180386\n -0.28903165 -0.12357754 -0.15583058 -0.37455193 -0.05729667  0.00576765\n  0.21452245  0.19641108 -0.3995971   0.46489521  0.10919165  0.46309743\n  0.10576418  0.29224707 -0.11405635  0.38582184 -0.20258035  0.11651183\n  0.38273103  0.17391304  0.12276998 -0.17088066 -0.17766451 -0.03949288]",
    "pheromonal": "[ 0.1245474  -0.09754229  0.05409012  0.14925504 -0.10905594 -0.0323403\n  0.39672023  0.20405867  0.14570292 -0.00492978 -0.12286752 -0.1898163\n  0.27526089 -0.09553447  0.09758128 -0.0135927   0.17838756 -0.04754455\n  0.12528143  0.16257615 -0.13997545 -0.17869097  0.42402433 -0.12604953\n  0.01449647 -0.15324427  0.09690973 -0.20306671  0.00817906  0.12254013]",
    "mechanosensory": "[-0.36108266  0.50930552  0.43273398  0.13766859 -0.11077302 -0.07377429\n -0.51543542  0.02473802  0.49714883  0.57273396 -0.05213082  0.54672545\n -0.06929984 -0.18639806 -0.47504704 -0.03489512 -0.3391951  -0.1836519\n -0.00964617  0.11756219 -0.16133025 -0.19879983 -0.0562651  -0.60152078\n  0.16418674 -0.42774746 -0.21079305 -0.34360874 -0.34067638  0.40786632\n -0.22449853  0.35840593 -0.05298692 -0.14430611  0.13065334  0.04112692\n -0.48330517 -0.1880621   0.02678387 -0.15487806  0.48338974  0.09192266\n -0.41268493  0.48780379  0.08653251 -0.14343472 -0.18647838 -0.23099111\n -0.27416335  0.58949768  0.26514134  0.53833756 -0.4887679   0.3445951\n  0.60275503 -0.04688206 -0.21934889 -0.30317236  0.01534672  0.15479803]"
  },
  "neural_activity": {
    "mushroom_body": [
      0.9573342550431373,
      0.5685218001748344,
      0.1532728767834156,
      0.440756085521535,
      0.4259028932173351,
      0.8065279792960456,
      0.735175839227128,
      0.5075710583125029,
      0.3182408848813949,
      0.1857101658658754,
      0.147293821091668,
      0.5144536606534947,
      0.45121488345427196,
      0.4906687440412314,
      0.9154397942576439,
      0.03221105435352989,
      0.5357325732152792,
      0.1382546922159048,
      0.36067250393003913,
      0.5332526610283069,
      0.8730295292421824,
      0.04063562036991242,
      0.7485949842136878,
      0.3405914174807766,
      0.18318381682710538,
      0.5600384713303344,
      0.1937550886838283,
      0.5397260475592325,
      0.5783223468361413,
      0.9653669883642755,
      0.4658507608321515,
      0.041218211917091296,
      0.9430155978024163,
      0.2674308460540551,
      0.7293295369440447,
      0.57561750059022,
      0.8256796537657,
      0.8151716530122752,
      0.5281132367497178,
      0.8266383224215215,
      0.7639307513444167,
      0.2648371836316852,
      0.5252438849384159,
      0.5541905466888357,
      0.37818191129782974,
      0.7450469935471635,
      0.2806576625628212,
      0.970184082071879,
      0.823677363336939,
      0.978073118620327,
      0.49119614886596097,
      0.6255023153178355,
      0.3681622586961123,
      0.27170809027288534,
      0.7049624491081308,
      0.9090151895400193,
      0.41775828586490404,
      0.6095412889618553,
      0.585938072687339,
      0.8930936343998793,
      0.9166908334120343,
      0.8584724743974405,
      0.4721485132611529,
      0.4807210850130702,
      0.966113607256765,
      0.14152773929286366,
      0.6864110737296917,
      0.8136470071682644,
      0.6496913523967113,
      0.8044161094802286,
      0.6584368982773874,
      0.7552418973233255,
      0.616923263713886,
      0.3417038976597814,
      0.3231289351313176,
      0.1544216935411289,
      0.7029083784993677,
      0.5724367368870931,
      0.2916010291694956,
      0.02198318626477036,
      0.1818806884802623,
      0.9196557994989446,
      0.6893228355088742,
      0.8528493442801934,
      0.33072324176447354,
      0.4919088973308279,
      0.9279620406010517,
      0.28301492112311355,
      0.076863264671996,
      0.21435225530737068,
      0.47425321392117226,
      0.3668784589614873,
      0.8654826015894379,
      0.22710319324722184,
      0.7957563775459994,
      0.5848636850024898,
      0.9513743724371871,
      0.09511916040574064,
      0.46089376742698995,
      0.027475684173515202
    ],