{
  "step": 51,
  "insect_id": "Ant",
  "timestamp": 1753377473.5093033,
  "sensory_input": {
    "visual": [
      0.4057950822898728,
      -1.1904725313028952,
      1.2932542201975483,
      -1.9221985036956206,
      1.6436449895111114,
      0.8277548961287414,
      -0.7898411422380291,
      -0.17438206297062828,
      -1.507341118195709,
      0.13257877247453173
    ],
    "olfactory": [
      1.3407543197871636,
      -0.31012705548852354,
      0.3779904058130395,
      -0.3623465392310011,
      -0.7422580709422001
    ],
    "pheromonal": [
      0.3039931112807936,
      0.6956272178201618,
      -0.3626319603444829
    ],
    "mechanosensory": [
      -0.26316121145296645,
      -0.47460100584781567,
      -0.7732627132402922,
      -0.8233850975950241
    ]
  },
  "processed_output": {
    "visual": "[-0.42959551 -0.12254561  0.49908803 -0.21791324 -0.04705838 -0.17980082\n -0.29334001 -0.10572325 -0.08346558 -0.22148947 -0.54960033 -0.31405498\n  0.12466172  0.54977884 -0.03761846  0.2382511   0.46816948 -0.2193593\n -0.56375454 -0.48585524  0.29892912  0.29294105  0.21333982 -0.21283494\n -0.36481675  0.27917763 -0.2826496   0.20711338  0.00087767  0.0845896\n -0.03397149 -0.12730939 -0.22619739  0.2091402  -0.57808448 -0.40086959\n  0.27405811  0.07460205 -0.10472559 -0.44872098 -0.23369041  0.04997095\n  0.18661392 -0.10971877  0.05439238 -0.25443698  0.01877352  0.40266579\n  0.19243714 -0.52890006  0.05132924  0.54624468 -0.43640888  0.43367449\n  0.54600787 -0.05185641  0.13243469 -0.01725134  0.28377908  0.09255145\n  0.71055226  0.00193549  0.13034633 -0.49121282 -0.09696728  0.29725854\n  0.39105213  0.71719756  0.38047863 -0.02926484 -0.30999602  0.50991725\n  0.5066809  -0.55905544  0.44779873  0.33014469  0.33134169 -0.04629588\n  0.18029498 -0.41508618  0.22596714 -0.11931028  0.40873294 -0.07785185\n -0.54517461  0.29208501 -0.8520064   0.65468866  0.18756486  0.0813464\n  0.27316599  0.59279918 -0.53792888 -0.36235247 -0.13976967  0.22356533\n -0.28172694  0.42536007 -0.0416645   0.18100495 -0.19237516  0.04293937\n  0.0929792   0.05835163 -0.32247888 -0.5881861   0.403584   -0.40525662\n -0.37621238 -0.59159129  0.38653332  0.22278735  0.21412336  0.51811031\n -0.10803701 -0.30942649 -0.3195568   0.1863757   0.38611048 -0.19882119\n  0.26173232  0.23746643 -0.14371218 -0.00266069 -0.13360338  0.1366627\n  0.03929695 -0.15232951 -0.40807701  0.18911343 -0.28003987 -0.29351871\n -0.07149793 -0.68762168  0.20595347 -0.28608351 -0.09618637  0.14336687\n -0.12872139 -0.20902092  0.69839697  0.60739406 -0.0553483  -0.49177693\n -0.01986983 -0.40281457 -0.04580579 -0.45695662 -0.04031642  0.25757992\n  0.49395172  0.356165   -0.4386991  -0.44233793  0.08454109  0.52491152\n -0.00297945  0.20592316 -0.02672505  0.44032418  0.03210388  0.03519372\n  0.42890403  0.38109648  0.03160311 -0.65768207  0.50643597 -0.68947439\n -0.08415906 -0.01425683 -0.10152908 -0.35138164  0.58368098 -0.3174185\n  0.38792342  0.13971891 -0.03399885  0.13234122 -0.21335135 -0.10526093\n  0.31652125 -0.54582119 -0.53440974  0.22212358 -0.08687902  0.14538591\n -0.16348268 -0.06686901 -0.06356517  0.26391501 -0.65697965 -0.18623783\n  0.00407573  0.19181784  0.47121978  0.07090332  0.53940884 -0.00139161\n  0.2953505   0.02729485]",
    "olfactory": "[-0.1077204  -0.34396448  0.11024417  0.4085588  -0.07629655  0.11897711\n -0.03329389  0.12695038 -0.19482989 -0.28938268  0.04314413  0.36396352\n -0.06834979  0.08416838 -0.13375392  0.24355786 -0.22289435 -0.02003001\n  0.01566141 -0.13361561 -0.22610814  0.1229853  -0.00245023  0.11476158\n  0.10413414  0.17887517  0.04684357 -0.19628679 -0.00410536  0.09903158]",
    "pheromonal": "[-0.26009485  0.06102423  0.12725882 -0.10110024  0.20158208 -0.02366951\n  0.02004465 -0.05690221 -0.01210855 -0.13403435  0.01358613  0.17970408\n -0.03360143 -0.0287537   0.02387897 -0.10063117  0.07897442 -0.02126307\n -0.05903334  0.00839481 -0.04656565  0.09079839  0.12286593  0.02961899\n -0.09503201  0.07260574 -0.08105023 -0.13729646  0.00577104  0.06652439]",
    "mechanosensory": "[-0.05202078  0.10819829 -0.05560288  0.0189946   0.05561282  0.0340286\n  0.12182605  0.14868687  0.04990657 -0.04762668 -0.1413215  -0.19438776\n  0.08545153 -0.13067857  0.0184693   0.25109021  0.06125355  0.17289742\n -0.23310384  0.01094179 -0.13072364 -0.12823654 -0.16890622 -0.04546711\n  0.00987867 -0.03987692 -0.03394459  0.17749537 -0.06384071  0.31428265\n -0.09335538 -0.10807379 -0.00717361 -0.05741996  0.05152629  0.0542783\n  0.08474626 -0.05465387 -0.11953774  0.01519052 -0.09368761 -0.13025722\n  0.06012696  0.03834068  0.04545242 -0.13604102  0.06797972 -0.01882207\n -0.03938469 -0.09003643  0.1559872  -0.02566037 -0.0107492   0.01834005\n  0.02590058  0.08337803  0.02046282 -0.07790611  0.03524982 -0.06018969]"
  },
  "neural_activity": {
    "mushroom_body": [
      0.4924007237947772,
      0.14693464607642892,
      0.767210702383254,
      0.6248820631260946,
      0.9864482839136465,
      0.33642038262559837,
      0.4422341246408278,
      0.9350583906263176,
      0.8758108280827299,
      0.364067756289724,
      0.02099672115939233,
      0.3653858631904884,
      0.8151629850456615,
      0.6140212660019688,
      0.32891618603502437,
      0.18893806693942827,
      0.7905736907455317,
      0.49916065962944123,
      0.19717420637235406,
      0.9213049964468009,
      0.447226947943287,
      0.7632966728025157,
      0.8032316000008118,
      0.5535376916288629,
      0.07895300729288246,
      0.37207011325454553,
      0.17281634483101527,
      0.9955464920855303,
      0.7331206509221954,
      0.5386381999688542,
      0.39924139702265893,
      0.2069417262349741,
      0.18638278300294076,
      0.5276332937882693,
      0.6015984856107799,
      0.738477463568368,
      0.012070075146157544,
      0.39691921306107414,
      0.9742478701988332,
      0.24929524690375904,
      0.2769088846934247,
      0.5292959918493957,
      0.07966113583142909,
      0.21578219897423678,
      0.7698762304225306,
      0.28290490199427065,
      0.9405319902264295,
      0.6002708120426894,
      0.45739250176265134,
      0.4463890668275149,
      0.9356395009266144,
      0.2565397437437217,
      0.45391089141763574,
      0.6693230026315135,
      0.02617703582476605,
      0.02531896787827681,
      0.5251034861530219,
      0.7031803637078137,
      0.058529304862222964,
      0.01939748304062039,
      0.5974268143442467,
      0.12381889677257696,
      0.6523379317512753,
      0.9321946265931902,
      0.591086092657511,
      0.1240378689225623,
      0.9362653987395712,
      0.5070649457786084,
      0.0919345703443104,
      0.7666644812076299,
      0.08779127460972835,
      0.33673866917057105,
      0.5896370886961854,
      0.2909284330490943,
      0.7323145070044182,
      0.7236888826592979,
      0.5710198786593059,
      0.7176901664961559,
      0.24203636076752333,
      0.41260492944946736,
      0.8738631246179162,
      0.4024116122514887,
      0.24035654060282785,
      0.3736574116109701,
      0.03336379466983419,
      0.6106387280493265,
      0.9364508555576203,
      0.22944403673237168,
      0.4365801853721185,
      0.8738519447485829,
      0.5050267126920194,
      0.453349231079773,
      0.993777465048396,
      0.3051647484911183,
      0.5080186252800102,
      0.5197698326970429,
      0.18403870897738006,
      0.28479427375720423,
      0.10024162543381976,
      0.18808052763581162
    ],