{
  "step": 88,
  "insect_id": "Honeybee",
  "timestamp": 1753377493.4566493,
  "sensory_input": {
    "visual": [
      0.04582706525457319,
      0.5282413119241561,
      -1.8687303197394969,
      -0.34444284366413463,
      1.144990845671398,
      0.0029252741830546923,
      -0.6224822849648645,
      -0.04887836103988474,
      -1.7878423425932244,
      -1.4822343015786992
    ],
    "olfactory": [
      -0.767586600543513,
      0.007497013032261795,
      0.6125590941768239,
      1.9225325490539673,
      0.3431967593770847
    ],
    "pheromonal": [
      0.16462990887130582,
      0.2596063199109501,
      -0.022282333635543952
    ],
    "mechanosensory": [
      -0.8423023099402585,
      -1.3612541753343688,
      -0.424996443628151,
      -1.6868620778723413
    ]
  },
  "processed_output": {
    "visual": "[ 0.2280155  -0.11365577  0.01181897 -0.08699014  0.16355306 -0.05205278\n -0.02193283 -0.22419456  0.34937421  0.28559711 -0.06880034  0.2255386\n  0.01204249 -0.05384045 -0.32474547 -0.39088262 -0.19048133 -0.00861991\n -0.01880515  0.08968379 -0.04955453  0.42100189  0.22179447  0.34021366\n  0.11582993 -0.36901113  0.33835884 -0.58914871  0.15357289 -0.27667456\n  0.37402577  0.05057273 -0.08147595  0.04268812 -0.21287753 -0.28257214\n -0.12436427 -0.14555856  0.20907406 -0.05199913 -0.08834988 -0.0316549\n  0.20768564  0.43923199  0.47111519  0.32486087 -0.05969343 -0.19247994\n  0.3586171  -0.32716496  0.00527856 -0.03553801 -0.22745969  0.46378022\n  0.04958141 -0.46561222  0.14773916 -0.21401961  0.56440164 -0.12485933\n -0.45795901  0.34761147 -0.64190187 -0.22529845 -0.48127557 -0.45027423\n  0.19501081 -0.04658717  0.19399369  0.01283756  0.1929671  -0.08561178\n  0.38933552  0.47481856  0.48653146 -0.12433298 -0.04822794 -0.1475409\n  0.39227666  0.02824495  0.11218591  0.13128948 -0.43728099  0.01161857\n  0.43268925 -0.02951658  0.05662278  0.12103295 -0.03791497 -0.06083973\n  0.0735667   0.24538529  0.70408756  0.22814887  0.20488583  0.23319569\n -0.14394947 -0.01064031 -0.36988109 -0.25985511  0.32810495 -0.32747897\n  0.36811329 -0.07909177  0.2685297   0.1531572   0.63951121 -0.33430542\n  0.23113524  0.21066257  0.14131005 -0.0065939  -0.00951651 -0.27240807\n  0.68717308 -0.37770969  0.15761214 -0.01133928 -0.54451424  0.07672606\n -0.13146371  0.04314509 -0.41397628 -0.08587603  0.19946607 -0.24599006\n -0.15647147 -0.10879967  0.0910673  -0.32006783  0.07736918  0.19821085\n  0.15808601  0.241634    0.23422402  0.14698441 -0.03172071 -0.45395126\n  0.3676326  -0.59875224 -0.23877498  0.02224674  0.08056229 -0.4806226\n  0.20053819 -0.25397624  0.11292019 -0.1605419  -0.21297096  0.0889748\n  0.08967152 -0.43124906  0.00398741  0.26046598  0.24783494  0.04297043\n  0.3381447   0.26502712  0.19731314 -0.36625182 -0.38068031 -0.29145575\n -0.0209531  -0.27735361 -0.3955414  -0.1490673  -0.22016338 -0.34847948\n  0.20700824  0.386706   -0.3484747   0.34014452  0.22101571 -0.60559286\n -0.130203    0.12217089 -0.36245941  0.46497212  0.25549343 -0.24533501\n -0.33829456 -0.53376198 -0.3619987   0.43127178 -0.06534296 -0.44674405\n -0.11021905  0.63808506  0.29233641 -0.49541892 -0.23301459  0.16783396\n -0.30621576  0.05603422 -0.19236753 -0.02546917 -0.30646755 -0.19119182\n -0.09360535 -0.09881128]",
    "olfactory": "[ 0.18721388  0.51735399  0.10165081 -0.17290824 -0.57767824  0.06673857\n  0.39180858 -0.24014255  0.33435619 -0.07651141  0.01913144 -0.17921028\n  0.14122515  0.15552281 -0.06320022 -0.18505151 -0.141378   -0.35817604\n -0.17388386  0.49868484 -0.20996423  0.16392446 -0.18850917  0.28901693\n -0.53295451  0.13557815 -0.13550849  0.2124791  -0.39079558  0.05101909]",
    "pheromonal": "[ 0.00548504 -0.0269343   0.02619209 -0.06528177  0.01271534 -0.05204297\n -0.0098044   0.01066817  0.02678455 -0.03275731  0.04967077  0.01712224\n -0.02762112  0.01642537 -0.01047375 -0.00671377 -0.00665986  0.00073415\n  0.0201978   0.00675097 -0.0021211   0.00071067 -0.05212542 -0.01497347\n  0.0527376   0.03441549  0.00147583 -0.03396233 -0.00382853 -0.01588351]",
    "mechanosensory": "[ 0.04484255  0.01619242  0.10687722  0.35498865 -0.08199431 -0.01301667\n  0.16120691 -0.09714472  0.14954594 -0.05510174  0.04914483  0.41913197\n -0.14732629 -0.11691299  0.1669059  -0.19639126  0.1525265  -0.14884981\n  0.26382408  0.06474575 -0.0940315  -0.3104959  -0.39000136 -0.17967677\n  0.16911791  0.22270327 -0.17408413  0.08143976 -0.13601615  0.32179371\n  0.28459076 -0.51328576 -0.11729331 -0.22654629 -0.26589787 -0.14439067\n  0.19776212  0.12911789  0.16266771 -0.14809274  0.04893846 -0.58701697\n  0.13715648  0.20969746 -0.07811963  0.17394563 -0.18370207 -0.29548913\n -0.09590389 -0.31663824  0.12391671 -0.06474189  0.18585259  0.26284379\n -0.2485594  -0.06605375  0.10953259 -0.09169546 -0.06622338  0.13254971]"
  },
  "neural_activity": {
    "mushroom_body": [
      0.12635954055289922,
      0.6510662603041527,
      0.6627929837081565,
      0.9059514415899972,
      0.694024905970108,
      0.13032535785611132,
      0.6785700910874193,
      0.25181423548906845,
      0.9354434499568303,
      0.9820695225306735,
      0.35894562736900226,
      0.09852715118231181,
      0.294853150261539,
      0.7462912346894797,
      0.7870932401371551,
      0.07062982415768515,
      0.48313936540704683,
      0.6622209359526908,
      0.115399259873879,
      0.6872873456110286,
      0.6981114122053442,
      0.504124699964496,
      0.8683273200191458,
      0.7166708401294236,
      0.6182749276751418,
      0.6232014757378306,
      0.39529436063508416,
      0.38233751371397573,
      0.7167883560053652,
      0.44552297638641014,
      0.9047130954552666,
      0.021405918043153394,
      0.7727889117003455,
      0.6159269939967781,
      0.06738501744015668,
      0.32597272676736,
      0.3087168672643883,
      0.9038271378155378,
      0.23784856178197233,
      0.18904989841550568,
      0.2210457214133057,
      0.848521080227047,
      0.3413897391223164,
      0.9617188178997028,
      0.787246394196182,
      0.10829421222201396,
      0.6481604816985572,
      0.7469217894494218,
      0.03391105392878513,
      0.15653537504224724,
      0.9992419020899515,
      0.6853055751030905,
      0.25484180859629757,
      0.9989993979407218,
      0.6524217395054385,
      0.6347337365749102,
      0.744143846619154,
      0.5150140806392638,
      0.7356517947329767,
      0.6376489951475847,
      0.45323207581238756,
      0.37210842438874125,
      0.7037428860280608,
      0.23895712561486693,
      0.5940955300660384,
      0.9945112193658604,
      0.707620198578572,
      0.9534313058612712,
      0.7114461577312933,
      0.4395467057289705,
      0.49249444180522495,
      0.06731022572559242,
      0.27550073951848686,
      0.8881137570119427,
      0.8104454683630198,
      0.58025781616706,
      0.5300344472969072,
      0.07180701688387292,
      0.3757757212457067,
      0.300809054944117,
      0.8118121304991793,
      0.8542922211831256,
      0.9187886496881005,
      0.9817062663157549,
      0.5612733835334486,
      0.2686584688003274,
      0.5043663782398784,
      0.18781304522437448,
      0.71123547918031,
      0.2222548857108344,
      0.5264317813777212,
      0.9750138797195244,
      0.07515074344946227,
      0.2914045013201676,
      0.7958427234065533,
      0.45715523003574077,
      0.5492189810560055,
      0.28384337953527417,
      0.4591770410905638,
      0.27511237675800737
    ],