{
  "step": 94,
  "insect_id": "Fruit_Fly",
  "timestamp": 1753377493.5364883,
  "sensory_input": {
    "visual": [
      -0.8209115121029381,
      -0.5435907060559907,
      -0.17647127694038692,
      0.9075349363646883,
      -0.2886288468619263,
      -0.9999043318473569,
      -0.9964550221105588,
      1.1787295717959367,
      0.16615692956718575,
      -1.2430439473805488
    ],
    "olfactory": [
      -0.15664764377974352,
      -0.23238795583959085,
      0.19513183626172928,
      -2.0620339830224537,
      -1.9164972441153
    ],
    "pheromonal": [
      -0.39207179216509513,
      -1.3004519901298512,
      0.8854200115177403
    ],
    "mechanosensory": [
      0.1832693957129766,
      -0.2601692597832322,
      0.42858314544007736,
      1.0103674058313576
    ]
  },
  "processed_output": {
    "visual": "[ 0.00202593 -0.21339819 -0.10795627  0.13572485  0.20522541 -0.06410856\n  0.13146296 -0.30336165 -0.23481295 -0.26693609  0.45769149 -0.43930649\n  0.03944294 -0.27240806 -0.04414424  0.34013952  0.34747716  0.16247644\n -0.24949521  0.19301013  0.29927987 -0.28546334  0.18297449  0.21073374\n -0.13862871 -0.05455349  0.1376729  -0.04514916 -0.3165067   0.28695961\n -0.1240889   0.14211849  0.47919323  0.08080281 -0.40357613 -0.16274036\n -0.41657284  0.31934443  0.24407512  0.22623922 -0.53664906 -0.06514085\n  0.04315851 -0.07130842 -0.16084549 -0.05770832  0.22944621  0.06923419\n -0.35646367 -0.50506911  0.02769686  0.0583974   0.03554473 -0.29138963\n  0.03227603  0.34623011 -0.29364339 -0.11115966 -0.04782445 -0.02646717\n  0.04548977  0.26205407 -0.19053531 -0.13467668 -0.09598609 -0.03771955\n -0.6079321   0.15125736 -0.59002223 -0.01153179  0.47736242 -0.2414716\n -0.0402526  -0.116134   -0.05009855  0.29236992 -0.43298579 -0.354102\n -0.37478181  0.25597841  0.12637732  0.33634117  0.10459518 -0.09640282\n  0.10537527 -0.00580503 -0.4323322  -0.1346833  -0.19823852 -0.1415514\n -0.03055321  0.04089     0.2508594  -0.36571151 -0.40558795 -0.17302613\n  0.14250395 -0.01641336  0.02434848  0.36187028  0.16408937 -0.03860925\n -0.20531111 -0.12089725 -0.31962722  0.3028094  -0.00145757 -0.28130689\n -0.11335233 -0.17566153 -0.23001354 -0.05260186  0.07674818 -0.24316586\n -0.11163556  0.29700938  0.136195   -0.00777115 -0.15016745  0.24133741\n -0.12125027 -0.19640033 -0.22438752 -0.16181336 -0.05943929 -0.08252406\n -0.15340563 -0.15640247  0.49863028  0.40415735 -0.33926734 -0.23153136\n  0.03927288  0.35077257 -0.15156695  0.15856286  0.03775467  0.33898284\n -0.41424198  0.19124458  0.00637278  0.22169105  0.03542024 -0.20052409\n  0.03114492  0.27171549 -0.1225117  -0.13272656 -0.05336565  0.44083253\n -0.36538216 -0.19737772  0.04729571  0.41789807 -0.24801283  0.1250768\n -0.00815139  0.11038338 -0.15803226 -0.17942934 -0.10229922  0.35252456\n  0.04457058  0.13523222  0.17751808  0.44332368  0.10117964 -0.07415308\n -0.09826422  0.23570588 -0.0054534   0.0974318  -0.14334678  0.23267515\n  0.16404084  0.20129756  0.17313391 -0.03910947 -0.15040346  0.05735478\n -0.42395745  0.19378048 -0.10915892  0.27237901  0.27648937 -0.28211502\n -0.06814209  0.27999464 -0.36260029  0.15612509  0.33648469  0.19325423\n  0.20232895  0.00774253 -0.16371707  0.19620576  0.47965846 -0.17162406\n  0.06783406 -0.01524541]",
    "olfactory": "[ 3.38278918e-01 -5.60713092e-01 -1.81854449e-01 -6.99915694e-02\n  2.01796302e-01 -2.95584613e-01 -6.16402567e-02 -2.37447585e-01\n -4.37097055e-01 -1.99439148e-02  9.01851061e-02  5.86406415e-02\n  3.97399110e-01  3.08397366e-01 -2.78799208e-01  2.31247648e-01\n  6.83620609e-05  1.26919138e-01  4.44817641e-01 -7.22236334e-02\n -2.93404791e-01  2.28476974e-01 -2.93804868e-01 -9.62745663e-02\n  1.46542211e-01  2.80827315e-01 -3.22564255e-01  5.46533946e-03\n  4.30843884e-01 -3.73133412e-03]",
    "pheromonal": "[-0.10451953 -0.34978447 -0.13863221 -0.14674936 -0.37569662  0.15429451\n -0.28667027 -0.072842   -0.02751064  0.03193817  0.01557606 -0.07726693\n  0.06823269  0.11688819 -0.24373975  0.33067399 -0.00552168  0.17682452\n  0.00747576  0.1003444   0.02095558  0.29768908 -0.27906945  0.25377971\n  0.08015553  0.14387715  0.1077754   0.0397646  -0.08324619  0.12933314]",
    "mechanosensory": "[ 0.01855669 -0.01108373 -0.13630211  0.03138318  0.06124538  0.00876975\n  0.11812821 -0.1182027   0.01846241 -0.24506377 -0.08031877 -0.13065507\n -0.0046464  -0.00204187  0.05447427  0.00522783  0.08027329 -0.04523851\n  0.03621544 -0.01704084  0.03948006  0.00741586  0.02726346  0.34307677\n -0.00477392  0.09952955 -0.00443976  0.24282805  0.04451746 -0.12637234\n  0.07031109 -0.13878461 -0.03002428 -0.00062737 -0.04298692 -0.01329551\n  0.04074605  0.03878675 -0.0601706   0.05245851 -0.1336015   0.05767529\n  0.09494647 -0.09050113 -0.05436068  0.19113569 -0.00378369  0.13837219\n  0.11551607 -0.12646169 -0.13511577 -0.20936515  0.1781905  -0.0881826\n -0.1560389  -0.04444839  0.06882854  0.14275514 -0.10326777  0.03114417]"
  },
  "neural_activity": {
    "mushroom_body": [
      0.9573342550431373,
      0.5685218001748344,
      0.1532728767834156,
      0.440756085521535,
      0.4259028932173351,
      0.8065279792960456,
      0.735175839227128,
      0.5075710583125029,
      0.3182408848813949,
      0.1857101658658754,
      0.147293821091668,
      0.5144536606534947,
      0.45121488345427196,
      0.4906687440412314,
      0.9154397942576439,
      0.03221105435352989,
      0.5357325732152792,
      0.1382546922159048,
      0.36067250393003913,
      0.5332526610283069,
      0.8730295292421824,
      0.04063562036991242,
      0.7485949842136878,
      0.3405914174807766,
      0.18318381682710538,
      0.5600384713303344,
      0.1937550886838283,
      0.5397260475592325,
      0.5783223468361413,
      0.9653669883642755,
      0.4658507608321515,
      0.041218211917091296,
      0.9430155978024163,
      0.2674308460540551,
      0.7293295369440447,
      0.57561750059022,
      0.8256796537657,
      0.8151716530122752,
      0.5281132367497178,
      0.8266383224215215,
      0.7639307513444167,
      0.2648371836316852,
      0.5252438849384159,
      0.5541905466888357,
      0.37818191129782974,
      0.7450469935471635,
      0.2806576625628212,
      0.970184082071879,
      0.823677363336939,
      0.978073118620327,
      0.49119614886596097,
      0.6255023153178355,
      0.3681622586961123,
      0.27170809027288534,
      0.7049624491081308,
      0.9090151895400193,
      0.41775828586490404,
      0.6095412889618553,
      0.585938072687339,
      0.8930936343998793,
      0.9166908334120343,
      0.8584724743974405,
      0.4721485132611529,
      0.4807210850130702,
      0.966113607256765,
      0.14152773929286366,
      0.6864110737296917,
      0.8136470071682644,
      0.6496913523967113,
      0.8044161094802286,
      0.6584368982773874,
      0.7552418973233255,
      0.616923263713886,
      0.3417038976597814,
      0.3231289351313176,
      0.1544216935411289,
      0.7029083784993677,
      0.5724367368870931,
      0.2916010291694956,
      0.02198318626477036,
      0.1818806884802623,
      0.9196557994989446,
      0.6893228355088742,
      0.8528493442801934,
      0.33072324176447354,
      0.4919088973308279,
      0.9279620406010517,
      0.28301492112311355,
      0.076863264671996,
      0.21435225530737068,
      0.47425321392117226,
      0.3668784589614873,
      0.8654826015894379,
      0.22710319324722184,
      0.7957563775459994,
      0.5848636850024898,
      0.9513743724371871,
      0.09511916040574064,
      0.46089376742698995,
      0.027475684173515202
    ],