{
  "step": 81,
  "insect_id": "Fruit_Fly",
  "timestamp": 1753377493.384858,
  "sensory_input": {
    "visual": [
      0.328017056248694,
      -0.1991514905961129,
      1.8386910982353344,
      0.7285111718318784,
      -0.880624740178676,
      1.2652657477288025,
      0.7815392704639369,
      0.5565902339627397,
      1.4152827149556195,
      -0.2603880248073292
    ],
    "olfactory": [
      -1.344105119110826,
      0.9569748233975236,
      0.9444855165013137,
      0.13464640141751394,
      0.07242923779613249
    ],
    "pheromonal": [
      0.1561674387725665,
      1.29261158078394,
      -0.8852936453376549
    ],
    "mechanosensory": [
      0.03006770348325426,
      -0.7156319294955344,
      0.052977680651798156,
      -1.7430186769664078
    ]
  },
  "processed_output": {
    "visual": "[ 4.35439969e-03  2.32523518e-01 -2.61749290e-01 -2.21371879e-01\n  5.63541408e-01 -1.37632221e-01  1.12879467e-01 -5.60010278e-02\n  2.47299967e-01 -1.76317397e-01  2.64659506e-01 -2.63095486e-02\n  6.14447621e-02 -6.44265031e-01  1.67620406e-01  1.75943775e-01\n  2.78983862e-01 -2.57306360e-01  2.85276586e-01 -2.03569743e-01\n -1.21793864e-01  2.19515427e-01  3.19511307e-01 -1.06665123e-01\n -1.43631130e-01  7.93226201e-02 -3.42153793e-01 -1.12882324e-01\n  7.85693875e-02  1.73653576e-01  2.97321430e-01  2.90657415e-01\n  3.06677797e-01 -2.56273531e-01 -4.55836256e-01 -1.24517174e-01\n -8.43057383e-02  2.02665565e-01 -4.35245480e-01  1.14344652e-01\n  1.25159471e-01  2.66682627e-01 -3.55414635e-01  7.11488519e-02\n  4.96180016e-01  2.89491176e-01  3.17302011e-01  2.68001221e-01\n  1.93442680e-01 -2.23298110e-01  3.54128034e-01 -3.98234211e-01\n  3.69707325e-01 -9.97322451e-02  4.78796122e-01 -1.60486165e-02\n -4.42860615e-01 -1.44634290e-01 -2.58381520e-02 -4.88966446e-02\n  3.04636391e-01  1.89727402e-01 -2.41504734e-01  1.33675130e-01\n  5.33828027e-01  1.75973801e-01 -3.14083543e-01  5.57973696e-02\n  6.42003613e-01  4.11866970e-01  1.71556404e-02 -1.25230912e-01\n  5.25109265e-01 -4.78896030e-01  1.19473053e-01  2.73741947e-02\n -1.91185622e-01 -2.61663646e-01 -4.97527783e-01 -7.10528097e-01\n  7.10429391e-01  2.19403701e-01 -1.40371255e-01 -2.27956476e-01\n  7.85566709e-02  4.12796433e-01 -4.14984257e-01 -3.94377068e-01\n  3.95268580e-02 -9.59683119e-03  3.40014808e-01  2.40353352e-01\n -6.01181065e-01  2.03519031e-01 -1.76109632e-01 -4.20561540e-01\n -2.34438922e-01 -1.59579320e-01  1.95698230e-01 -4.26163852e-02\n -3.40849777e-01 -7.37307481e-02  1.66651429e-01 -9.80613246e-02\n -8.24096037e-02  4.60978119e-03  2.13451537e-01 -2.81177744e-01\n  2.63712357e-01 -2.41606926e-01  5.80813277e-04 -2.65320035e-01\n  4.42335723e-01 -9.17122008e-02  2.93135127e-01 -4.52076047e-01\n -1.30760733e-01 -5.90348663e-03  7.99798374e-02  1.54390318e-01\n -3.64204824e-01 -5.27655796e-02 -1.14598393e-01 -3.58057755e-01\n -2.06211124e-02 -4.46822757e-01  1.06021134e-02  2.18599157e-01\n  4.54136476e-02  2.90626211e-01  2.07197446e-02 -3.52029112e-01\n -2.78681787e-01  5.74489560e-02  1.30594755e-01 -2.09058684e-01\n  4.04308802e-02  9.03476222e-02 -1.61731460e-01  1.83731738e-02\n  9.28126956e-02 -1.69926237e-01 -9.25760002e-03  3.99400788e-01\n -5.48277243e-01  1.76624867e-01  1.91853018e-03 -3.36851109e-02\n  8.51402241e-02 -4.11917835e-01 -2.21957055e-01  7.45161842e-01\n  1.25813303e-01 -4.98127919e-02 -3.01772140e-01  9.77775691e-02\n  3.59362600e-01 -3.46275714e-01 -1.30844463e-01  1.38912450e-01\n  1.26354637e-02 -3.02551777e-01 -1.02673780e-03  1.33092116e-01\n -1.76594751e-01 -3.44107442e-01 -5.50769539e-02 -2.39904641e-01\n  1.07239293e-01 -5.17180107e-01  1.15168767e-02 -2.87163527e-01\n  4.52619670e-01 -8.45500707e-02  8.49527090e-02  4.40330352e-01\n -2.13627223e-01  9.64545091e-02  6.50885323e-03  5.32377817e-02\n -3.96272348e-01 -2.04500174e-01  2.09785472e-01 -7.99725472e-02\n -4.14487454e-02  1.27627607e-01  1.01000570e-01 -3.16968650e-01\n  2.29093527e-01 -2.69833374e-01  1.42651628e-01  2.49108635e-01\n  1.09562518e-01  2.36884610e-01 -2.64814458e-01  3.28420388e-01\n -2.61131617e-01 -4.71497133e-01  7.69909606e-02  3.24700376e-01]",
    "olfactory": "[ 0.26249086 -0.09938164  0.08874899  0.15197565 -0.20536579 -0.11639864\n  0.12394375 -0.02661508 -0.01386321 -0.44478459 -0.11065875  0.04965072\n  0.10030325  0.0211478  -0.09027564  0.09784428  0.06606781  0.27381469\n  0.0244132   0.2803826  -0.07315582  0.03424856  0.29411564 -0.11192987\n  0.23580866 -0.06320905  0.1996775  -0.31158676 -0.33772739 -0.1848697 ]",
    "pheromonal": "[ 0.12894985  0.34662986  0.14463116  0.15122375  0.36621551 -0.16900101\n  0.26402306  0.04642026  0.00746064 -0.09284869 -0.01640082  0.10440369\n -0.082236   -0.10304752  0.22377015 -0.31984229 -0.00565861 -0.13823907\n -0.0139194  -0.08181753 -0.01780018 -0.27763994  0.27296488 -0.25744724\n -0.05178625 -0.1355561  -0.09441581 -0.06060719  0.04009758 -0.16660259]",
    "mechanosensory": "[ 0.10282034 -0.05605497  0.08068453  0.14194726 -0.24868069 -0.05812467\n  0.02487545  0.00743884 -0.14819158  0.012405    0.16938942  0.00196686\n  0.02672809  0.18758715 -0.24349434  0.08050527 -0.00854154  0.20617598\n -0.18542541 -0.06369104 -0.06198195  0.2341493   0.04875972 -0.39378355\n -0.06216561  0.08069914  0.06726691 -0.46508367  0.02414316 -0.00524374\n -0.26302714  0.04771387  0.20785032 -0.09994705  0.00269184  0.05842554\n  0.04026004  0.06430872  0.08086154 -0.14218184 -0.00490814  0.04823341\n -0.0230508  -0.11900362  0.37053031 -0.29774685 -0.00760604 -0.15968277\n -0.1846031  -0.08222834  0.25432157  0.03025533 -0.23352046  0.21926032\n  0.25949441  0.17686446 -0.12175108 -0.22373593  0.26814685 -0.25809429]"
  },