{
  "step": 76,
  "insect_id": "Honeybee",
  "timestamp": 1753377493.3167343,
  "sensory_input": {
    "visual": [
      1.2426077920031553,
      0.6519148666366361,
      1.2554015263907963,
      1.9452731889735062,
      -0.0451063354171773,
      -0.7553046147047946,
      1.170476047096167,
      -0.5929451701026012,
      -1.3980967455909805,
      -0.26907504566008283
    ],
    "olfactory": [
      0.9128895005400856,
      1.755222551611381,
      0.6079952563570831,
      2.2651096160589708,
      0.4900387778158028
    ],
    "pheromonal": [
      1.2294858567715394,
      -0.7633075909600251,
      0.9138095002242372
    ],
    "mechanosensory": [
      1.6584941756622245,
      -1.591436004440808,
      -0.37148259249487703,
      -0.4820666158110811
    ]
  },
  "processed_output": {
    "visual": "[ 0.51328825  0.08842286 -0.21257609  0.1161263   0.33079089 -0.24746112\n  0.49326791 -0.07225103  0.02764635  0.13250528  0.00474187 -0.43940214\n -0.39040025 -0.61716724  0.52560146  0.49200234  0.52839165  0.29930171\n  0.43954813 -0.3190726  -0.36550451 -0.01228008 -0.61146858  0.02034649\n -0.32475015 -0.01800264 -0.20790441 -0.01848557 -0.32456437  0.44492888\n  0.0148568  -0.46812328 -0.32341949 -0.14727191  0.2434234   0.0387012\n  0.15608905 -0.35256857 -0.34438373 -0.67186647 -0.25835924  0.02195112\n -0.26654354 -0.06326822  0.05597821  0.44507251  0.22564941 -0.5724475\n -0.41028977 -0.15993821 -0.25980241 -0.75597303  0.01616309  0.43730582\n -0.60924843  0.70853415  0.05935099  0.09139196 -0.47662401  0.25832375\n -0.52439896  0.40263867 -0.03054223 -0.50892653  0.21478175  0.51570322\n  0.26433402  0.64820304  0.10206695 -0.25324123  0.37371081 -0.21331997\n -0.20719813 -0.64994773 -0.28773141 -0.12640349 -0.55453984 -0.42780239\n  0.29326864  0.09815364 -0.05472758  0.16145667 -0.27422523 -0.37787123\n -0.10772379  0.35847073  0.06304648  0.47500531  0.20423406  0.42732643\n  0.17622684 -0.62497579  0.11241126 -0.10615385  0.59029158 -0.30002765\n  0.24102187  0.1782875  -0.29588134  0.40569755  0.33901748  0.14089157\n -0.45047157  0.1888733  -0.53309103 -0.47591141  0.34031738 -0.1652806\n -0.12554097 -0.33459075  0.18322159 -0.43269369  0.44277141  0.18834845\n -0.16834628 -0.48474121  0.10394459  0.21043671 -0.3196193   0.19303083\n -0.08763843 -0.17807513 -0.34826609  0.13801375  0.10272037  0.12559798\n  0.69040212 -0.15780697  0.314657    0.07268539  0.16287149  0.30266971\n -0.1356082  -0.20510913  0.04108728 -0.17666431  0.05257852 -0.86752141\n  0.24682341 -0.20341837  0.13562565  0.37185744  0.40358366 -0.22243551\n  0.1764809  -0.14196489 -0.20865932  0.77078394  0.44970247  0.57160792\n  0.06538544  0.11664939  0.25875755  0.00286028 -0.49505126  0.80817722\n  0.19601442  0.01860216 -0.10016382  0.21189707  0.18268359 -0.09426361\n  0.00346308  0.0386952   0.00100189  0.47593854 -0.01752885  0.08354125\n  0.39884465  0.40395272 -0.55455701 -0.5833009  -0.03805539 -0.28824291\n -0.47602333 -0.07891814  0.39334978  0.30277027  0.13816571 -0.09015316\n  0.05820774  0.44168482  0.01502334 -0.0402794  -0.6271033  -0.3723201\n  0.19334469 -0.36839408 -0.34266479 -0.18427131 -0.23629151  0.44967378\n  0.14569264 -0.1878426  -0.13260418 -0.06404468 -0.14078734  0.04190455\n  0.37252462  0.17028126]",
    "olfactory": "[ 0.24501259  0.40037124  0.28816458 -0.6238356  -0.62839111 -0.36050503\n  0.41207352 -0.19574019  0.5183467  -0.23445588  0.29820974 -0.10968094\n -0.09574186  0.34223325 -0.13701477 -0.11356175 -0.20517166 -0.389295\n -0.12550979  0.56105595 -0.23988812  0.30649321 -0.56035329  0.19869617\n -0.33813114  0.38097731 -0.1215922  -0.02475742 -0.33296017 -0.08504999]",
    "pheromonal": "[-9.19924195e-02 -2.65047916e-03  5.42502474e-03  6.50133638e-02\n -3.37372237e-01 -2.07133852e-02  1.02121030e-01 -4.80587008e-03\n  3.31422783e-02  2.50843688e-01 -3.46904808e-01  1.02654598e-01\n -1.77487487e-01  1.64084621e-01 -1.19371107e-01  3.88705574e-01\n  6.99912233e-02  6.24763138e-02 -9.75928291e-02 -1.14635031e-02\n  4.57498449e-02  3.75271309e-01 -1.83652771e-02 -3.10935120e-04\n -2.66458091e-01 -9.68102049e-02  7.82031518e-02 -1.17757990e-01\n  4.25001138e-01 -1.36854149e-01]",
    "mechanosensory": "[-0.32391774 -0.15462666  0.17537396  0.04518188 -0.18677877 -0.20511608\n  0.37291534 -0.10890222 -0.53770672  0.08201925  0.25370418 -0.00188103\n  0.47981411 -0.22629187  0.09252286 -0.30312924  0.54740914 -0.19110414\n -0.06353563 -0.27340047  0.19468979  0.08655042 -0.21872333 -0.54676414\n -0.04437613  0.24984659  0.01824861 -0.11771081 -0.66599058  0.1940578\n  0.12185205  0.00603657  0.28478817 -0.04287924  0.1567143  -0.52074354\n  0.0759572  -0.08843008 -0.02942922  0.13358866 -0.17129617 -0.45460489\n  0.14941208 -0.25516863 -0.08889031  0.04600706  0.42331812 -0.01788817\n -0.05845821  0.04238674  0.15907281 -0.12375541  0.32151457  0.02299269\n -0.31955851  0.1084035   0.02074041  0.17277958  0.02622606 -0.19726214]"
  },
  "neural_activity": {
    "mushroom_body": [
      0.12635954055289922,
      0.6510662603041527,
      0.6627929837081565,
      0.9059514415899972,
      0.694024905970108,
      0.13032535785611132,
      0.6785700910874193,
      0.25181423548906845,
      0.9354434499568303,
      0.9820695225306735,
      0.35894562736900226,
      0.09852715118231181,
      0.294853150261539,
      0.7462912346894797,
      0.7870932401371551,
      0.07062982415768515,
      0.48313936540704683,
      0.6622209359526908,
      0.115399259873879,
      0.6872873456110286,
      0.6981114122053442,
      0.504124699964496,
      0.8683273200191458,
      0.7166708401294236,
      0.6182749276751418,
      0.6232014757378306,
      0.39529436063508416,
      0.38233751371397573,
      0.7167883560053652,
      0.44552297638641014,
      0.9047130954552666,
      0.021405918043153394,
      0.7727889117003455,
      0.6159269939967781,
      0.06738501744015668,
      0.32597272676736,
      0.3087168672643883,
      0.9038271378155378,
      0.23784856178197233,
      0.18904989841550568,
      0.2210457214133057,
      0.848521080227047,
      0.3413897391223164,
      0.9617188178997028,
      0.787246394196182,
      0.10829421222201396,
      0.6481604816985572,
      0.7469217894494218,
      0.03391105392878513,
      0.15653537504224724,
      0.9992419020899515,
      0.6853055751030905,
      0.25484180859629757,
      0.9989993979407218,
      0.6524217395054385,
      0.6347337365749102,
      0.744143846619154,
      0.5150140806392638,
      0.7356517947329767,
      0.6376489951475847,
      0.45323207581238756,
      0.37210842438874125,
      0.7037428860280608,
      0.23895712561486693,
      0.5940955300660384,
      0.9945112193658604,
      0.707620198578572,
      0.9534313058612712,
      0.7114461577312933,
      0.4395467057289705,
      0.49249444180522495,
      0.06731022572559242,
      0.27550073951848686,
      0.8881137570119427,
      0.8104454683630198,
      0.58025781616706,
      0.5300344472969072,
      0.07180701688387292,
      0.3757757212457067,
      0.300809054944117,
      0.8118121304991793,
      0.8542922211831256,
      0.9187886496881005,
      0.9817062663157549,
      0.5612733835334486,
      0.2686584688003274,
      0.5043663782398784,
      0.18781304522437448,
      0.71123547918031,
      0.2222548857108344,
      0.5264317813777212,
      0.9750138797195244,
      0.07515074344946227,
      0.2914045013201676,
      0.7958427234065533,
      0.45715523003574077,
      0.5492189810560055,
      0.28384337953527417,
      0.4591770410905638,
      0.27511237675800737
    ],