{
  "step": 46,
  "insect_id": "Ant",
  "timestamp": 1753377453.7041025,
  "sensory_input": {
    "visual": [
      1.1513737694465709,
      0.3819455719041751,
      -1.5908628827735658,
      -0.8037323612414962,
      -0.8541018063589182,
      -0.5860824260998228,
      -1.5361292831553315,
      -1.1799577419363254,
      0.5117812608666453,
      -0.3859375663548588
    ],
    "olfactory": [
      1.4515422728603866,
      -0.5147058371418776,
      1.029798903086831,
      1.4634570584909932,
      0.4999732118218008
    ],
    "pheromonal": [
      -0.12449685689220642,
      -0.4937468194658276,
      -0.2924021135521389
    ],
    "mechanosensory": [
      -0.6377790986426164,
      0.5600799988117124,
      -1.4067711959984792,
      0.5815977378086689
    ]
  },
  "processed_output": {
    "visual": "[ 6.53243924e-02 -5.02867584e-01 -3.85260254e-01 -5.25618274e-02\n  1.34753994e-01 -1.59381123e-01 -1.35742464e-01  7.76856462e-02\n  2.61913234e-01  3.39084600e-02  4.38460102e-01 -4.17298176e-01\n  3.10712298e-01 -1.91511706e-01 -6.40813272e-02  1.54992846e-01\n -4.01855858e-01 -2.43329082e-01 -2.46302363e-01 -1.00333773e-01\n -3.44998025e-01 -9.03413626e-03 -5.35394066e-01  4.19210657e-02\n  8.53418751e-03 -1.35286110e-01 -4.48570374e-01 -7.63741905e-02\n -6.36195351e-01 -2.82127299e-01  2.46877789e-01  1.78265896e-01\n  4.34572481e-01 -1.14828615e-01  1.71578756e-01  2.80055767e-01\n  7.76311236e-02 -1.75300216e-01  2.49572584e-01 -1.91337597e-01\n  2.68628707e-01 -3.11279771e-01 -3.28122856e-01  6.53702757e-01\n -5.36762130e-01 -6.75036292e-03  3.96664822e-01 -2.51100707e-01\n -3.84749234e-01 -2.92898874e-02  1.16343008e-01 -1.43478538e-01\n  1.66645946e-01  1.14108835e-01 -1.89456835e-01  1.29974669e-01\n -4.05053963e-01  3.53912401e-01 -2.50681143e-01 -1.44605012e-01\n  3.97090170e-01  1.45569285e-01  2.03652257e-02 -7.11846584e-02\n  2.13472257e-01  1.49091802e-01  1.96426764e-01 -3.01623959e-01\n  2.31247489e-01  1.74088081e-01 -2.40266871e-01 -1.88364104e-01\n -1.97130075e-04  1.95764326e-01  7.56498939e-02 -4.45887089e-01\n -9.14340159e-02  7.57219740e-02  2.60767069e-01  4.31884880e-01\n -1.86657227e-01  5.86399667e-01 -5.83056894e-04  3.42809974e-01\n  2.29750944e-01 -1.52824883e-01  4.05106756e-01 -2.66122938e-01\n -1.71633619e-01  5.72922710e-01 -3.07362011e-01 -2.42088898e-01\n  5.22028144e-01  1.54638538e-01  1.93944392e-01  5.09316150e-01\n -7.46672505e-02 -9.36457561e-02 -6.20868449e-01  1.96961427e-01\n  5.97913087e-01  3.03833165e-01  4.62144104e-02 -1.51899488e-01\n -4.42081979e-01  2.32178189e-01 -8.60115294e-02 -7.36764278e-02\n  4.24198081e-01 -2.68782639e-01 -4.65423650e-01 -2.91060180e-01\n  2.73527120e-02 -2.55835407e-02 -5.80997684e-01  2.16595615e-02\n  1.60589449e-01 -2.21314182e-01 -1.03859906e-01  4.28315138e-01\n -8.93239617e-02 -9.80163181e-02 -7.97806617e-02 -1.24888857e-01\n  2.49151936e-01 -4.89870940e-01 -2.72135195e-01 -9.72805735e-02\n -1.40953243e-01  3.81519606e-01 -2.42609295e-01 -3.52289239e-01\n  2.05485825e-01 -2.35474466e-01  4.23262315e-01  1.36073057e-01\n -3.63203500e-01 -4.55859876e-02  2.00449043e-01 -3.85871429e-01\n -1.97947122e-01 -4.13739946e-01 -1.78474128e-01  8.24799001e-02\n -8.57709779e-02 -1.70126395e-02 -9.61192515e-02  2.82840141e-01\n  1.22927401e-01  3.30188970e-01  1.19340207e-02  2.07560950e-01\n -2.22138398e-01  3.29791177e-02  2.25891679e-01 -3.18812034e-01\n -4.83577883e-02 -1.16879530e-01  4.60055586e-02 -1.79877581e-01\n  4.43081199e-02  2.28389254e-02 -9.48363689e-02  7.43918921e-02\n -1.61271354e-01  4.76652637e-01  3.20342964e-01  1.13433947e-01\n -1.22683344e-01 -9.11833482e-02 -1.13106658e-01  3.17068053e-01\n  5.81957467e-01 -4.74198404e-01  7.93302852e-02  1.35066091e-01\n  5.65535395e-01  4.00819032e-01  2.37017229e-01 -2.01228086e-01\n -4.38423622e-01 -2.24302354e-01  2.11060212e-01  3.66796551e-01\n -3.98776843e-01  1.77632403e-01 -8.93284762e-02  7.63579180e-04\n  5.44262263e-01 -3.30632344e-01 -5.96833621e-02 -1.40523397e-01\n  1.27544546e-02 -2.90604852e-01 -3.98282670e-01 -3.09404009e-01\n -2.82768666e-02 -5.14890226e-01  3.54225706e-01  2.86969011e-01]",
    "olfactory": "[ 0.12501466  0.03549449 -0.09577846 -0.1255396  -0.13100551 -0.26794996\n  0.04374109  0.02202319 -0.0724492   0.10104657 -0.11667966  0.27917499\n  0.18353581  0.3210982   0.08993424  0.26607526 -0.34558366  0.21570544\n  0.0523355   0.06172788 -0.5562829   0.24978104  0.00350271  0.17371881\n  0.15438012  0.44864923  0.03969873  0.00356208 -0.32557638 -0.01249412]",
    "pheromonal": "[ 0.09225961 -0.08199014 -0.05448811  0.08333669 -0.10239907  0.07240155\n  0.00816524  0.13320192  0.04181274  0.04542544  0.06189712 -0.07912089\n -0.04399085 -0.00594766 -0.0206189   0.03543223 -0.07282368 -0.03723174\n  0.07713063 -0.02423905  0.02802939 -0.07801568 -0.06637775 -0.12228748\n  0.03828125 -0.02836192  0.07041331 -0.02688997  0.02962323 -0.04669444]",
    "mechanosensory": "[ 0.20987773 -0.19822761  0.07398259  0.19696851 -0.03322321 -0.09606853\n  0.09588758  0.10418614  0.10987391  0.09628158 -0.20396474 -0.27484286\n -0.09014194 -0.31830019 -0.06273945  0.34602868 -0.10758287 -0.26765095\n  0.15362727  0.1188024  -0.0755361  -0.02164073  0.01624716 -0.02073924\n  0.11755924 -0.04957741  0.09546469  0.27896253  0.17284649  0.46561974\n -0.12558916  0.1130559  -0.22269277  0.31646918  0.02345519 -0.35893984\n -0.04662316 -0.14359013  0.20248044 -0.14866659 -0.0221975  -0.27090175\n -0.05689539  0.09769179  0.31504841 -0.03782379  0.26849593  0.05997843\n -0.06300953 -0.02834744  0.26881155 -0.06776631 -0.09438144 -0.00871574\n -0.24426738  0.05653387 -0.28130075  0.14938681  0.10737125  0.08777457]"
  },