{
  "step": 29,
  "insect_id": "Honeybee",
  "timestamp": 1753377453.4988887,
  "sensory_input": {
    "visual": [
      -0.4936333647478697,
      0.7671330803445248,
      1.20898585244082,
      -1.2223356484529402,
      -0.13758496811035373,
      0.10181380846425094,
      0.13202379371662784,
      -2.431488159797211,
      -0.6575134409994813,
      -1.9945335834982751
    ],
    "olfactory": [
      -2.0565279776526757,
      2.20546602506206,
      -0.2575303967333987,
      0.23962932183528662,
      0.37381012049640255
    ],
    "pheromonal": [
      -1.3084733219818316,
      -0.8210723037930259,
      1.7195190742131856
    ],
    "mechanosensory": [
      -0.50541421767889,
      -1.8155092413181608,
      -1.1491658371716864,
      1.3661138406123485
    ]
  },
  "processed_output": {
    "visual": "[ 0.10733746  0.08555789 -0.26407976  0.16090697  0.27273701 -0.22221482\n  0.21185258  0.24922204  0.11803045  0.20715926 -0.48670493 -0.3310072\n  0.43182888  0.10239276  0.65339669 -0.14668473  0.5096554   0.13472398\n  0.35071363  0.00193944 -0.41045595  0.04663152  0.28322554  0.46827861\n  0.31977952  0.35379422 -0.11747882 -0.20623222 -0.39757495 -0.19322637\n -0.03287408  0.32256237  0.21109617 -0.44387078 -0.05471702 -0.14411768\n -0.00791018  0.5577744  -0.26941204 -0.79326524  0.11333448  0.02429008\n  0.53121904  0.33955782  0.27854246 -0.28836271  0.54345938 -0.51887969\n  0.03377025 -0.09825069  0.00559838 -0.08870973 -0.31763506  0.0753676\n  0.06767644 -0.11995641  0.04747914 -0.18243975 -0.04871154  0.02504107\n -0.1767019   0.35854056 -0.18203441  0.45546429  0.08712356  0.57860921\n -0.43596437 -0.20437578  0.19090323  0.16926568 -0.24261619  0.16608669\n  0.52750615 -0.44101125  0.08132168  0.41144227  0.01670812  0.0136607\n -0.2417071   0.64399487  0.09027895  0.14717411  0.48890348 -0.42081331\n -0.20572132 -0.01078965 -0.40991249  0.08564768  0.37739789  0.26444608\n  0.42335258 -0.1591988   0.3011714   0.53723138 -0.25698693  0.50738339\n -0.25863515  0.10075166 -0.43355156  0.72093151  0.01173981 -0.09196272\n -0.07719285 -0.25938728 -0.34805275  0.23499828  0.15885777 -0.45273283\n  0.30545842 -0.15106116  0.50840724 -0.24083714 -0.71653349  0.51374882\n -0.18843236  0.059469   -0.14049032 -0.25718187 -0.19520662  0.58666948\n  0.35801091  0.05619373  0.04541229 -0.67540138 -0.33090795 -0.7013151\n -0.08109396  0.2821351   0.09147036 -0.59203381 -0.00499146 -0.00891804\n  0.29363025 -0.18332719 -0.00808296 -0.07532581  0.2557293  -0.45081605\n -0.07315809 -0.44174456 -0.6176892  -0.03363126  0.37603673 -0.32771046\n -0.00567265 -0.37023133  0.02118971  0.34402876  0.02808244  0.42109817\n  0.42166122 -0.03470473 -0.38882791  0.36082604 -0.47358551 -0.06488607\n  0.38495541 -0.06396502 -0.37209074 -0.24695675 -0.60687714 -0.48805872\n -0.39225009  0.2771999  -0.28214792 -0.50450536 -0.58645552  0.39911353\n  0.4110678  -0.50738816  0.55168307 -0.34785425 -0.71726064 -0.62268137\n -0.67492026  0.28250116  0.13390473 -0.0915754  -0.10811811  0.12511698\n  0.64672706 -0.0608714  -0.085378   -0.02252002  0.10689694  0.22293889\n -0.36940684 -0.00741857  0.10242038 -0.09320573 -0.52168663  0.2321082\n  0.21651037 -0.49435606 -0.20602626  0.0202194   0.04294726  0.01631316\n  0.55794668  0.26669557]",
    "olfactory": "[ 6.33641780e-04  1.92190381e-01  2.27666620e-01 -2.67326853e-01\n  2.37088169e-01  9.13585177e-02  1.11139872e-02  4.69006452e-02\n  3.37881757e-01 -5.51333700e-01  5.14400558e-01  6.37690822e-02\n  2.51019500e-01 -6.66360207e-02 -9.84055263e-02 -6.66919240e-01\n -2.31689105e-01 -1.82937742e-01  3.42393243e-01  3.91952895e-01\n -1.67240830e-01 -4.80803759e-01 -2.30435776e-01  1.05509379e-01\n  3.10559783e-01  2.61496903e-01 -1.13680451e-01 -3.06529665e-02\n -7.28511229e-01  1.63509817e-01]",
    "pheromonal": "[-2.04468732e-01  3.52177104e-01  9.47464804e-02  3.80305482e-01\n -4.05087399e-01  4.45984547e-01  1.75503823e-01 -3.85079122e-02\n  2.60523415e-01 -1.27039959e-04 -3.63459284e-01  2.65970796e-01\n  9.18709163e-02  7.21398722e-02 -3.09091914e-01 -9.86147828e-02\n -1.17601318e-03 -4.19536393e-02  1.63182601e-01  3.57314189e-01\n -5.87468690e-02  1.20030837e-01  1.26356817e-01  2.31236306e-01\n -4.17825362e-01 -1.55179687e-01  1.28874917e-02 -5.38853085e-02\n -1.21338852e-01 -2.45676223e-02]",
    "mechanosensory": "[ 0.09004636 -0.44506679  0.14212109 -0.12097398 -0.05018294 -0.09023046\n  0.28609923  0.22643444  0.00640697  0.0246383   0.31165873 -0.36996573\n  0.31662993 -0.28060072 -0.16567228 -0.41038474 -0.18294655  0.26351133\n  0.04150556 -0.20718649  0.10895483 -0.34193724  0.08286666 -0.04361608\n  0.22046254 -0.00760369  0.24574122  0.01823574 -0.38670918  0.15382598\n  0.15437952 -0.64891729  0.28919562 -0.09490904 -0.31627594 -0.28244653\n  0.04353118 -0.04096436 -0.02237685 -0.09039063  0.05634543  0.16374841\n  0.24113685  0.0630528  -0.02412084 -0.14094056  0.2040089   0.26528424\n -0.2338793   0.19014627 -0.39601652  0.13204499  0.49840603  0.23920809\n -0.11440531 -0.14562339 -0.22855208 -0.39514877 -0.31276515 -0.48395353]"
  },
  "neural_activity": {
    "mushroom_body": [
      0.12635954055289922,
      0.6510662603041527,
      0.6627929837081565,
      0.9059514415899972,
      0.694024905970108,
      0.13032535785611132,
      0.6785700910874193,
      0.25181423548906845,
      0.9354434499568303,
      0.9820695225306735,
      0.35894562736900226,
      0.09852715118231181,
      0.294853150261539,
      0.7462912346894797,
      0.7870932401371551,
      0.07062982415768515,
      0.48313936540704683,
      0.6622209359526908,
      0.115399259873879,
      0.6872873456110286,
      0.6981114122053442,
      0.504124699964496,
      0.8683273200191458,
      0.7166708401294236,
      0.6182749276751418,
      0.6232014757378306,
      0.39529436063508416,
      0.38233751371397573,
      0.7167883560053652,
      0.44552297638641014,
      0.9047130954552666,
      0.021405918043153394,
      0.7727889117003455,
      0.6159269939967781,
      0.06738501744015668,
      0.32597272676736,
      0.3087168672643883,
      0.9038271378155378,
      0.23784856178197233,
      0.18904989841550568,
      0.2210457214133057,
      0.848521080227047,
      0.3413897391223164,
      0.9617188178997028,
      0.787246394196182,
      0.10829421222201396,
      0.6481604816985572,
      0.7469217894494218,
      0.03391105392878513,
      0.15653537504224724,
      0.9992419020899515,
      0.6853055751030905,
      0.25484180859629757,
      0.9989993979407218,
      0.6524217395054385,
      0.6347337365749102,
      0.744143846619154,
      0.5150140806392638,
      0.7356517947329767,
      0.6376489951475847,
      0.45323207581238756,
      0.37210842438874125,
      0.7037428860280608,
      0.23895712561486693,
      0.5940955300660384,
      0.9945112193658604,
      0.707620198578572,
      0.9534313058612712,
      0.7114461577312933,
      0.4395467057289705,
      0.49249444180522495,
      0.06731022572559242,
      0.27550073951848686,
      0.8881137570119427,
      0.8104454683630198,
      0.58025781616706,
      0.5300344472969072,
      0.07180701688387292,
      0.3757757212457067,
      0.300809054944117,
      0.8118121304991793,
      0.8542922211831256,
      0.9187886496881005,
      0.9817062663157549,
      0.5612733835334486,
      0.2686584688003274,
      0.5043663782398784,
      0.18781304522437448,
      0.71123547918031,
      0.2222548857108344,
      0.5264317813777212,
      0.9750138797195244,
      0.07515074344946227,
      0.2914045013201676,
      0.7958427234065533,
      0.45715523003574077,
      0.5492189810560055,
      0.28384337953527417,
      0.4591770410905638,
      0.27511237675800737
    ],