{
  "step": 59,
  "insect_id": "Ant",
  "timestamp": 1753377473.6107004,
  "sensory_input": {
    "visual": [
      -0.6665649811550463,
      -0.33175213506294604,
      -1.4924513617604769,
      -0.18165494303331073,
      -0.8546265300473029,
      1.2920061999079957,
      -0.3953615555259772,
      0.06316577235125602,
      -0.6364437781892487,
      -0.3579398658440631
    ],
    "olfactory": [
      -2.119046735573624,
      0.15825595397162698,
      -0.38582002491760947,
      -0.7057176903259202,
      0.7409735378064509
    ],
    "pheromonal": [
      0.9165207477232344,
      0.1883450386756626,
      -1.778639177097344
    ],
    "mechanosensory": [
      0.35158177192565404,
      1.3798174997766457,
      1.6447613193247865,
      -0.17272582711792722
    ]
  },
  "processed_output": {
    "visual": "[-0.17943478 -0.32953382 -0.23094229  0.0263322  -0.10670514  0.36247477\n -0.1442182   0.27346748 -0.12405195  0.05824773  0.12913865 -0.20303026\n -0.40852921  0.23788203 -0.11648477 -0.19308324 -0.09440087  0.14842895\n -0.47537857  0.36233263  0.26099644 -0.026826   -0.15435124 -0.08889702\n -0.15892714  0.04177093 -0.19615655  0.23657214 -0.20420958  0.06701408\n  0.27056622 -0.11687896  0.16280894  0.12310335 -0.23358374  0.01746903\n -0.26896618  0.46066837  0.4623411   0.0539354  -0.33281796 -0.34196363\n  0.05485874  0.1171541  -0.26847264  0.25845315 -0.10067121 -0.26957866\n  0.21071796  0.23635029 -0.14699769 -0.22430522 -0.09237335 -0.04795711\n  0.23131796  0.20543319 -0.21571915 -0.12605958 -0.12802435 -0.09610103\n  0.03924158 -0.11328723 -0.3072468   0.20680793  0.0835118  -0.09896855\n -0.37822415  0.11994221  0.03549206  0.06428758 -0.25902045 -0.00241336\n -0.03094246  0.50894588 -0.05610213 -0.019936    0.31004151 -0.09385245\n  0.07440145  0.50641239 -0.10957903  0.46481922  0.15465446  0.01270545\n -0.08642391  0.07867852  0.5230335  -0.23563205 -0.12813614  0.00058655\n -0.09397555 -0.20621725 -0.02028155 -0.18612591 -0.11703163  0.23617199\n -0.00651429 -0.00249296  0.01323539  0.40188942  0.12337374  0.0847863\n -0.06354488 -0.11572392 -0.1714266  -0.11054597  0.00521489 -0.32574974\n  0.22934682 -0.17577478 -0.39017368 -0.13377154 -0.14324182  0.08894116\n -0.28289409  0.00856302  0.00636283 -0.12324495  0.1133553  -0.19351417\n -0.24762854 -0.20386494 -0.29726946 -0.08840328 -0.0047923  -0.32913807\n  0.40938984 -0.35658525  0.13484617  0.01502952 -0.40356231  0.06970881\n  0.28820802 -0.24994464  0.20353615 -0.13111117 -0.11798947 -0.24321938\n  0.13541665 -0.1188067  -0.25737632  0.19234327  0.14109972  0.13622922\n -0.40520511  0.06571325  0.09226735  0.21581869  0.11574387 -0.21188746\n  0.23002954  0.14777385 -0.12366508 -0.24749848  0.08563689  0.01153548\n  0.09356176  0.12812719 -0.0200855  -0.21703621 -0.35921161 -0.27154936\n  0.28904281  0.09473854 -0.03402852  0.12576641  0.1650686   0.39425128\n  0.30212751 -0.22644628 -0.35788328  0.32051467  0.05634438  0.30959607\n -0.04766802  0.10942307 -0.09138158  0.42164837  0.19884599  0.02536997\n  0.04957069 -0.12223495  0.23055247 -0.04577274 -0.15157373 -0.11635597\n -0.33877143 -0.26099408 -0.36521837 -0.05652758  0.15609731 -0.03727137\n -0.00878977 -0.52890295 -0.14538576 -0.26367886 -0.07048194 -0.30189807\n -0.23546912  0.00325655]",
    "olfactory": "[ 0.29861817  0.27182791 -0.20351384 -0.31086206  0.03415174 -0.04233313\n -0.07371063 -0.11825304  0.26921169  0.27231911 -0.01774527 -0.54679966\n -0.0300604  -0.13881982  0.0424569  -0.36004098  0.33041874 -0.08585148\n -0.10311264  0.17446626  0.5559609  -0.30346741  0.0067297  -0.16555017\n -0.10955113 -0.46584542 -0.07581913  0.3099738   0.14293888 -0.07787027]",
    "pheromonal": "[-0.39994538 -0.17687263  0.16823216  0.05788004  0.2078557   0.14751087\n  0.06199399  0.31070766  0.07527649 -0.28461366  0.23579638  0.34891593\n -0.24390941 -0.01841935 -0.02707504 -0.10704445 -0.11372162 -0.16961377\n  0.07463429 -0.05264477 -0.13770713  0.04432724  0.15197137 -0.27325543\n -0.10023396  0.18960168  0.00401518 -0.47601603  0.06993619  0.06579832]",
    "mechanosensory": "[ 0.08707262  0.14693874  0.08709193  0.04536874 -0.24388153 -0.31500632\n -0.28031569 -0.19464271 -0.09076567  0.01289708  0.20407315  0.30070521\n -0.05763201  0.46922732  0.10119526 -0.26603114 -0.04884317  0.05098359\n  0.02602939 -0.12307547  0.21466382  0.31733376  0.2601697  -0.03250816\n -0.0794265  -0.0067217  -0.0331251  -0.13943721  0.21679641 -0.50622354\n  0.03928987 -0.05416755  0.0811248  -0.12188067 -0.198712    0.0692593\n -0.13967286  0.1295377  -0.16762768 -0.29444395  0.06659178  0.15521944\n -0.15510694 -0.31066011 -0.32332418  0.13161946 -0.07641576  0.04801023\n  0.05517396  0.1797738  -0.48277667 -0.16621144  0.01542212  0.09394477\n  0.00223416 -0.23987208  0.30484694 -0.01704869 -0.03614443  0.15286542]"
  },
  "neural_activity": {
    "mushroom_body": [
      0.4924007237947772,
      0.14693464607642892,
      0.767210702383254,
      0.6248820631260946,
      0.9864482839136465,
      0.33642038262559837,
      0.4422341246408278,
      0.9350583906263176,
      0.8758108280827299,
      0.364067756289724,
      0.02099672115939233,
      0.3653858631904884,
      0.8151629850456615,
      0.6140212660019688,
      0.32891618603502437,
      0.18893806693942827,
      0.7905736907455317,
      0.49916065962944123,
      0.19717420637235406,
      0.9213049964468009,
      0.447226947943287,
      0.7632966728025157,
      0.8032316000008118,
      0.5535376916288629,
      0.07895300729288246,
      0.37207011325454553,
      0.17281634483101527,
      0.9955464920855303,
      0.7331206509221954,
      0.5386381999688542,
      0.39924139702265893,
      0.2069417262349741,
      0.18638278300294076,
      0.5276332937882693,
      0.6015984856107799,
      0.738477463568368,
      0.012070075146157544,
      0.39691921306107414,
      0.9742478701988332,
      0.24929524690375904,
      0.2769088846934247,
      0.5292959918493957,
      0.07966113583142909,
      0.21578219897423678,
      0.7698762304225306,
      0.28290490199427065,
      0.9405319902264295,
      0.6002708120426894,
      0.45739250176265134,
      0.4463890668275149,
      0.9356395009266144,
      0.2565397437437217,
      0.45391089141763574,
      0.6693230026315135,
      0.02617703582476605,
      0.02531896787827681,
      0.5251034861530219,
      0.7031803637078137,
      0.058529304862222964,
      0.01939748304062039,
      0.5974268143442467,
      0.12381889677257696,
      0.6523379317512753,
      0.9321946265931902,
      0.591086092657511,
      0.1240378689225623,
      0.9362653987395712,
      0.5070649457786084,
      0.0919345703443104,
      0.7666644812076299,
      0.08779127460972835,
      0.33673866917057105,
      0.5896370886961854,
      0.2909284330490943,
      0.7323145070044182,
      0.7236888826592979,
      0.5710198786593059,
      0.7176901664961559,
      0.24203636076752333,
      0.41260492944946736,
      0.8738631246179162,
      0.4024116122514887,
      0.24035654060282785,
      0.3736574116109701,
      0.03336379466983419,
      0.6106387280493265,
      0.9364508555576203,
      0.22944403673237168,
      0.4365801853721185,
      0.8738519447485829,
      0.5050267126920194,
      0.453349231079773,
      0.993777465048396,
      0.3051647484911183,
      0.5080186252800102,
      0.5197698326970429,
      0.18403870897738006,
      0.28479427375720423,
      0.10024162543381976,
      0.18808052763581162
    ],