{
  "step": 2,
  "insect_id": "Fruit_Fly",
  "timestamp": 1753377433.7367103,
  "sensory_input": {
    "visual": [
      0.8054624281121939,
      -0.6159795276071621,
      0.23663833160868905,
      1.6826027631089828,
      -2.0464517763739014,
      -1.6519223531522298,
      -0.17171282675655747,
      -0.7318588222802619,
      -1.3581998610582282,
      0.17315444157751003
    ],
    "olfactory": [
      1.3547291582191547,
      1.375677522704092,
      -1.2979909519928297,
      -0.6507227487463021,
      0.6195840544679181
    ],
    "pheromonal": [
      -0.5586876576182306,
      1.0670926158818521,
      1.1047872966281498
    ],
    "mechanosensory": [
      -0.45527329660205085,
      -0.8143794478808217,
      -0.7938864881209537,
      0.598072227430279
    ]
  },
  "processed_output": {
    "visual": "[ 1.34761264e-01 -5.60821639e-02 -6.82101391e-02 -5.28447220e-02\n  3.36479194e-01  1.45341546e-01  3.74540762e-01  2.13041631e-01\n  3.54528977e-01  4.89818947e-03  1.43188623e-01  2.31160619e-01\n -4.94556807e-01 -6.07322467e-01 -1.87764622e-01 -2.44407889e-01\n -5.48336531e-01  3.52996249e-01 -6.46327393e-01 -5.11315065e-01\n  6.16622212e-01 -1.70270800e-01 -2.41716204e-01 -3.19197091e-02\n -1.54643025e-01 -3.80373839e-01 -2.02946665e-01 -1.12308545e-01\n  2.09433685e-01 -2.03421547e-01 -1.45913104e-01  4.12856165e-01\n -5.75721065e-01  5.03274736e-02 -7.21762674e-03  1.55559562e-02\n -1.87380980e-01  1.73152856e-01  5.46502782e-01 -5.39573114e-01\n  1.77471527e-02 -4.18796980e-01 -2.57050934e-01 -2.45170191e-01\n  7.55192977e-02  4.58117896e-01 -5.65141932e-01 -1.06223747e-01\n -4.43950091e-01  8.19884275e-02  1.61868258e-01 -3.82256016e-01\n  1.15590929e-02  3.09903818e-01  4.68424630e-01 -2.22872782e-01\n -3.25916975e-01  1.25136137e-01 -1.14311740e-01 -4.77036189e-01\n -4.54324697e-02  7.62525938e-01 -5.42258693e-01 -2.20877628e-01\n -3.04975487e-01  6.89654233e-02  1.34858643e-01 -3.87929639e-01\n -8.45782454e-01  6.68990432e-01 -4.55058649e-03 -3.22911297e-01\n -9.71752704e-02  3.86997480e-02 -2.17053157e-01  1.48855900e-01\n  2.67569076e-01 -2.06898749e-01 -4.70780658e-01  3.88222212e-01\n  5.19596358e-01 -1.38143857e-01 -1.84857228e-01  6.45565289e-01\n  3.09667243e-01  2.75508434e-02 -6.66687891e-01 -8.35101324e-02\n -2.35516211e-01  3.56708874e-01 -1.50111539e-01  1.86844146e-01\n -3.04398433e-01  4.28538235e-01  1.27161839e-01 -4.01354609e-01\n  1.12466246e-02  3.53161792e-01 -7.84254748e-01 -1.77511854e-01\n -4.05105166e-01  1.42147195e-01  2.77586619e-01  2.97305760e-01\n -7.00740297e-02  5.17850262e-01 -1.15000867e-02 -5.16298023e-01\n  4.83087631e-01 -3.21008296e-01  2.69785936e-01  1.95766638e-01\n  5.60409726e-01 -2.21598155e-01  2.95903356e-02 -8.17676231e-02\n -1.41100559e-01  7.21572588e-01 -2.38395670e-01 -2.27082253e-01\n  1.46800909e-01 -1.55059236e-01 -3.82487068e-02 -4.32077194e-01\n -2.18234120e-01  2.65919122e-01 -3.75967459e-01  1.76823428e-01\n  1.36410209e-01  6.03656200e-01  2.49624024e-01  2.86784269e-01\n -4.72836533e-01  3.33412243e-01 -3.97143953e-01  4.28933662e-01\n  1.18516881e-01  4.10046822e-01  7.28848957e-03  4.79297659e-01\n -2.83584741e-01  1.98631601e-01  2.39143369e-02  2.89299789e-01\n  3.49186153e-01  3.73681822e-02 -4.61157422e-01 -3.87106751e-01\n  5.79107067e-01  9.67326915e-02 -2.50363655e-02 -1.35074721e-01\n  3.97290608e-04  5.67950450e-01 -4.69743017e-01 -3.03872629e-01\n  3.90310419e-02 -3.11155184e-01 -2.11392836e-01  5.06834728e-01\n  4.51685982e-01 -1.18620959e-01 -5.40502797e-01  3.54553774e-01\n -4.79320813e-01  5.32810204e-01 -4.29104966e-01 -3.22509023e-01\n -4.69120121e-01  5.53582295e-01 -1.01205539e-02 -3.77853820e-01\n  3.73586683e-01  3.11736663e-01  1.77369551e-01  5.64481957e-01\n -3.23664059e-02 -1.19995145e-01  5.50315053e-01 -8.42653454e-02\n -3.37039477e-02 -1.43592464e-02 -9.83208776e-02  5.01760255e-01\n  9.91651462e-02 -5.15251465e-02 -5.45660602e-01  6.77848504e-01\n -1.82346042e-01  2.94235135e-01 -5.70088646e-01 -1.29886640e-01\n -7.25637333e-02 -2.66247223e-01 -3.87954588e-01  3.35028775e-01\n  4.72059591e-01 -4.91762683e-01  2.56026125e-01 -1.76108963e-01]",
    "olfactory": "[-0.06749746  0.48660088  0.16531022  0.01858542  0.4799142  -0.10624773\n  0.39343343 -0.00713203  0.02341397  0.29037915  0.08204046  0.05626702\n -0.14371943 -0.1148054   0.40315748 -0.50609527 -0.21479705 -0.48203274\n  0.02346065 -0.28652837  0.05985877 -0.3917564   0.2983687  -0.17739223\n -0.42756554 -0.1463505  -0.11528386  0.06727798  0.1141288  -0.05975172]",
    "pheromonal": "[ 0.212214   -0.1417296   0.06208281  0.13963248 -0.18811409 -0.08211077\n  0.22878291  0.05587674  0.03640586 -0.27558214 -0.11253184 -0.05446035\n  0.19342594 -0.00914087 -0.03554705  0.07949206  0.10931939  0.15705872\n  0.08393941  0.23915063 -0.10928926 -0.02920011  0.33256673 -0.10422137\n  0.15155235 -0.08413902  0.15942825 -0.27007017 -0.19834095 -0.05134242]",
    "mechanosensory": "[-0.07162461  0.04865909 -0.00931608  0.07194695 -0.14867466  0.02487735\n -0.13141614 -0.23013927  0.12446968 -0.02563258 -0.22210559 -0.04160839\n -0.08978392  0.03767816 -0.063946    0.16515873  0.09910253 -0.09224269\n  0.08703331 -0.05811668 -0.11235075 -0.12326985  0.00428199  0.31783832\n  0.12142393 -0.0782998   0.08977515 -0.05918956 -0.01800705  0.0480073\n -0.137282   -0.06877507  0.00344489  0.03856432  0.09021077  0.03725016\n -0.20709535 -0.05752435 -0.00825861  0.21179233 -0.02409922  0.00387515\n  0.0026518  -0.1034301   0.01565117  0.249479   -0.008892    0.02353133\n  0.00641922 -0.25887062 -0.17514592 -0.13045577 -0.21170058  0.08067127\n  0.14179516 -0.03331718 -0.03070604  0.09651615  0.02892596 -0.00282764]"
  },