{
  "step": 11,
  "insect_id": "Ant",
  "timestamp": 1753377433.8414445,
  "sensory_input": {
    "visual": [
      -0.04764609936501669,
      -1.0565557824909588,
      -1.2896687946740326,
      0.02510616553692788,
      0.06760939978612196,
      -1.47770992687441,
      -0.25228262049558736,
      -0.8437764625199207,
      -0.6926131316927545,
      1.5309880500824624
    ],
    "olfactory": [
      -0.8028349264396485,
      -0.6914269334017241,
      0.7868617844349892,
      -0.44955183553105177,
      -1.7158156429744977
    ],
    "pheromonal": [
      -1.146025055709638,
      0.35650472559563495,
      -0.8664519375111756
    ],
    "mechanosensory": [
      -1.2790061582034,
      0.0832219672168961,
      -0.4202860289597189,
      1.0043460885685913
    ]
  },
  "processed_output": {
    "visual": "[-0.13524664 -0.08415119  0.18316233 -0.24716134  0.20897128  0.14035959\n -0.07686542 -0.42822214  0.22028695 -0.11479091 -0.33895948 -0.33767693\n  0.43012171  0.18662967 -0.13359517 -0.13941945  0.24842207 -0.37029302\n  0.18546973  0.22419995  0.35049069  0.27688887  0.08401298 -0.19497674\n -0.1079921  -0.08101739 -0.25673522  0.41223122  0.00707943 -0.36361141\n  0.52365873 -0.01417154 -0.23764348  0.19154238  0.19811587  0.0680644\n  0.37040067 -0.32236466  0.55276684 -0.03287282  0.38582929 -0.40529603\n -0.09933135 -0.16185486 -0.45702538  0.2114906   0.45149995 -0.37775153\n -0.21775855  0.45672542  0.31595866  0.02479199  0.22182936  0.08850012\n -0.03512282  0.0781989   0.3505892  -0.36843513 -0.07866128 -0.33486594\n  0.09708987  0.09582799 -0.07313132 -0.36971556 -0.15375048 -0.02591286\n -0.22945598 -0.03443872  0.04216377 -0.16734502  0.31397725  0.41927115\n -0.46196888  0.21362005  0.1489389   0.04164754 -0.21862436 -0.47143646\n  0.27139416  0.29573402  0.14958712  0.26120954 -0.06743517 -0.17437478\n -0.30883468  0.08546499  0.32319643  0.21768882  0.44230965  0.28270796\n  0.3301665  -0.30218624  0.34602235  0.03834074  0.60161664 -0.27617051\n -0.20548212 -0.04176962 -0.64759404  0.52412549  0.12546915  0.05086521\n  0.19099367  0.05438437  0.1369021  -0.34607306 -0.13771519 -0.50387017\n -0.25863874 -0.36569432 -0.08911652  0.32625471  0.05515826  0.27166838\n -0.4412857   0.17900389 -0.17739225 -0.21099735  0.48193347  0.29534431\n -0.01320461 -0.26228166  0.27198303 -0.13343898  0.2553596   0.22889635\n -0.44874109  0.63567635  0.33052834 -0.26947771  0.06896723 -0.28630178\n  0.39194851 -0.39854254 -0.03379283  0.33760242  0.278808   -0.20049444\n -0.06550156 -0.21157765  0.02364802 -0.56638995  0.23050587  0.0560921\n  0.21877741  0.21071695  0.04998787  0.21566935  0.637097   -0.25499761\n -0.02050249 -0.38777404 -0.22604372  0.03307548 -0.14697171 -0.14446229\n -0.21789363 -0.10090197 -0.21583727  0.26866214  0.31923008  0.21736066\n  0.12602677  0.36933407 -0.33861468  0.03881936  0.33896562  0.30875261\n -0.29755427 -0.05121283  0.00429707 -0.1079398   0.21965236 -0.01048893\n  0.10611488  0.05703397  0.2853554  -0.33637992  0.13320073  0.06059863\n -0.59959352  0.03746196  0.10848103  0.15395765  0.29756204  0.46164367\n -0.26299018 -0.53422464  0.57608275  0.14469498 -0.49945886  0.21974101\n -0.01239166  0.11524055 -0.21832245 -0.02686199 -0.06766983  0.16637924\n -0.12565065 -0.00454318]",
    "olfactory": "[ 0.09823668 -0.22738216  0.10827172  0.52998978 -0.34546447  0.35893671\n  0.05441987 -0.07074148 -0.29601485  0.0879983  -0.03008034 -0.25762783\n  0.10969242 -0.30634683 -0.11038297  0.36947092  0.06339217  0.02479058\n  0.20449835 -0.3246606   0.15788593 -0.11246587 -0.39986612  0.0909139\n  0.12840895 -0.22238908  0.22185353  0.21733824  0.20414629 -0.12829533]",
    "pheromonal": "[-0.11069919  0.17679407  0.04846968 -0.16410759  0.089916    0.09559497\n  0.06797136 -0.04269552  0.09304769  0.12933817  0.05040027 -0.25551681\n -0.01880902 -0.22184788  0.0645125  -0.17280119  0.23050712 -0.06154737\n  0.05727924 -0.02068075  0.24644588 -0.12518536 -0.05059561 -0.16787285\n -0.12270555 -0.18936238  0.00831425  0.02533761  0.1321065  -0.08255823]",
    "mechanosensory": "[ 0.16159211 -0.38706048  0.04233455  0.17878629  0.01637889 -0.00769128\n -0.00124103  0.03645869  0.08905472  0.30537685 -0.30726692  0.02588046\n -0.11305149 -0.26433163 -0.13967318  0.04335005 -0.12201297 -0.35901285\n  0.17949542  0.10819106 -0.15732879 -0.01478417 -0.10353767 -0.02117309\n  0.07739562  0.03857536 -0.04098896  0.10321391  0.12843318  0.25308727\n -0.02590536  0.06240866 -0.03842971  0.20254922  0.25567178 -0.31656668\n -0.09390772  0.04254195  0.26782005 -0.04339299  0.11141716 -0.34454287\n -0.00145145  0.22690163  0.29370742 -0.10616523  0.22547389 -0.02014886\n -0.1303608  -0.12457924  0.05833054  0.00829142 -0.12538161 -0.00165018\n -0.19546223  0.11509537 -0.11595194  0.2342355  -0.07377155  0.13149747]"
  },
  "neural_activity": {
    "mushroom_body": [
      0.4924007237947772,
      0.14693464607642892,
      0.767210702383254,
      0.6248820631260946,
      0.9864482839136465,
      0.33642038262559837,
      0.4422341246408278,
      0.9350583906263176,
      0.8758108280827299,
      0.364067756289724,
      0.02099672115939233,
      0.3653858631904884,
      0.8151629850456615,
      0.6140212660019688,
      0.32891618603502437,
      0.18893806693942827,
      0.7905736907455317,
      0.49916065962944123,
      0.19717420637235406,
      0.9213049964468009,
      0.447226947943287,
      0.7632966728025157,
      0.8032316000008118,
      0.5535376916288629,
      0.07895300729288246,
      0.37207011325454553,
      0.17281634483101527,
      0.9955464920855303,
      0.7331206509221954,
      0.5386381999688542,
      0.39924139702265893,
      0.2069417262349741,
      0.18638278300294076,
      0.5276332937882693,
      0.6015984856107799,
      0.738477463568368,
      0.012070075146157544,
      0.39691921306107414,
      0.9742478701988332,
      0.24929524690375904,
      0.2769088846934247,
      0.5292959918493957,
      0.07966113583142909,
      0.21578219897423678,
      0.7698762304225306,
      0.28290490199427065,
      0.9405319902264295,
      0.6002708120426894,
      0.45739250176265134,
      0.4463890668275149,
      0.9356395009266144,
      0.2565397437437217,
      0.45391089141763574,
      0.6693230026315135,
      0.02617703582476605,
      0.02531896787827681,
      0.5251034861530219,
      0.7031803637078137,
      0.058529304862222964,
      0.01939748304062039,
      0.5974268143442467,
      0.12381889677257696,
      0.6523379317512753,
      0.9321946265931902,
      0.591086092657511,
      0.1240378689225623,
      0.9362653987395712,
      0.5070649457786084,
      0.0919345703443104,
      0.7666644812076299,
      0.08779127460972835,
      0.33673866917057105,
      0.5896370886961854,
      0.2909284330490943,
      0.7323145070044182,
      0.7236888826592979,
      0.5710198786593059,
      0.7176901664961559,
      0.24203636076752333,
      0.41260492944946736,
      0.8738631246179162,
      0.4024116122514887,
      0.24035654060282785,
      0.3736574116109701,
      0.03336379466983419,
      0.6106387280493265,
      0.9364508555576203,
      0.22944403673237168,
      0.4365801853721185,
      0.8738519447485829,
      0.5050267126920194,
      0.453349231079773,
      0.993777465048396,
      0.3051647484911183,
      0.5080186252800102,
      0.5197698326970429,
      0.18403870897738006,
      0.28479427375720423,
      0.10024162543381976,
      0.18808052763581162
    ],