{
  "step": 16,
  "insect_id": "Fruit_Fly",
  "timestamp": 1753377433.9116306,
  "sensory_input": {
    "visual": [
      -0.6513467477624337,
      -0.9660606423354853,
      -0.8295014739159697,
      -0.012672180402959607,
      -1.4976317285012313,
      0.2314460086235959,
      -1.4758729845319511,
      -0.26490401865536556,
      -0.16291557508633517,
      -0.30782972025833055
    ],
    "olfactory": [
      0.03035830646044057,
      1.820371835433301,
      0.866312857829971,
      1.6741292381315973,
      1.8007993668514186
    ],
    "pheromonal": [
      -2.1490524368008006,
      -0.2181346384615507,
      -0.8839919907181712
    ],
    "mechanosensory": [
      1.5220683048371986,
      0.2722706673348236,
      0.65419625587849,
      2.702958891708446
    ]
  },
  "processed_output": {
    "visual": "[-0.15989767  0.13769456 -0.10285504 -0.03149988  0.00886136  0.26616026\n  0.10506888  0.10896552 -0.06455783 -0.0376674   0.15713485 -0.20048333\n -0.07221496  0.07403926  0.04008697  0.0052172   0.05247767  0.14029292\n -0.3425109  -0.07638369  0.46586975 -0.33068911  0.1646859  -0.40717355\n -0.31130086 -0.04504523  0.02598068 -0.36631858  0.0455873  -0.04416659\n -0.13202268  0.18432682  0.38652778 -0.1511372  -0.19507283  0.21718745\n -0.51794916  0.16367198  0.23200203  0.28462469 -0.09925863 -0.08925784\n -0.23983986  0.01365158  0.2162964  -0.15854445 -0.15859247 -0.09420749\n -0.1277633  -0.42461793 -0.13533803  0.15563061 -0.16844066 -0.30591443\n -0.17769355  0.14541196  0.12015399 -0.09790409  0.03683274  0.11779312\n -0.00918746  0.24981781 -0.0367618  -0.00308436 -0.05404095 -0.22284852\n -0.25916045  0.28271312 -0.35069421 -0.12107409  0.36175908 -0.33191721\n -0.18050658  0.06996118  0.09976777  0.51944075 -0.3523617  -0.28343071\n -0.38621272 -0.04298604  0.35696138  0.04953158 -0.20238755  0.01739584\n  0.02323269  0.33434811 -0.49646239  0.43788692  0.05380834  0.06273492\n -0.18122866  0.38995167 -0.01519526  0.09043782  0.27106592 -0.37403124\n  0.05569448 -0.03949567 -0.19269261  0.50455825 -0.36072186  0.1996215\n  0.05059878 -0.05894732 -0.37153806  0.51107384 -0.01471827 -0.42056407\n -0.03108077  0.20947764 -0.18942165  0.17522858 -0.27908356 -0.11995023\n  0.09716486  0.3535045   0.00387327 -0.17035696  0.04443605 -0.1571157\n  0.09101763  0.36476117  0.07222214 -0.39730646 -0.5290236  -0.42305724\n -0.07857895  0.10517108  0.25707564  0.15519576  0.18488799 -0.10034045\n -0.12062599  0.33349076 -0.30592727 -0.006229    0.14209412  0.48804536\n -0.14441693  0.02172942  0.12489499 -0.34533257  0.22126778 -0.35312506\n -0.0585848   0.1535937  -0.16716216 -0.44059792  0.04100184  0.08794569\n  0.15151108 -0.00269043 -0.14654546  0.08876413 -0.02831317  0.47589985\n -0.55983159 -0.21344721 -0.2910953  -0.28771364  0.40413615  0.22565231\n -0.19016743  0.23991604  0.12984596  0.47193493 -0.1199507   0.07850952\n -0.02193578  0.37738276 -0.23307299  0.13999057 -0.22052438  0.31479441\n -0.07761312 -0.08398385 -0.05557734  0.21806454  0.10755624  0.06150215\n  0.10913829  0.20089508 -0.35563795  0.57206125 -0.07869796 -0.00717206\n -0.41446599  0.09016723 -0.0954621  -0.10567807 -0.07255462  0.00995648\n  0.06283721 -0.36931354 -0.03860878  0.53505479  0.59718507  0.14288748\n -0.24541601 -0.52380723]",
    "olfactory": "[-0.08758947  0.46763109  0.26083314  0.23008312 -0.26906813  0.15705874\n  0.42808145  0.30217615  0.44897585 -0.18944912 -0.19573739 -0.13452369\n -0.14591375 -0.32210153  0.31634888 -0.24381335  0.10154384 -0.07963784\n -0.29597584  0.26542635  0.13898449 -0.34415344  0.64166596 -0.08204159\n -0.0734044  -0.37905184  0.41613392 -0.29247903 -0.51370097 -0.03010122]",
    "pheromonal": "[ 0.18877992  0.15788476  0.08039409  0.02468981  0.11322076 -0.17162864\n -0.28490476 -0.28685291 -0.22543057 -0.48422904  0.04593042  0.33996316\n -0.27399292  0.11806188 -0.12782221 -0.02523851 -0.17692246  0.28047885\n -0.11721386  0.04048383  0.08571192  0.15037941 -0.15890941 -0.0740098\n  0.20037586  0.08886731  0.02557384 -0.09389941 -0.3260311  -0.40758042]",
    "mechanosensory": "[-0.14908011  0.29639297 -0.25607448  0.11019115  0.36311593 -0.015396\n  0.19755043 -0.26084094  0.36289403 -0.50362213 -0.22161322 -0.08613\n  0.00160548 -0.22309788  0.01147744 -0.16599321  0.00858816 -0.28787169\n  0.12715774  0.0791669   0.16348996 -0.0787525   0.05238189  0.68345339\n  0.00940679  0.13554452 -0.25119862  0.74922617 -0.04933276 -0.25512355\n  0.32276356 -0.26359245 -0.22388982 -0.09764925 -0.16027743 -0.07617946\n -0.02397918  0.05627911 -0.23885956 -0.02499085 -0.16631765  0.26686503\n  0.09623373  0.11456915 -0.29279614  0.51451918 -0.12951806  0.4102536\n  0.32292836  0.18422175 -0.29424053 -0.33999406  0.55491016 -0.25159041\n -0.35838333 -0.23587165  0.1921066   0.34797713 -0.47756706  0.30718262]"
  },
  "neural_activity": {
    "mushroom_body": [
      0.9573342550431373,
      0.5685218001748344,
      0.1532728767834156,
      0.440756085521535,
      0.4259028932173351,
      0.8065279792960456,
      0.735175839227128,
      0.5075710583125029,
      0.3182408848813949,
      0.1857101658658754,
      0.147293821091668,
      0.5144536606534947,
      0.45121488345427196,
      0.4906687440412314,
      0.9154397942576439,
      0.03221105435352989,
      0.5357325732152792,
      0.1382546922159048,
      0.36067250393003913,
      0.5332526610283069,
      0.8730295292421824,
      0.04063562036991242,
      0.7485949842136878,
      0.3405914174807766,
      0.18318381682710538,
      0.5600384713303344,
      0.1937550886838283,
      0.5397260475592325,
      0.5783223468361413,
      0.9653669883642755,
      0.4658507608321515,
      0.041218211917091296,
      0.9430155978024163,
      0.2674308460540551,
      0.7293295369440447,
      0.57561750059022,
      0.8256796537657,
      0.8151716530122752,
      0.5281132367497178,
      0.8266383224215215,
      0.7639307513444167,
      0.2648371836316852,
      0.5252438849384159,
      0.5541905466888357,
      0.37818191129782974,
      0.7450469935471635,
      0.2806576625628212,
      0.970184082071879,
      0.823677363336939,
      0.978073118620327,
      0.49119614886596097,
      0.6255023153178355,
      0.3681622586961123,
      0.27170809027288534,
      0.7049624491081308,
      0.9090151895400193,
      0.41775828586490404,
      0.6095412889618553,
      0.585938072687339,
      0.8930936343998793,
      0.9166908334120343,
      0.8584724743974405,
      0.4721485132611529,
      0.4807210850130702,
      0.966113607256765,
      0.14152773929286366,
      0.6864110737296917,
      0.8136470071682644,
      0.6496913523967113,
      0.8044161094802286,
      0.6584368982773874,
      0.7552418973233255,
      0.616923263713886,
      0.3417038976597814,
      0.3231289351313176,
      0.1544216935411289,
      0.7029083784993677,
      0.5724367368870931,
      0.2916010291694956,
      0.02198318626477036,
      0.1818806884802623,
      0.9196557994989446,
      0.6893228355088742,
      0.8528493442801934,
      0.33072324176447354,
      0.4919088973308279,
      0.9279620406010517,
      0.28301492112311355,
      0.076863264671996,
      0.21435225530737068,
      0.47425321392117226,
      0.3668784589614873,
      0.8654826015894379,
      0.22710319324722184,
      0.7957563775459994,
      0.5848636850024898,
      0.9513743724371871,
      0.09511916040574064,
      0.46089376742698995,
      0.027475684173515202
    ],