{
  "step": 79,
  "insect_id": "Fruit_Fly",
  "timestamp": 1753377493.3596349,
  "sensory_input": {
    "visual": [
      1.0201263219418428,
      -0.5022348865392126,
      1.3477508485939396,
      0.35540150743715104,
      -0.04526588818673767,
      0.6309684900781499,
      -1.8931878674875677,
      1.2834779733211603,
      0.0988443075111526,
      -0.4029442101424721
    ],
    "olfactory": [
      -1.314605633109136,
      -0.4322423120616101,
      -0.33479732959506525,
      0.9578979825975881,
      -0.013759999540123836
    ],
    "pheromonal": [
      0.7025134459029875,
      -0.010398618690379408,
      -0.08034723996098646
    ],
    "mechanosensory": [
      -0.45602243142940485,
      0.987789741611938,
      0.5365024649711616,
      0.42716310320240813
    ]
  },
  "processed_output": {
    "visual": "[-3.06107395e-01 -1.05464054e-01 -2.15599168e-01 -1.97500095e-01\n  4.88933830e-01 -1.20463436e-01  2.09381540e-01 -2.46593234e-01\n  3.57166171e-01 -3.11522473e-01  1.64487744e-01  4.48965194e-02\n  3.82112919e-01 -2.72003569e-01  3.14141419e-02  3.44108115e-01\n  9.21548365e-02 -3.37501114e-03 -4.73390064e-01  9.89244680e-02\n  5.05528104e-02 -9.79459318e-02  4.58504062e-01  1.46564614e-01\n -1.78599451e-01  2.76538236e-01 -3.73739350e-01  3.78283542e-01\n -1.87924783e-01  2.33296632e-02  8.63304096e-02  6.36038617e-01\n  2.77984066e-01  5.83094103e-01 -3.53257936e-01 -3.78705702e-01\n -2.98818237e-01  6.92675446e-03  3.72762219e-02  2.34310046e-01\n  2.93486611e-01 -2.45054534e-01 -1.82413789e-01  2.94498958e-01\n  7.54576791e-02  1.11135510e-01  3.96287046e-01 -2.67665855e-01\n  1.88764067e-01 -5.88872131e-01  2.21886881e-01  3.42510272e-02\n  4.25473854e-01  1.62023590e-01 -3.35919216e-02 -3.33859952e-01\n -4.85019781e-01 -3.92305589e-01  3.17079746e-01 -1.53439117e-01\n -2.88543092e-01 -1.23597199e-01 -3.95483584e-01  3.52874280e-01\n  4.97077540e-01  2.64019051e-01 -3.58073137e-01 -4.05029563e-02\n -2.06870267e-01 -7.02657058e-02  1.20449212e-02  1.60906303e-01\n  1.92038793e-01  3.35176141e-01 -3.20920569e-02 -2.80007224e-01\n -9.24430855e-02 -1.43640606e-01 -2.49786653e-01 -3.32710884e-01\n  2.35653302e-01  1.87950369e-01  7.55448845e-02 -2.79047779e-01\n -2.59817985e-01  4.88906499e-02 -5.25117184e-01  4.23556326e-02\n  5.67707572e-02  1.62274408e-02  5.32981030e-02  6.77837157e-02\n -2.97494576e-01 -9.53507313e-02  9.79114217e-02 -3.41534599e-01\n  3.04324931e-01 -3.61722182e-01  2.57994061e-01  2.96215722e-01\n  5.46041350e-03 -7.90813926e-02  1.26921886e-01 -1.22236583e-01\n -5.27101116e-01 -2.27107799e-01  4.62365173e-01  4.48068862e-02\n  5.16346964e-02 -4.86261635e-01 -1.82519194e-01 -2.74732447e-01\n  4.85482096e-01 -4.43762087e-02 -1.19707980e-01 -2.73898659e-02\n -2.03283676e-02 -1.26182917e-02 -2.97788705e-01  4.10723215e-01\n  2.87336837e-01 -2.82103524e-01 -2.84820803e-01 -3.96467378e-02\n -1.68308103e-01 -5.08343160e-01 -2.79252930e-01 -9.16217092e-02\n  2.48322130e-02  1.11114177e-01  6.30643212e-01  5.37587306e-02\n  5.32899069e-01 -1.30661743e-01 -5.86382552e-02  2.93106341e-01\n  2.85608095e-04  4.09529432e-01 -3.37815058e-01  2.75391547e-01\n -2.04127960e-01 -4.85990964e-01  1.54297703e-01 -2.54629940e-01\n -4.82775435e-01  4.24437981e-01 -3.63717135e-02 -1.07015644e-01\n  2.55892208e-02 -4.57191974e-01 -1.69003834e-01  3.60148622e-01\n -2.50069761e-01 -8.65926263e-02 -4.23843482e-01  1.61346897e-02\n  7.77152081e-02  2.44110449e-01  8.65584473e-03 -8.87016233e-02\n -3.00769752e-01 -2.35055456e-01 -1.19019953e-01  3.64748541e-01\n  1.19777490e-01 -4.99961021e-01  1.62726695e-01 -1.21502022e-01\n  2.37496047e-01 -1.50461815e-01  6.90403580e-02 -1.18899921e-01\n  2.16611933e-01  6.64540906e-02  2.45357937e-01 -2.04511662e-02\n  9.68974961e-02  2.73167027e-01  2.84260874e-01  3.38295946e-01\n -4.92072458e-01  2.30774103e-01 -3.32445020e-02  3.12993996e-01\n -2.26899976e-01 -5.45348672e-01  1.91505082e-01  1.01790397e-01\n -2.39551622e-01  6.64305482e-02 -1.03600922e-01  2.26580054e-01\n  1.57986028e-01  3.12343918e-02  2.47784743e-01  1.99157863e-02\n  6.45991350e-01  1.04227696e-01 -1.59253310e-03  5.66969451e-02]",
    "olfactory": "[ 0.05064548  0.10643079  0.02861627  0.07516078 -0.06313087  0.00082085\n -0.25292176 -0.01060192  0.01692013 -0.33746068 -0.04418074  0.14171961\n -0.19268705 -0.02496219 -0.11195966  0.08566201  0.0691901   0.2860152\n -0.19696328  0.11017912  0.07288754  0.10038694 -0.1115438  -0.02396689\n  0.27122204 -0.0031185   0.051703   -0.03548525 -0.19716946 -0.18629601]",
    "pheromonal": "[-0.07929926  0.02563402 -0.01777266 -0.01762397  0.04969372  0.04378121\n  0.06196821  0.07282162  0.05487432  0.18491919  0.00829454 -0.0721576\n  0.02724657 -0.04129703  0.06644621 -0.04560811  0.02542382 -0.12316972\n  0.01327159 -0.06810514 -0.00319385 -0.06611242  0.00526811  0.01146715\n -0.09005014 -0.02216735 -0.04912071  0.07322513  0.13391984  0.10688848]",
    "mechanosensory": "[ 0.06296745 -0.17992019 -0.02496889 -0.23914299  0.18773328  0.05507374\n  0.05586244  0.24333161 -0.17017481  0.14327033  0.08328946 -0.02408489\n  0.04083202 -0.08126095  0.32642476 -0.10634372 -0.00996708  0.011145\n  0.06838044  0.04732268  0.08330166 -0.083957   -0.06215234 -0.06931573\n -0.04567487 -0.01950404  0.01564969  0.15444516  0.05792789  0.02288757\n  0.22789971  0.05901903 -0.09743468  0.12900207 -0.01094444 -0.05225875\n  0.17581421 -0.02086778  0.02655118  0.02943314  0.01680651 -0.17156758\n  0.04019784  0.05648563 -0.25475792 -0.08956674  0.09223918 -0.01237719\n  0.07042165  0.0744112  -0.04283758  0.1179331   0.17131056 -0.1996578\n -0.27207985 -0.04000934  0.08372273  0.04414237 -0.06214238  0.09546956]"
  },