{
  "step": 55,
  "insect_id": "Honeybee",
  "timestamp": 1753377473.5535226,
  "sensory_input": {
    "visual": [
      -2.405832475154638,
      -1.0928483308463726,
      0.6086759352196515,
      0.9064231473338036,
      -0.25820728438168367,
      0.8457045473916048,
      -0.8125751035066991,
      1.7699586651449222,
      -0.1902785878383502,
      0.178634287097891
    ],
    "olfactory": [
      0.4379640918912067,
      0.3432074964736973,
      -0.9325780547033478,
      -0.562877310487432,
      -0.34055941284682895
    ],
    "pheromonal": [
      0.742197989596688,
      -0.9915619985960755,
      -0.26091391084699905
    ],
    "mechanosensory": [
      0.4432924003621349,
      0.47564588947844644,
      1.2346979501878286,
      -0.6401648388575151
    ]
  },
  "processed_output": {
    "visual": "[-0.33434448 -0.22986152  0.58185737  0.08939918 -0.09228247  0.20021456\n -0.60713412  0.25768636 -0.09741768 -0.02805723  0.12572054 -0.08529437\n  0.43511825  0.19260602 -0.16560126  0.25244769  0.02815653 -0.21192257\n  0.08018934 -0.12845135  0.00531308  0.06885613 -0.36260727 -0.25478963\n  0.08435831 -0.07505686  0.3415528   0.49075863 -0.57243843  0.31136028\n -0.2055048  -0.01906202  0.00744309  0.34330254  0.10985327 -0.49889142\n -0.27302622  0.16065414 -0.44631554  0.2298584  -0.04332375  0.20460637\n -0.22797181 -0.23529504 -0.21460551  0.19737858  0.10703392  0.20366093\n -0.65909219  0.12083575  0.03832846  0.27041286  0.11557504  0.1929767\n  0.1166411   0.19021425 -0.60545705 -0.35062019 -0.10164347 -0.0402012\n -0.04626155 -0.01273134  0.45275114 -0.04765351 -0.63706542  0.0462647\n  0.62346561  0.33933861 -0.72487054 -0.54210593 -0.13671032 -0.57569669\n -0.11698244 -0.1802958   0.06185655  0.16558665 -0.013309    0.09076263\n -0.53402451 -0.30422244 -0.34894751 -0.22184059  0.01130253  0.2536566\n  0.02069242 -0.02323092  0.18255617 -0.25754508 -0.40966299  0.16595009\n  0.04233494  0.56169204 -0.40397034 -0.33345436 -0.63563266 -0.18399498\n  0.26156024 -0.62770737  0.13586773 -0.06444379 -0.18568892  0.25966714\n -0.10040192 -0.04329272  0.18042093 -0.31471707 -0.3721009   0.27255752\n -0.02078392  0.13404093  0.20775667  0.12254855 -0.09594539  0.06238685\n -0.10706709  0.58814768  0.01779727  0.18763748  0.17576859 -0.18581984\n  0.56243208 -0.20855734  0.18928967  0.25494139  0.19848826 -0.06359678\n -0.14714546 -0.01599696 -0.51227215 -0.10622161 -0.62590992 -0.13722821\n -0.06338793  0.38445792 -0.06518229  0.45606226  0.17745549  0.66928532\n  0.30559554  0.07348309  0.32269901 -0.30976122 -0.40295435 -0.22331882\n -0.15427901  0.10375366  0.32726031  0.06909964  0.47052845 -0.00169875\n -0.13780052 -0.28557615  0.37814769 -0.21911732  0.44581864 -0.56571288\n -0.37802186  0.39565246  0.30460589 -0.13704196 -0.08167566  0.70606743\n -0.0695601   0.07087708  0.0116486   0.09304205  0.31076959 -0.1350482\n  0.28772647  0.04500333  0.3929181   0.18161113 -0.01241481  0.37152187\n  0.46682404  0.01312612 -0.54481333  0.21309739  0.44796338 -0.45144759\n -0.20277455  0.30729274  0.05150377  0.06635538  0.53700874 -0.67804974\n -0.03948161 -0.42811998 -0.27539137  0.1311154   0.14107792 -0.11247128\n  0.0070777  -0.35623472  0.19727548 -0.60654681  0.52558304 -0.02139273\n -0.34100545 -0.1373231 ]",
    "olfactory": "[ 0.06867446 -0.28805498 -0.0696358  -0.0491512   0.38066534 -0.17660555\n -0.23228682  0.05889333 -0.2061578  -0.01361705  0.2004689  -0.02586116\n -0.07166338 -0.12295648  0.14111672  0.02610993  0.0780945   0.12087234\n  0.02226739 -0.2895822   0.08430695 -0.15512183  0.04099817 -0.15346501\n  0.37016958  0.02169198  0.01396502 -0.01374838  0.10802973 -0.01591881]",
    "pheromonal": "[ 0.03122852 -0.08555782 -0.14158513  0.07987205 -0.0313419  -0.05819021\n  0.00582001 -0.0232243  -0.21197335  0.26207717 -0.19762196 -0.1413554\n -0.04513725 -0.00346104  0.13071185  0.29886204  0.06527213  0.05390013\n -0.21072174 -0.21613927  0.06344862  0.15986263  0.12003079 -0.0625034\n -0.12820252 -0.10487417  0.03259049  0.08649315  0.32193825 -0.00667657]",
    "mechanosensory": "[-0.06933008  0.24111386 -0.0280088   0.11122092  0.01038397 -0.10061086\n -0.04018973 -0.24767227 -0.0217997   0.08506645 -0.23708488  0.26225288\n -0.13712264  0.02559872  0.05424725  0.25201955  0.23760268 -0.16652473\n -0.09180356  0.03972784 -0.0504335   0.18538275 -0.06987592 -0.08682495\n -0.21759537  0.07664122 -0.15807548  0.02024278  0.17050036 -0.13284527\n -0.12143189  0.33740634 -0.06092803 -0.0932602   0.2449061   0.07075907\n  0.06653296  0.2070495   0.10283672  0.13363086 -0.14514639 -0.1398642\n -0.09484091  0.0653027  -0.00361689  0.10557733  0.04638001 -0.0836819\n  0.15323728 -0.10343229  0.39628845 -0.08198501 -0.28096378 -0.20519352\n -0.0368572   0.08447875  0.05482101  0.23745573  0.21766303  0.32327014]"
  },
  "neural_activity": {
    "mushroom_body": [
      0.12635954055289922,
      0.6510662603041527,
      0.6627929837081565,
      0.9059514415899972,
      0.694024905970108,
      0.13032535785611132,
      0.6785700910874193,
      0.25181423548906845,
      0.9354434499568303,
      0.9820695225306735,
      0.35894562736900226,
      0.09852715118231181,
      0.294853150261539,
      0.7462912346894797,
      0.7870932401371551,
      0.07062982415768515,
      0.48313936540704683,
      0.6622209359526908,
      0.115399259873879,
      0.6872873456110286,
      0.6981114122053442,
      0.504124699964496,
      0.8683273200191458,
      0.7166708401294236,
      0.6182749276751418,
      0.6232014757378306,
      0.39529436063508416,
      0.38233751371397573,
      0.7167883560053652,
      0.44552297638641014,
      0.9047130954552666,
      0.021405918043153394,
      0.7727889117003455,
      0.6159269939967781,
      0.06738501744015668,
      0.32597272676736,
      0.3087168672643883,
      0.9038271378155378,
      0.23784856178197233,
      0.18904989841550568,
      0.2210457214133057,
      0.848521080227047,
      0.3413897391223164,
      0.9617188178997028,
      0.787246394196182,
      0.10829421222201396,
      0.6481604816985572,
      0.7469217894494218,
      0.03391105392878513,
      0.15653537504224724,
      0.9992419020899515,
      0.6853055751030905,
      0.25484180859629757,
      0.9989993979407218,
      0.6524217395054385,
      0.6347337365749102,
      0.744143846619154,
      0.5150140806392638,
      0.7356517947329767,
      0.6376489951475847,
      0.45323207581238756,
      0.37210842438874125,
      0.7037428860280608,
      0.23895712561486693,
      0.5940955300660384,
      0.9945112193658604,
      0.707620198578572,
      0.9534313058612712,
      0.7114461577312933,
      0.4395467057289705,
      0.49249444180522495,
      0.06731022572559242,
      0.27550073951848686,
      0.8881137570119427,
      0.8104454683630198,
      0.58025781616706,
      0.5300344472969072,
      0.07180701688387292,
      0.3757757212457067,
      0.300809054944117,
      0.8118121304991793,
      0.8542922211831256,
      0.9187886496881005,
      0.9817062663157549,
      0.5612733835334486,
      0.2686584688003274,
      0.5043663782398784,
      0.18781304522437448,
      0.71123547918031,
      0.2222548857108344,
      0.5264317813777212,
      0.9750138797195244,
      0.07515074344946227,
      0.2914045013201676,
      0.7958427234065533,
      0.45715523003574077,
      0.5492189810560055,
      0.28384337953527417,
      0.4591770410905638,
      0.27511237675800737
    ],