{
  "step": 13,
  "insect_id": "Ant",
  "timestamp": 1753377433.865791,
  "sensory_input": {
    "visual": [
      1.4324054009541127,
      0.883356613134338,
      0.4392852256364229,
      0.9308661020016397,
      -0.7967110862934736,
      -0.6795909971168473,
      -0.08300965047922049,
      -1.3831096615629062,
      0.17675231251273843,
      1.6188027540629102
    ],
    "olfactory": [
      0.07901903999542813,
      -1.7471480203232448,
      1.1986925415296614,
      0.2967918171337842,
      -1.153950950629109
    ],
    "pheromonal": [
      0.6527091127271072,
      1.6264107952340483,
      -0.1820434925130242
    ],
    "mechanosensory": [
      -0.967073610573908,
      -0.2745304726118596,
      1.8731213374861482,
      -1.3828610324046622
    ]
  },
  "processed_output": {
    "visual": "[ 0.44988957 -0.33424442  0.13208685  0.04242761  0.32851011 -0.17004982\n -0.18872488 -0.41961638  0.10421203 -0.05089304 -0.26777539 -0.01373677\n  0.13784563 -0.07398403  0.12873691  0.23087985  0.01040815  0.09864091\n  0.58245828 -0.07592277 -0.53074051 -0.07658403 -0.42107807  0.21482412\n  0.54050679 -0.09697873  0.23960969 -0.06289725  0.44147269 -0.37030103\n -0.14008569  0.3042706  -0.28067557 -0.10544554  0.64576749  0.20348234\n  0.03577682 -0.61761332  0.07670625 -0.19261314  0.32816973 -0.12128438\n -0.44120087  0.34997851 -0.26951365 -0.41630515  0.37713902 -0.28512708\n -0.54659496  0.21278969  0.27883782 -0.2426072   0.15265013 -0.09992914\n -0.18165654  0.19317     0.03260095 -0.17725238  0.12176567  0.2665057\n  0.18580831  0.25042784 -0.02702577 -0.40833918 -0.31802826 -0.57139661\n  0.18386833 -0.11746339 -0.32388602 -0.2258323   0.53371084 -0.09000452\n -0.43773633  0.2289019  -0.18110993 -0.11332519 -0.65828745 -0.23973261\n -0.08699142 -0.43193704  0.17949459 -0.10152197  0.07387651  0.02253431\n -0.12112198 -0.28894781 -0.17859409  0.25000848 -0.0155489  -0.06784634\n -0.24721901 -0.26413522  0.19980078  0.18791982  0.249131   -0.33299425\n -0.49248402 -0.17727498 -0.50142129  0.16345893  0.25060827  0.11416787\n -0.22051777  0.22600568  0.25335895  0.02995546 -0.07478147  0.33599621\n  0.05447255  0.04518637 -0.09283465  0.18307018  0.17172067  0.56110432\n -0.22665988  0.21116538 -0.23737846 -0.14178665 -0.01898071  0.48598001\n  0.38373629 -0.14647467  0.46631723 -0.14682493  0.04201888  0.25482623\n -0.76064697  0.47739059  0.05529556  0.12175775  0.3950886   0.19648636\n  0.12636576 -0.02927834  0.35473054  0.30619463  0.0034947  -0.28129073\n  0.30120555 -0.00886426 -0.16272314 -0.50642948 -0.19100247 -0.22291977\n  0.17194221  0.09407585 -0.37284745 -0.10459551  0.18827219  0.33769529\n -0.38080117 -0.17498056  0.09994233  0.70045477 -0.06221953 -0.29977946\n -0.30333966 -0.17644426 -0.28287124  0.07455097 -0.01654398  0.26920591\n -0.09684669  0.45994208 -0.05717445  0.51919451  0.07807039  0.28915627\n -0.32885128  0.21922295 -0.07396578 -0.29686298  0.07063528 -0.32880494\n -0.0991332   0.14824623  0.03000016 -0.4538716  -0.23825744  0.02913172\n -0.67314132 -0.02444427  0.34057357 -0.21069595  0.341953    0.04913249\n  0.3701741  -0.01639946  0.77960282 -0.08521093 -0.07093959  0.23698532\n -0.08306121  0.3395689  -0.16327796  0.04658253 -0.05766056  0.03870224\n  0.03445978 -0.1237558 ]",
    "olfactory": "[ 0.37136699 -0.32843568 -0.08740427  0.54004967 -0.52278494  0.23509129\n  0.04289658  0.13717194 -0.24928449  0.18558397 -0.0303154  -0.17105172\n  0.14356333 -0.03044587 -0.10088333  0.51597722 -0.28855241  0.10538346\n  0.27673233 -0.26080858 -0.17629861 -0.06458753 -0.42334547  0.05522354\n  0.28723136  0.02928838  0.30074798  0.20134405  0.00436458 -0.16400655]",
    "pheromonal": "[-0.47072509  0.18059813  0.25198095 -0.2415315   0.40457066 -0.12364701\n  0.01863315 -0.23709581 -0.07061656 -0.25813979 -0.05323945  0.36275491\n  0.00055118 -0.02870066  0.05810802 -0.18709159  0.19485483  0.0131443\n -0.18059944  0.04183427 -0.11282025  0.23082768  0.26202407  0.19238554\n -0.1837837   0.15030687 -0.20387254 -0.17906472 -0.03061393  0.15811451]",
    "mechanosensory": "[-0.12385006  0.12195958 -0.07950393  0.02401292 -0.07713427 -0.13659539\n -0.21479749 -0.02259254 -0.04652612  0.21013514 -0.18767308  0.40287085\n  0.09715311  0.40306612  0.04764691 -0.28367929  0.07231759  0.30958714\n -0.42325227 -0.14813703 -0.13925624  0.10400303 -0.23468251 -0.12511407\n -0.14532488  0.04687742 -0.3103319  -0.09922836  0.00895088 -0.36462042\n  0.0178271  -0.36019131  0.36843232 -0.45310615  0.22300834  0.31498826\n -0.03711515  0.31419352 -0.35346181 -0.11577565  0.07593381 -0.16451159\n  0.04520039 -0.09544704 -0.3490304  -0.22667189 -0.05991036 -0.11305271\n -0.10725269 -0.12285684 -0.54484831 -0.11179675 -0.03304647  0.15057017\n  0.17438815 -0.01834475  0.59547184 -0.08011408 -0.24354742  0.08996946]"
  },
  "neural_activity": {
    "mushroom_body": [
      0.4924007237947772,
      0.14693464607642892,
      0.767210702383254,
      0.6248820631260946,
      0.9864482839136465,
      0.33642038262559837,
      0.4422341246408278,
      0.9350583906263176,
      0.8758108280827299,
      0.364067756289724,
      0.02099672115939233,
      0.3653858631904884,
      0.8151629850456615,
      0.6140212660019688,
      0.32891618603502437,
      0.18893806693942827,
      0.7905736907455317,
      0.49916065962944123,
      0.19717420637235406,
      0.9213049964468009,
      0.447226947943287,
      0.7632966728025157,
      0.8032316000008118,
      0.5535376916288629,
      0.07895300729288246,
      0.37207011325454553,
      0.17281634483101527,
      0.9955464920855303,
      0.7331206509221954,
      0.5386381999688542,
      0.39924139702265893,
      0.2069417262349741,
      0.18638278300294076,
      0.5276332937882693,
      0.6015984856107799,
      0.738477463568368,
      0.012070075146157544,
      0.39691921306107414,
      0.9742478701988332,
      0.24929524690375904,
      0.2769088846934247,
      0.5292959918493957,
      0.07966113583142909,
      0.21578219897423678,
      0.7698762304225306,
      0.28290490199427065,
      0.9405319902264295,
      0.6002708120426894,
      0.45739250176265134,
      0.4463890668275149,
      0.9356395009266144,
      0.2565397437437217,
      0.45391089141763574,
      0.6693230026315135,
      0.02617703582476605,
      0.02531896787827681,
      0.5251034861530219,
      0.7031803637078137,
      0.058529304862222964,
      0.01939748304062039,
      0.5974268143442467,
      0.12381889677257696,
      0.6523379317512753,
      0.9321946265931902,
      0.591086092657511,
      0.1240378689225623,
      0.9362653987395712,
      0.5070649457786084,
      0.0919345703443104,
      0.7666644812076299,
      0.08779127460972835,
      0.33673866917057105,
      0.5896370886961854,
      0.2909284330490943,
      0.7323145070044182,
      0.7236888826592979,
      0.5710198786593059,
      0.7176901664961559,
      0.24203636076752333,
      0.41260492944946736,
      0.8738631246179162,
      0.4024116122514887,
      0.24035654060282785,
      0.3736574116109701,
      0.03336379466983419,
      0.6106387280493265,
      0.9364508555576203,
      0.22944403673237168,
      0.4365801853721185,
      0.8738519447485829,
      0.5050267126920194,
      0.453349231079773,
      0.993777465048396,
      0.3051647484911183,
      0.5080186252800102,
      0.5197698326970429,
      0.18403870897738006,
      0.28479427375720423,
      0.10024162543381976,
      0.18808052763581162
    ],