{
  "step": 54,
  "insect_id": "Ant",
  "timestamp": 1753377473.5453372,
  "sensory_input": {
    "visual": [
      0.5012565644496613,
      -0.08439567238136969,
      -0.5053104185930843,
      -0.7557253401726003,
      0.9282545546562083,
      0.745719286076479,
      0.29985004368695206,
      0.17786533794218934,
      0.8583285883112438,
      -1.634624877163493
    ],
    "olfactory": [
      -2.8794652877361857,
      -0.05987230542636266,
      -0.9342900325982961,
      -0.6797344765853525,
      0.5008922729850548
    ],
    "pheromonal": [
      -1.1577226435020354,
      1.6369478593665863,
      -0.8306370673357502
    ],
    "mechanosensory": [
      -1.0536096707132028,
      1.3989710475856596,
      0.9171203190254806,
      -0.056735127397705316
    ]
  },
  "processed_output": {
    "visual": "[-0.22514911  0.23792373 -0.42787638  0.3155378  -0.29672709 -0.09225245\n  0.05919904  0.48828799 -0.11088499 -0.04993093  0.43463037 -0.18794646\n  0.06819299 -0.23160583  0.05505893  0.00488226 -0.40124762 -0.16886926\n -0.45330122 -0.22840694  0.10080192  0.14772765  0.01074877  0.08201851\n -0.32065563 -0.03410605 -0.33347474 -0.27042746 -0.52897005  0.21202818\n  0.11448745 -0.15170883  0.4297978   0.02878985 -0.22410505  0.08435081\n -0.12902133  0.06692467 -0.34048653  0.14472352  0.01215247  0.24559989\n -0.03742664 -0.06133541  0.30846666  0.03218091 -0.36355016  0.453067\n  0.21961311 -0.44950763 -0.2094088   0.19928046 -0.2019725   0.12849197\n  0.03975227 -0.2458138  -0.30101443  0.59919118 -0.05510003 -0.11608196\n  0.06967938 -0.10343058  0.26943524  0.24598265  0.36257808  0.25465486\n  0.10393325  0.08850492  0.34775753  0.15971982 -0.27394392 -0.41340182\n  0.2358914  -0.31761342  0.06460605 -0.06973387  0.46199619  0.30129083\n -0.08156591  0.19781665 -0.20083212  0.08626169 -0.01264047  0.22484356\n  0.38537207  0.18977798  0.25171625 -0.28841185 -0.24467862  0.46478034\n  0.07246224  0.34945503  0.09755345  0.07176804 -0.37685504  0.44711533\n  0.42477559 -0.0881571   0.0391767  -0.30270285  0.17425896  0.03741269\n  0.15277144 -0.21374403 -0.40115528  0.13411163  0.07851975  0.25915987\n  0.06108355  0.07417582 -0.21844646 -0.31740204 -0.08139244 -0.32006101\n  0.04536784 -0.11805958  0.24799388 -0.16826075 -0.30166204 -0.03554421\n -0.3118966   0.09951812 -0.31118624  0.14278025  0.00755671 -0.44383182\n  0.33302337 -0.5286322  -0.33529958  0.38715407 -0.14322914 -0.25812207\n -0.20983868  0.0355478   0.04167181 -0.27110222 -0.05787939  0.36808316\n -0.13999488 -0.35148794  0.04782043 -0.10150727 -0.12992307  0.33124045\n -0.35137204  0.04956337  0.03001068 -0.0242263  -0.20218488  0.12545724\n  0.34415159  0.19504802 -0.05407865 -0.43275819 -0.00237993  0.15084421\n  0.35526876  0.08354371  0.21275842 -0.23122863  0.24576796 -0.11791135\n -0.21452159 -0.48130708 -0.00774027 -0.19780341 -0.40852878 -0.38568104\n -0.06924475 -0.33873674  0.05976928  0.40987067  0.10752475 -0.08145765\n  0.11333534 -0.2470997   0.21260569  0.41848811  0.13285227  0.04317592\n  0.61200813 -0.04298443 -0.04847245  0.18676621 -0.37630415 -0.25091997\n -0.16389453  0.35121283 -0.64518152 -0.25203638  0.41098814 -0.00982257\n  0.1744276   0.01663959  0.1490398  -0.13513611  0.04358877 -0.26935983\n  0.41542987  0.16930498]",
    "olfactory": "[ 0.29845275  0.28849599 -0.19132342 -0.27614255 -0.03268938  0.10328628\n -0.0149767  -0.06520253  0.29602246  0.37637135  0.04350076 -0.6796139\n -0.04478384 -0.29725731  0.05629021 -0.36554481  0.39925989 -0.13061855\n  0.01515931  0.0981608   0.64861604 -0.40882407 -0.12475478 -0.3121307\n -0.1321543  -0.56070075  0.00939189  0.3271743   0.24792958 -0.17264172]",
    "pheromonal": "[-0.40644475  0.3829836   0.21433876 -0.38691136  0.37199204 -0.00643361\n  0.08578085 -0.29936535  0.0472203   0.03010312 -0.03067066 -0.12339826\n  0.03262001 -0.29320603  0.13078585 -0.32669408  0.43893557 -0.02928215\n -0.08236162  0.01740311  0.25691677  0.00905221  0.10418157 -0.00343042\n -0.26685894 -0.1687131  -0.14570498  0.01146129  0.12797917  0.0013976 ]",
    "mechanosensory": "[ 0.21890505 -0.09939847  0.09941332  0.2502134  -0.24516684 -0.37616161\n -0.24376634 -0.06811969  0.02064041  0.26865583 -0.18257364  0.21987137\n -0.10052067  0.25182654  0.01218905 -0.04748579 -0.12210367 -0.12873077\n -0.02322914 -0.04118084 -0.00382156  0.27367773  0.07420405 -0.10729935\n -0.01542957 -0.01200857 -0.11320151  0.10239001  0.33505816 -0.13512044\n -0.06958353 -0.11397244  0.0555805  -0.00960678  0.04413496 -0.17892458\n -0.18647908  0.15031523 -0.06766375 -0.39745088  0.09986967 -0.27309807\n -0.14337178 -0.14991296 -0.08790922 -0.06835969  0.19326904  0.02510584\n -0.09525475  0.02339973 -0.43016512 -0.2306014  -0.11375095  0.13679141\n -0.16607451 -0.11908747  0.29779711  0.13320032 -0.0803628   0.26179515]"
  },
  "neural_activity": {
    "mushroom_body": [
      0.4924007237947772,
      0.14693464607642892,
      0.767210702383254,
      0.6248820631260946,
      0.9864482839136465,
      0.33642038262559837,
      0.4422341246408278,
      0.9350583906263176,
      0.8758108280827299,
      0.364067756289724,
      0.02099672115939233,
      0.3653858631904884,
      0.8151629850456615,
      0.6140212660019688,
      0.32891618603502437,
      0.18893806693942827,
      0.7905736907455317,
      0.49916065962944123,
      0.19717420637235406,
      0.9213049964468009,
      0.447226947943287,
      0.7632966728025157,
      0.8032316000008118,
      0.5535376916288629,
      0.07895300729288246,
      0.37207011325454553,
      0.17281634483101527,
      0.9955464920855303,
      0.7331206509221954,
      0.5386381999688542,
      0.39924139702265893,
      0.2069417262349741,
      0.18638278300294076,
      0.5276332937882693,
      0.6015984856107799,
      0.738477463568368,
      0.012070075146157544,
      0.39691921306107414,
      0.9742478701988332,
      0.24929524690375904,
      0.2769088846934247,
      0.5292959918493957,
      0.07966113583142909,
      0.21578219897423678,
      0.7698762304225306,
      0.28290490199427065,
      0.9405319902264295,
      0.6002708120426894,
      0.45739250176265134,
      0.4463890668275149,
      0.9356395009266144,
      0.2565397437437217,
      0.45391089141763574,
      0.6693230026315135,
      0.02617703582476605,
      0.02531896787827681,
      0.5251034861530219,
      0.7031803637078137,
      0.058529304862222964,
      0.01939748304062039,
      0.5974268143442467,
      0.12381889677257696,
      0.6523379317512753,
      0.9321946265931902,
      0.591086092657511,
      0.1240378689225623,
      0.9362653987395712,
      0.5070649457786084,
      0.0919345703443104,
      0.7666644812076299,
      0.08779127460972835,
      0.33673866917057105,
      0.5896370886961854,
      0.2909284330490943,
      0.7323145070044182,
      0.7236888826592979,
      0.5710198786593059,
      0.7176901664961559,
      0.24203636076752333,
      0.41260492944946736,
      0.8738631246179162,
      0.4024116122514887,
      0.24035654060282785,
      0.3736574116109701,
      0.03336379466983419,
      0.6106387280493265,
      0.9364508555576203,
      0.22944403673237168,
      0.4365801853721185,
      0.8738519447485829,
      0.5050267126920194,
      0.453349231079773,
      0.993777465048396,
      0.3051647484911183,
      0.5080186252800102,
      0.5197698326970429,
      0.18403870897738006,
      0.28479427375720423,
      0.10024162543381976,
      0.18808052763581162
    ],