{
  "step": 73,
  "insect_id": "Ant",
  "timestamp": 1753377473.79791,
  "sensory_input": {
    "visual": [
      -0.788647894859661,
      0.6970564964783572,
      -1.1080104332028304,
      -1.1982057614791766,
      -0.9445915066941204,
      1.7825673834737652,
      1.353940292077701,
      0.9436959156431575,
      0.38057620383152124,
      0.6173263577789349
    ],
    "olfactory": [
      -0.963312419781966,
      -1.747276898438631,
      0.21292923670551603,
      -1.0110616940576997,
      -0.2795154548312484
    ],
    "pheromonal": [
      0.16254693564869171,
      0.5718330809957088,
      -0.8757271798788056
    ],
    "mechanosensory": [
      -0.13408532001125367,
      -0.1635143854568803,
      -0.6791516673165656,
      1.001470194792238
    ]
  },
  "processed_output": {
    "visual": "[-3.47126589e-01  2.81043179e-01  1.23241630e-01  5.55524328e-01\n  1.37591735e-01  4.64685375e-01  2.23004554e-01  5.70815833e-01\n -1.83585278e-01  1.15651591e-01 -1.75470528e-01  4.30987611e-01\n -5.33402941e-01  2.04290291e-03  1.47382317e-01 -2.30834829e-01\n  2.82202804e-01  4.61164326e-01 -1.67294873e-01  3.44337543e-01\n -1.42711011e-02 -3.93253723e-01  2.23228447e-01  3.00090415e-01\n -2.82703509e-01 -7.00585706e-02 -1.47439472e-01  2.08094658e-01\n  1.21690108e-02  4.24301693e-01  4.23354877e-01  3.02210258e-01\n -3.83565307e-03  5.17850765e-01  2.16424445e-02  5.05977084e-02\n -4.11855572e-01  3.54496227e-01  3.55016855e-01  2.77620782e-01\n -1.13086665e-01 -2.96847793e-01  1.47439846e-01 -3.06700440e-01\n  4.29520752e-02  1.58329311e-01 -2.39860628e-01  1.17420476e-01\n  4.30551095e-01  1.87540479e-01 -2.39921513e-01 -1.90252013e-01\n -3.14097023e-01 -5.05129164e-02 -2.11336179e-01 -2.30732710e-01\n -2.02033217e-02  5.07504835e-02 -7.74833157e-02  1.19273712e-01\n  6.11647111e-02  5.72075098e-02  2.28333899e-02 -3.33527056e-02\n  2.64965205e-01 -4.62803298e-01 -6.28525159e-01 -1.04254528e-01\n -5.73353635e-02  3.85324356e-02  5.54036861e-01 -3.97326650e-01\n -6.27885386e-02  5.76335472e-01  1.32328351e-02 -3.82430892e-01\n  3.66420848e-01  7.31438862e-03 -1.38146004e-01  4.36269611e-01\n -1.27342211e-01  2.48558694e-01  3.87357532e-01 -1.21558377e-01\n  2.82877726e-01  2.96690981e-01  6.68093110e-01 -6.24232340e-02\n -3.85801416e-01 -7.00673472e-02 -2.11234435e-01  2.58148904e-01\n -2.23772155e-01 -2.30143250e-01 -3.12428738e-01  7.67657212e-02\n  9.27044357e-02  4.91119315e-03 -1.61620085e-02  2.17115665e-01\n -5.11675720e-01 -9.91728552e-02  2.36824548e-01 -2.78912015e-01\n -4.29542521e-01  5.09525822e-01 -1.31470381e-01  4.78917068e-02\n -7.75974017e-02  2.49509753e-01 -3.59893669e-01 -1.37151930e-01\n  1.33061057e-01  3.43113037e-01  3.22639493e-01 -4.03352463e-01\n -3.46429385e-01 -1.89556010e-01 -1.21330394e-01 -3.36717330e-01\n -1.44075792e-01  1.81142673e-01  1.63029662e-02 -9.79960151e-02\n -2.08450370e-01 -3.45946985e-01  5.51811333e-01 -1.85204008e-01\n  2.43742898e-01  1.38956002e-01 -2.45723500e-01  1.06744838e-01\n -9.45349188e-02 -1.25098041e-01  1.07139680e-01  7.36483767e-02\n  6.30209132e-01  1.39987881e-01  3.92688354e-01  1.78739734e-01\n  1.99598413e-01  3.85459677e-01  1.06201996e-01  3.49799784e-01\n -3.73992928e-01  1.05496378e-01 -1.96527021e-01  9.64279029e-05\n -3.63166076e-01 -3.39406855e-01 -7.50363003e-02 -1.43760295e-01\n -1.83954947e-01 -5.02434505e-01  7.84244072e-02  6.86948972e-02\n  3.20888249e-01 -1.67115619e-02 -5.49707963e-01 -3.31428031e-01\n -3.31320372e-01 -2.68011472e-01  4.03852736e-02  1.86824435e-01\n  2.49460429e-01  1.75017688e-01 -6.04528749e-01  3.41470077e-01\n  3.98010650e-01 -4.15790071e-01  6.70898863e-02  4.58689313e-01\n -5.60835720e-01  3.24925093e-01 -2.19017691e-01  1.75607181e-01\n -3.92471852e-01  4.75544128e-01 -7.27795381e-02  2.36708615e-01\n  2.69689140e-01 -2.78946449e-01  4.12606910e-01 -3.64319557e-01\n -1.76880717e-01 -3.21179157e-03 -3.92357875e-01  5.49114081e-01\n -7.05255994e-01  4.39218732e-02  6.70915095e-01 -7.05038645e-03\n -2.70012756e-01 -2.02851020e-02 -7.39471052e-02 -3.57368694e-01\n  2.96370094e-01 -1.64339228e-02 -1.32899885e-01 -3.46840307e-01]",
    "olfactory": "[ 0.54058953 -0.32962119 -0.27280415  0.43283419 -0.43422711  0.23458782\n -0.10832995  0.26607025  0.0711852   0.15236621  0.09036873 -0.43121195\n -0.10385425 -0.02160053 -0.16915769  0.14324888 -0.1379027  -0.1124374\n  0.11581122 -0.05827104  0.37188476 -0.34113621 -0.25998499 -0.20355334\n  0.19314247 -0.36060303  0.19079215  0.21120823  0.16047904 -0.11225226]",
    "pheromonal": "[-0.29260477  0.03474876  0.13444972 -0.08762246  0.20101188  0.04411276\n  0.04387587  0.03470913  0.03251978 -0.12906997  0.08038978  0.14659575\n -0.08804041 -0.07428619  0.02314378 -0.13041058  0.07512171 -0.07053557\n -0.00577639 -0.01261363 -0.0071096   0.04041859  0.10522007 -0.09001481\n -0.11364551  0.05079779 -0.04880288 -0.20924781  0.05155397  0.04010391]",
    "mechanosensory": "[ 0.06359215 -0.23115183  0.02444116  0.0182142   0.0778096   0.11996126\n  0.08292206  0.00920552  0.03994343  0.05842005 -0.04714443 -0.0905194\n -0.07126159 -0.26207643 -0.09002804  0.03993477 -0.05990939 -0.25963295\n  0.24037701  0.09555201 -0.02431914 -0.07478526  0.01262324  0.05290292\n  0.0724259   0.02215764  0.0818335   0.00895693 -0.01195116  0.177264\n  0.02124422  0.162385   -0.11245249  0.2192661   0.06657169 -0.19984886\n -0.01035802 -0.07271688  0.25708917  0.10775203  0.03660532 -0.05123704\n  0.01467711  0.1696728   0.2413363   0.03957117  0.0659272   0.01045495\n -0.01255804 -0.02636587  0.23844941  0.09420805 -0.0266221  -0.07205637\n -0.10095822  0.07714124 -0.27957177  0.12210354  0.02631294 -0.00685654]"
  },