{
  "step": 59,
  "insect_id": "Honeybee",
  "timestamp": 1753377473.6073308,
  "sensory_input": {
    "visual": [
      1.783148927903775,
      -3.0502270517760537,
      -0.7284878821288041,
      -0.801641886628555,
      0.2745040836053762,
      -0.9858539488626391,
      0.7034757767150666,
      0.03763308943198441,
      -0.3322547248814003,
      0.4128742511739809
    ],
    "olfactory": [
      0.7602688427313703,
      2.4008613160843626,
      0.5938392578473151,
      0.5609776763558305,
      0.36598219671058085
    ],
    "pheromonal": [
      1.380283327737182,
      -0.182420213588704,
      0.6067136721260263
    ],
    "mechanosensory": [
      0.36419278385706155,
      -1.4144260311960584,
      -0.7794061953659458,
      -0.16368477068542608
    ]
  },
  "processed_output": {
    "visual": "[-0.42511598  0.30479982 -0.31487844  0.29259985 -0.72325428 -0.0710058\n  0.23068295  0.02677465 -0.22859633 -0.07920007 -0.19754096 -0.45773064\n -0.17196836  0.03885248 -0.72368269 -0.30081113 -0.35277472  0.21465071\n -0.18492546  0.40299813 -0.02360292 -0.30024261  0.16404055  0.12124289\n  0.54811862  0.04661939  0.26831438 -0.16595239  0.28784625 -0.21523777\n -0.38114185 -0.41418014  0.19328918  0.51325229  0.1228406   0.77042635\n  0.02350459 -0.55049011  0.40457605  0.68790674 -0.1798655  -0.68371215\n  0.2863143  -0.14271509  0.33428928 -0.20083843 -0.16067492  0.31579989\n  0.75740042 -0.02461845 -0.07381585  0.20495539  0.02830597 -0.54578275\n -0.40825983 -0.1309705   0.31424504 -0.02840777  0.11206821  0.46635361\n  0.36180036 -0.15159696 -0.51327603 -0.12252098  0.49862166 -0.45969212\n  0.34629928  0.05707049  0.25399969  0.33783541  0.3591898   0.25396368\n  0.1113812   0.36360861 -0.48694497 -0.08326375 -0.37064946  0.25543146\n  0.39787055 -0.14836417  0.04525151 -0.1139923  -0.40463084 -0.26281294\n -0.27035342  0.72581679  0.43133313  0.3908783   0.12702029 -0.13130284\n -0.22150214 -0.35103676 -0.24613405 -0.19034412  0.36375469 -0.31138189\n -0.35047406  0.27559516 -0.20626786 -0.14838114 -0.44900589 -0.44068519\n  0.7048514  -0.48176798 -0.48015129 -0.01916748  0.31496252  0.27265321\n  0.32299539  0.20191895  0.16875948 -0.08251074 -0.12557775 -0.57962963\n  0.5413072   0.40047621  0.11580012 -0.31706572  0.25677557  0.38525932\n -0.61219883  0.38497827  0.33588234  0.00208498 -0.14434721  0.19640461\n -0.41538227  0.13770351  0.16303593  0.73609725  0.71983254  0.22624964\n  0.27772354  0.09836275  0.0024115  -0.23425054 -0.64433174  0.23450024\n -0.53529986  0.35337795  0.1909561  -0.33537518  0.28519122 -0.25243952\n -0.05737336  0.08069195 -0.41840838 -0.24600493 -0.04892831  0.04705145\n -0.40306272  0.43984692 -0.10261258 -0.20167088 -0.22981096 -0.55264075\n -0.06777848 -0.46898106 -0.32560458  0.58760916  0.62411662 -0.44345611\n  0.44216498 -0.55341036 -0.36374536 -0.25383437  0.22624496  0.11466578\n -0.78375015  0.61715826 -0.40120064  0.14510731  0.0706189   0.06549504\n  0.6123459  -0.38650614  0.54486587  0.38378094  0.03653901  0.62797089\n  0.16809687 -0.73086701 -0.16064507  0.20090969  0.1351528   0.59074215\n  0.0778515  -0.01986887  0.0242029   0.41114886 -0.33191596  0.06649838\n -0.34007524  0.50965033 -0.35286647  0.55170753 -0.42995596 -0.49669728\n  0.27683311 -0.02631337]",
    "olfactory": "[-0.00919526  0.0576362   0.3255396  -0.53279366 -0.20698235 -0.28876573\n  0.12733662  0.04880209  0.45372391 -0.36749432  0.34633441  0.18447751\n -0.14249101  0.24455135 -0.23363558 -0.21272119 -0.16776191 -0.13461854\n  0.21539505  0.37941918 -0.12335922  0.06285425 -0.49961111  0.02257784\n  0.1755051   0.32488607 -0.01903772 -0.28943002 -0.27754639 -0.10230894]",
    "pheromonal": "[-0.05375939 -0.07039385  0.03773291 -0.07481084 -0.23898278 -0.13165772\n  0.05790942  0.01514727  0.04930683  0.16341685 -0.19700844  0.0924684\n -0.19706494  0.15753758 -0.09302611  0.32864656  0.04867757  0.05664878\n -0.06319155 -0.02667669  0.0394657   0.31256993 -0.10434067 -0.0404669\n -0.11509193 -0.01724937  0.06698834 -0.14637252  0.36612039 -0.13726902]",
    "mechanosensory": "[-0.10673566 -0.20839434  0.13123046  0.04577    -0.11177426 -0.08218222\n  0.26081952  0.03819449 -0.2264876   0.00586528  0.23993957 -0.04611531\n  0.28593595 -0.17864442  0.03396362 -0.31140617  0.20632451 -0.02716596\n  0.05900801 -0.15567813  0.10002486 -0.13553065 -0.14983308 -0.28618862\n  0.11192476  0.13714661  0.05656726 -0.03871533 -0.46241151  0.21470943\n  0.17178121 -0.32337383  0.16993923 -0.05592912 -0.10674371 -0.34006024\n  0.06363219 -0.0774291  -0.01160375 -0.02228387 -0.01778574 -0.28351239\n  0.16013274 -0.08059603 -0.05868597  0.00441538  0.18225672 -0.00335614\n -0.12629992  0.01148236 -0.08596463 -0.02471222  0.34125339  0.16087586\n -0.20537897 -0.01200845 -0.02092544 -0.07506251 -0.11469161 -0.23531251]"
  },
  "neural_activity": {
    "mushroom_body": [
      0.12635954055289922,
      0.6510662603041527,
      0.6627929837081565,
      0.9059514415899972,
      0.694024905970108,
      0.13032535785611132,
      0.6785700910874193,
      0.25181423548906845,
      0.9354434499568303,
      0.9820695225306735,
      0.35894562736900226,
      0.09852715118231181,
      0.294853150261539,
      0.7462912346894797,
      0.7870932401371551,
      0.07062982415768515,
      0.48313936540704683,
      0.6622209359526908,
      0.115399259873879,
      0.6872873456110286,
      0.6981114122053442,
      0.504124699964496,
      0.8683273200191458,
      0.7166708401294236,
      0.6182749276751418,
      0.6232014757378306,
      0.39529436063508416,
      0.38233751371397573,
      0.7167883560053652,
      0.44552297638641014,
      0.9047130954552666,
      0.021405918043153394,
      0.7727889117003455,
      0.6159269939967781,
      0.06738501744015668,
      0.32597272676736,
      0.3087168672643883,
      0.9038271378155378,
      0.23784856178197233,
      0.18904989841550568,
      0.2210457214133057,
      0.848521080227047,
      0.3413897391223164,
      0.9617188178997028,
      0.787246394196182,
      0.10829421222201396,
      0.6481604816985572,
      0.7469217894494218,
      0.03391105392878513,
      0.15653537504224724,
      0.9992419020899515,
      0.6853055751030905,
      0.25484180859629757,
      0.9989993979407218,
      0.6524217395054385,
      0.6347337365749102,
      0.744143846619154,
      0.5150140806392638,
      0.7356517947329767,
      0.6376489951475847,
      0.45323207581238756,
      0.37210842438874125,
      0.7037428860280608,
      0.23895712561486693,
      0.5940955300660384,
      0.9945112193658604,
      0.707620198578572,
      0.9534313058612712,
      0.7114461577312933,
      0.4395467057289705,
      0.49249444180522495,
      0.06731022572559242,
      0.27550073951848686,
      0.8881137570119427,
      0.8104454683630198,
      0.58025781616706,
      0.5300344472969072,
      0.07180701688387292,
      0.3757757212457067,
      0.300809054944117,
      0.8118121304991793,
      0.8542922211831256,
      0.9187886496881005,
      0.9817062663157549,
      0.5612733835334486,
      0.2686584688003274,
      0.5043663782398784,
      0.18781304522437448,
      0.71123547918031,
      0.2222548857108344,
      0.5264317813777212,
      0.9750138797195244,
      0.07515074344946227,
      0.2914045013201676,
      0.7958427234065533,
      0.45715523003574077,
      0.5492189810560055,
      0.28384337953527417,
      0.4591770410905638,
      0.27511237675800737
    ],