{
  "step": 98,
  "insect_id": "Honeybee",
  "timestamp": 1753377493.5745115,
  "sensory_input": {
    "visual": [
      -0.5948157236850911,
      -2.0636314769454938,
      0.05334799683853505,
      1.8023783511947993,
      2.5501120580537067,
      -0.617478588667497,
      -2.2119473866055595,
      0.9986210734604958,
      -0.9621028630561721,
      0.07943493716839722
    ],
    "olfactory": [
      1.7897009125486925,
      -0.198976477181767,
      -2.767904154913892,
      0.18950405553046465,
      1.4471210077011865
    ],
    "pheromonal": [
      0.15786031808022366,
      -0.3249649854298286,
      0.9465381801967141
    ],
    "mechanosensory": [
      0.1238380717864553,
      -0.5633669011292951,
      0.009901125956725125,
      -1.738510846538092
    ]
  },
  "processed_output": {
    "visual": "[ 0.00775799  0.38326282  0.01702011  0.04305411 -0.22834859 -0.33705766\n -0.42576452 -0.11641533 -0.04929714  0.31204059  0.39399926 -0.51762475\n -0.06384381  0.53318575 -0.33690864 -0.2611034  -0.1542789   0.0970594\n -0.38457335  0.39886421 -0.15038706 -0.03823002 -0.477401    0.03257184\n  0.36765155 -0.68228849  0.58182094  0.26798399 -0.32610581  0.09297121\n -0.56921053 -0.44992948 -0.06048423  0.30989609 -0.43390384 -0.57397975\n -0.45101336 -0.45547924 -0.36632036  0.4223791  -0.36118264 -0.59921057\n  0.13300589 -0.14413371  0.1708805   0.1979392  -0.06769177  0.34391593\n  0.26058592 -0.5056074  -0.34226105  0.16180465 -0.03397371  0.73317088\n -0.70308964 -0.19234406 -0.25624975 -0.48109172 -0.0712724   0.28023837\n -0.14172405  0.46091678 -0.5820118   0.16512782 -0.70782494 -0.01450455\n  0.76062425  0.41176602 -0.26330612 -0.23042133  0.62479271  0.14485825\n  0.19357561 -0.42683742  0.56863453 -0.60763389 -0.24014644  0.43072422\n  0.20093135 -0.40798176 -0.62260097 -0.29249248 -0.61071901 -0.20347929\n  0.03948799  0.61496216  0.02190511  0.4608835   0.18467929 -0.46944166\n -0.03208581  0.33823268 -0.11009852 -0.27387446  0.3512954  -0.47571689\n  0.25801781 -0.63387359 -0.13322468 -0.13198933 -0.25697971  0.34177967\n  0.70537617 -0.32376532 -0.44833315 -0.6106134   0.42931523  0.69577567\n -0.12846425  0.26798986  0.20954343 -0.06180008  0.26588961 -0.12569798\n  0.21847556  0.42427777  0.09912081 -0.24118772 -0.25892176  0.49540173\n  0.30233373 -0.45844375 -0.09387165  0.18219597  0.48262978  0.27142138\n -0.22783183  0.09302434 -0.21396583  0.70465286  0.04385029  0.61042468\n  0.16285321  0.15850571 -0.13753576  0.02482533 -0.29995699 -0.53554003\n  0.46434089 -0.1530033   0.10204936 -0.67823095 -0.25328955 -0.39926859\n  0.3626971  -0.31099082  0.22033093  0.32826654  0.4371032   0.06276672\n -0.10576905 -0.11296904  0.08532032 -0.55715338  0.19153995 -0.51307104\n  0.07317247 -0.23992973  0.00540273  0.3560599   0.57041688  0.51334173\n  0.42894623 -0.48373826 -0.40544972  0.45720071 -0.02389493 -0.36790639\n -0.2451838   0.70375208 -0.60584128 -0.16336136 -0.02448182  0.08645023\n  0.35469546 -0.17750251 -0.5455445   0.23372259  0.56102906  0.02830867\n -0.77727259 -0.15742423 -0.14052976  0.61321259  0.40291382 -0.89237474\n -0.4959285   0.38448535 -0.063973   -0.07553416 -0.41745711  0.00813276\n -0.41139971 -0.19994845 -0.18891962  0.33348823  0.27567612  0.06495525\n -0.0997941   0.38154487]",
    "olfactory": "[ 0.12940622 -0.41351892 -0.31890734 -0.5146237   0.50502265 -0.50429602\n  0.02159343  0.12650926 -0.54548951  0.2689629   0.1543052  -0.68045959\n  0.15309065 -0.04811281  0.5987839   0.30420168 -0.21900111  0.01231848\n -0.52401776 -0.57675874  0.06642746 -0.09825587 -0.03311956 -0.37436377\n  0.22782381  0.0791267   0.02417728  0.27047823  0.23172034  0.30934549]",
    "pheromonal": "[-0.10415837  0.10471287  0.06279097  0.10343467 -0.2690651   0.11289817\n  0.09290607 -0.00502305  0.13530477  0.06395953 -0.22125104  0.15375911\n -0.06236275  0.10507473 -0.17006014  0.11237642  0.01942286  0.00923913\n  0.04286783  0.13697319 -0.00609178  0.1914951  -0.01352634  0.06996625\n -0.20835007 -0.05869209  0.03583095 -0.09828019  0.12328331 -0.07693543]",
    "mechanosensory": "[-0.10066255  0.15047689  0.05826599  0.28148257 -0.08475    -0.01832169\n  0.08931094 -0.16768855 -0.0779957  -0.03029165 -0.01259959  0.40131395\n -0.07392375 -0.01594799  0.19823696 -0.0487356   0.31926115 -0.24689599\n  0.14176719  0.04876465 -0.04592125 -0.03922459 -0.33891916 -0.25697858\n  0.01797735  0.2086693  -0.19755613  0.0075143  -0.15319202  0.20843542\n  0.16165334 -0.05018771 -0.11447774 -0.10623826 -0.00687782 -0.1358238\n  0.12186092  0.0538337   0.09444243 -0.02873658 -0.02928349 -0.55363988\n  0.03140112  0.02514249 -0.06385352  0.17410261 -0.0826614  -0.29878169\n  0.01217665 -0.26252969  0.26136767 -0.12616747  0.00197761  0.08911868\n -0.19824162  0.04565964  0.17037045  0.15087052  0.08605997  0.22211192]"
  },
  "neural_activity": {
    "mushroom_body": [
      0.12635954055289922,
      0.6510662603041527,
      0.6627929837081565,
      0.9059514415899972,
      0.694024905970108,
      0.13032535785611132,
      0.6785700910874193,
      0.25181423548906845,
      0.9354434499568303,
      0.9820695225306735,
      0.35894562736900226,
      0.09852715118231181,
      0.294853150261539,
      0.7462912346894797,
      0.7870932401371551,
      0.07062982415768515,
      0.48313936540704683,
      0.6622209359526908,
      0.115399259873879,
      0.6872873456110286,
      0.6981114122053442,
      0.504124699964496,
      0.8683273200191458,
      0.7166708401294236,
      0.6182749276751418,
      0.6232014757378306,
      0.39529436063508416,
      0.38233751371397573,
      0.7167883560053652,
      0.44552297638641014,
      0.9047130954552666,
      0.021405918043153394,
      0.7727889117003455,
      0.6159269939967781,
      0.06738501744015668,
      0.32597272676736,
      0.3087168672643883,
      0.9038271378155378,
      0.23784856178197233,
      0.18904989841550568,
      0.2210457214133057,
      0.848521080227047,
      0.3413897391223164,
      0.9617188178997028,
      0.787246394196182,
      0.10829421222201396,
      0.6481604816985572,
      0.7469217894494218,
      0.03391105392878513,
      0.15653537504224724,
      0.9992419020899515,
      0.6853055751030905,
      0.25484180859629757,
      0.9989993979407218,
      0.6524217395054385,
      0.6347337365749102,
      0.744143846619154,
      0.5150140806392638,
      0.7356517947329767,
      0.6376489951475847,
      0.45323207581238756,
      0.37210842438874125,
      0.7037428860280608,
      0.23895712561486693,
      0.5940955300660384,
      0.9945112193658604,
      0.707620198578572,
      0.9534313058612712,
      0.7114461577312933,
      0.4395467057289705,
      0.49249444180522495,
      0.06731022572559242,
      0.27550073951848686,
      0.8881137570119427,
      0.8104454683630198,
      0.58025781616706,
      0.5300344472969072,
      0.07180701688387292,
      0.3757757212457067,
      0.300809054944117,
      0.8118121304991793,
      0.8542922211831256,
      0.9187886496881005,
      0.9817062663157549,
      0.5612733835334486,
      0.2686584688003274,
      0.5043663782398784,
      0.18781304522437448,
      0.71123547918031,
      0.2222548857108344,
      0.5264317813777212,
      0.9750138797195244,
      0.07515074344946227,
      0.2914045013201676,
      0.7958427234065533,
      0.45715523003574077,
      0.5492189810560055,
      0.28384337953527417,
      0.4591770410905638,
      0.27511237675800737
    ],