{
  "step": 28,
  "insect_id": "Ant",
  "timestamp": 1753377453.4895499,
  "sensory_input": {
    "visual": [
      1.6886831553003174,
      -0.34484664566737866,
      -1.3248251619141889,
      1.0769263047931006,
      -0.13344632515041063,
      -0.5096168236967002,
      -0.02532261989213903,
      0.14146699346000527,
      0.46171300911143276,
      0.6050303917170349
    ],
    "olfactory": [
      -0.8200434657503975,
      -1.473589299229887,
      0.36720751285352,
      -0.07262428034443119,
      -1.0946124540972075
    ],
    "pheromonal": [
      0.3686151487600825,
      -1.582471455029504,
      -0.8799413011566142
    ],
    "mechanosensory": [
      2.1538505011287454,
      -0.22415903512475746,
      -1.699014494884597,
      -1.1778221943231628
    ]
  },
  "processed_output": {
    "visual": "[ 2.84827283e-02  1.41401213e-01 -2.89568819e-01  1.41099060e-02\n -3.08779965e-01 -1.29542863e-01 -1.58044896e-01 -5.09536429e-02\n  8.41249824e-02 -2.25369253e-01  3.32246230e-01 -3.80999124e-01\n  3.55136019e-01 -2.81016158e-01  1.60776267e-01  4.53975178e-03\n -2.98076531e-01 -1.63171611e-01 -2.12348943e-01  1.21806693e-02\n -1.80673786e-01  2.25008623e-01 -3.12111065e-01  1.44794308e-01\n  2.14104743e-02 -1.15351770e-01 -5.03966257e-02  3.18456161e-01\n -1.70577834e-01 -3.18220145e-01  3.30701187e-01  1.06569504e-01\n  1.64208346e-01  1.29446210e-01  3.79299861e-01  4.14068845e-01\n  5.15792969e-02 -2.44819201e-01  1.28089936e-01  1.94491109e-01\n  2.84029995e-01 -5.05391828e-02 -6.80098488e-01 -8.49344417e-02\n  7.64599749e-02 -6.81093000e-02  1.89957770e-01 -5.53607748e-02\n -3.80508727e-01  1.42655337e-01  4.16259836e-01 -2.25215257e-02\n  4.59819961e-01 -6.30474632e-02 -1.26468170e-01  1.08183285e-01\n -1.91584802e-01  9.36784931e-02 -2.63674331e-01 -1.35985749e-01\n -1.59542678e-01 -1.18044780e-01 -2.23536359e-02  7.94371748e-02\n -1.65205795e-01 -2.48322771e-01 -5.71044884e-02 -2.39792733e-01\n  2.37321744e-02  2.50196495e-02  9.27221405e-02 -2.69535716e-01\n -4.53006727e-01 -7.19878578e-03 -2.45875175e-01 -1.37583462e-01\n -2.79013381e-01 -4.68324759e-02 -9.56847596e-02  3.14623916e-01\n  2.56256725e-01  2.43572466e-01 -2.76785015e-01  4.74953459e-02\n  2.83400220e-01 -1.75868176e-01  6.75568281e-01 -3.24851756e-01\n  2.30940005e-01  4.54829540e-02  4.71965563e-02 -3.42473395e-01\n  3.76309852e-01  1.59923109e-01  1.65637400e-01 -2.54316004e-01\n -1.47314930e-01  5.50241270e-02 -5.66085881e-01  3.43514430e-01\n  4.77281511e-01  2.37496428e-02  1.26732883e-01  1.19180871e-01\n  1.73255654e-02 -2.53040789e-01 -4.42938698e-01 -3.92789527e-02\n  3.96964692e-01  5.97040548e-02 -1.90174983e-01 -1.10654287e-01\n -2.57482299e-01  2.94017456e-01 -3.55075513e-01  8.06775751e-02\n  1.93798859e-01 -3.24407822e-01 -1.62769386e-01  5.83318246e-01\n -2.17555129e-01 -5.00268432e-01  3.07640198e-01 -2.20699183e-01\n  2.68681518e-01  1.82352451e-01 -1.87123228e-01  2.36962001e-01\n  3.48646366e-01  1.52178145e-01  3.14466684e-01 -1.61931301e-01\n  4.10689744e-01  1.79647072e-02  4.17691985e-01  3.15768693e-01\n -1.71880020e-01 -1.52026022e-01  2.51856842e-01 -4.14927695e-01\n -4.41926209e-02 -7.04461113e-01  4.35886686e-02  3.63914647e-01\n -1.68642473e-01  3.51215959e-01  1.38404671e-01  5.21420718e-02\n  2.26637599e-01 -7.82547481e-02  2.89247878e-01 -4.53589557e-01\n  2.50678791e-01  3.57871644e-01 -1.36356333e-01 -2.16524503e-01\n  2.16065556e-01 -1.40869403e-01 -6.44908635e-02  3.22712982e-04\n -1.27424875e-01  8.71549309e-02 -1.73689324e-01 -1.94690007e-01\n -3.68521474e-01  4.72045117e-01 -2.64889688e-01  3.65971378e-01\n -3.19104722e-01 -4.06581082e-03 -1.78551252e-01  2.93919882e-02\n  1.01966184e-02  5.97568119e-02  2.26678253e-01 -2.31167118e-01\n  8.95100958e-02 -3.33760332e-01  1.88327015e-01  1.95144819e-01\n -3.52630571e-01  4.39037804e-01  2.94197818e-01  1.89004762e-01\n  3.32053071e-01 -2.60994433e-02 -1.88121927e-01  2.30479025e-02\n  1.41287195e-02 -1.56240437e-01  3.49843542e-01  5.80417099e-01\n -7.94835065e-02  3.55744590e-01 -9.33646729e-02 -8.85315941e-02\n -2.02835261e-01 -2.53068850e-01  2.50361697e-01  1.31306161e-01]",
    "olfactory": "[ 0.30958508 -0.25244797 -0.06627681  0.47242877 -0.45099736  0.32169676\n  0.05611495  0.14608633 -0.14451667  0.22032007  0.04122925 -0.35425534\n  0.06270872 -0.19198054 -0.08853653  0.35897889 -0.10713957  0.00498793\n  0.28046891 -0.25366009  0.10913103 -0.19996649 -0.41734096 -0.1089365\n  0.18696119 -0.1800533   0.28472323  0.18861656  0.14372604 -0.19464915]",
    "pheromonal": "[ 0.22329326 -0.35106829 -0.14354391  0.32458235 -0.28853711  0.20238123\n  0.00731784  0.45483816  0.09824906  0.00734485  0.21270194 -0.03083001\n -0.17740692  0.08139553 -0.09666559  0.15884601 -0.33649269 -0.12106889\n  0.21643468 -0.07437053 -0.0642858  -0.16215499 -0.13740779 -0.33739008\n  0.14570968  0.04818959  0.20316577 -0.20791252  0.04300297 -0.08503198]",
    "mechanosensory": "[-0.15080334  0.51968125 -0.04122687 -0.21320512  0.06870628  0.10810623\n  0.27715132  0.12400289 -0.02793006 -0.56015644  0.39545094 -0.52146343\n  0.15777043 -0.08649915  0.17719991  0.4296635   0.16115615  0.41009351\n -0.14458158 -0.02149261  0.18928511 -0.16900133  0.16305467  0.06863039\n  0.02187102 -0.13786981  0.26391366  0.14973555 -0.20817392  0.28929587\n -0.09170625  0.0892299  -0.2611194   0.05310268 -0.4544677   0.21963647\n  0.22689923 -0.35333236 -0.21628328  0.11605785 -0.30046814  0.42696151\n  0.0115902  -0.2178273  -0.08210263  0.17716768 -0.16703289  0.10449998\n  0.21248766  0.17853872  0.49062912  0.02099986  0.17425734 -0.08420382\n  0.13560469 -0.06985213 -0.32898728 -0.32324746  0.3253106  -0.28208197]"
  },