{
  "step": 33,
  "insect_id": "Fruit_Fly",
  "timestamp": 1753377453.5541918,
  "sensory_input": {
    "visual": [
      0.35867978649763516,
      -0.1897803816261882,
      -0.39738457371140423,
      0.02402583532758923,
      -0.09031403819064818,
      0.03423603348811694,
      0.6512046471073886,
      0.49949415610744985,
      -0.7778398432832823,
      1.4726765925962952
    ],
    "olfactory": [
      -1.524584168870622,
      0.6357563332172511,
      -1.2271738800496514,
      -0.6805083814010265,
      0.3202077210034098
    ],
    "pheromonal": [
      -1.6687566459890644,
      1.667141880439389,
      1.6377085598190326
    ],
    "mechanosensory": [
      -1.4667721722839089,
      0.1743282248203859,
      0.06376506923705515,
      -0.5190538731358226
    ]
  },
  "processed_output": {
    "visual": "[ 0.02034018  0.03381799 -0.02929395 -0.18541903 -0.01998917 -0.02223743\n  0.37823173  0.15220368 -0.11736524  0.03115296 -0.01054666  0.03649561\n  0.04833716  0.00307532 -0.32784756 -0.08335477 -0.08490979 -0.13014289\n  0.01556994 -0.02665371  0.18797424 -0.19821119 -0.37407981  0.20545666\n  0.35028989  0.01342655 -0.37442586  0.066556    0.00678016 -0.09679749\n -0.19684012 -0.0990507  -0.34919166 -0.05590129  0.10310857  0.32444278\n  0.43829357 -0.26746065  0.11608085 -0.14326505  0.31750886 -0.22458592\n -0.0944287  -0.15075438  0.01883665  0.11514924 -0.15157471 -0.10774124\n  0.17711927  0.16362851 -0.13053932 -0.12931782  0.25067293  0.03529003\n -0.10154704 -0.1044742   0.1661355   0.14380089  0.28216021 -0.05257351\n  0.0404732  -0.08015529 -0.00802312 -0.04060807 -0.2887754   0.14020619\n  0.60286658 -0.16635884 -0.00508585  0.17058146  0.24933505 -0.12239102\n -0.19554678  0.22159778  0.15480172  0.01396433  0.30658565  0.44025686\n  0.20678611  0.32425155 -0.10964732 -0.03221446  0.14511369  0.26112636\n  0.0164076  -0.15330972  0.23954258 -0.08597002  0.10986058  0.25361109\n  0.04642501  0.16577981 -0.25853278  0.19264147  0.24035679  0.15470407\n -0.10735707  0.11246419 -0.34687613 -0.23881178 -0.13293297  0.27826981\n  0.15491759  0.24327937  0.14759243 -0.32073995 -0.18845675  0.1191951\n  0.19033072  0.01926947 -0.01928044  0.15170695  0.03547834  0.04559149\n -0.3415209  -0.26117913  0.02711958  0.40270188 -0.14407669 -0.179441\n -0.17101107  0.12581875  0.15435896  0.50133347  0.13548136  0.10565309\n -0.24470991  0.01920656  0.08007086  0.04999628  0.24727194  0.22974588\n -0.29500923 -0.11016635  0.03492066  0.29987705 -0.28445924 -0.30258676\n -0.01891299 -0.16685611 -0.26689889  0.11698328  0.00390582 -0.20070222\n  0.04284624 -0.06111959  0.14140039  0.11646677  0.02603655 -0.16520285\n -0.09596308 -0.25864629 -0.11379786 -0.22452114  0.40794802 -0.4746529\n  0.14928416  0.05345414  0.30203264  0.35006138  0.13161887 -0.29253622\n -0.11382693  0.19083424  0.01766225 -0.03723628  0.07364963 -0.07383705\n  0.09057478  0.0664004   0.22336427  0.046794    0.12953033 -0.00492292\n -0.06340465 -0.36034341 -0.15503519 -0.08046153  0.12500282 -0.01696017\n  0.21489882 -0.20685964 -0.24481578  0.1158467  -0.34525803  0.06830789\n -0.04444782  0.20465094 -0.04575908 -0.13943464 -0.46620644 -0.13078674\n -0.12785183  0.32631087 -0.14637372 -0.02213042 -0.12044837  0.23761095\n  0.03057359 -0.01710788]",
    "olfactory": "[ 1.98049731e-01  3.25776337e-01  1.60712891e-01  1.88298148e-02\n  3.17023985e-01 -2.47807738e-01 -3.23526905e-02 -3.32220801e-01\n -2.54440157e-01 -3.74545644e-01  9.08783568e-02  3.54447356e-01\n -2.75898058e-01  1.04051809e-01  6.51714889e-02 -2.72957832e-01\n -3.13796425e-01  2.11780153e-02 -3.53817047e-02 -7.87645099e-02\n  8.51783072e-02 -3.20748676e-02  3.92189394e-02 -1.53173603e-01\n -5.28792566e-02  3.39977846e-02  2.09577357e-04 -1.13704048e-01\n -3.08557968e-01 -4.31830295e-01]",
    "pheromonal": "[ 0.3985706  -0.20791838  0.12321447  0.2338601  -0.29899066 -0.18510859\n  0.27613611 -0.00508164 -0.01427073 -0.57175239 -0.17420639  0.01817712\n  0.24017565  0.02963146 -0.115606    0.14530054  0.12718201  0.35619567\n  0.10457585  0.40762558 -0.155859    0.01693959  0.47659511 -0.18489018\n  0.31830823 -0.10564484  0.27967564 -0.46087697 -0.42668432 -0.21702267]",
    "mechanosensory": "[ 0.14715191 -0.34584497  0.0507157  -0.232836   -0.10530893  0.07346076\n -0.04474046  0.2216622  -0.34031666  0.29678845  0.08719182 -0.07723683\n -0.00089863  0.09904511  0.29454896  0.08658106  0.08244603  0.14723697\n  0.02845797 -0.04793106 -0.05141927 -0.05469619 -0.06717613 -0.243323\n -0.00714463 -0.06113775  0.21642042 -0.35364912  0.11215923  0.11845511\n -0.02663504  0.10558002  0.05219     0.19028346  0.10069999  0.01073616\n  0.12744219 -0.04692471  0.1415859   0.15702164  0.01826285 -0.28489257\n  0.04243992 -0.13729268 -0.05099452 -0.22964008  0.16267212 -0.19484535\n -0.07965801 -0.25111649  0.00677347  0.13637882 -0.21741028 -0.0358204\n -0.05183937  0.08642363 -0.02020405 -0.069043    0.23320726 -0.11474972]"
  },
  "neural_activity": {
    "mushroom_body": [
      0.9573342550431373,
      0.5685218001748344,
      0.1532728767834156,
      0.440756085521535,
      0.4259028932173351,
      0.8065279792960456,
      0.735175839227128,
      0.5075710583125029,
      0.3182408848813949,
      0.1857101658658754,
      0.147293821091668,
      0.5144536606534947,
      0.45121488345427196,
      0.4906687440412314,
      0.9154397942576439,
      0.03221105435352989,
      0.5357325732152792,
      0.1382546922159048,
      0.36067250393003913,
      0.5332526610283069,
      0.8730295292421824,
      0.04063562036991242,
      0.7485949842136878,
      0.3405914174807766,
      0.18318381682710538,
      0.5600384713303344,
      0.1937550886838283,
      0.5397260475592325,
      0.5783223468361413,
      0.9653669883642755,
      0.4658507608321515,
      0.041218211917091296,
      0.9430155978024163,
      0.2674308460540551,
      0.7293295369440447,
      0.57561750059022,
      0.8256796537657,
      0.8151716530122752,
      0.5281132367497178,
      0.8266383224215215,
      0.7639307513444167,
      0.2648371836316852,
      0.5252438849384159,
      0.5541905466888357,
      0.37818191129782974,
      0.7450469935471635,
      0.2806576625628212,
      0.970184082071879,
      0.823677363336939,
      0.978073118620327,
      0.49119614886596097,
      0.6255023153178355,
      0.3681622586961123,
      0.27170809027288534,
      0.7049624491081308,
      0.9090151895400193,
      0.41775828586490404,
      0.6095412889618553,
      0.585938072687339,
      0.8930936343998793,
      0.9166908334120343,
      0.8584724743974405,
      0.4721485132611529,
      0.4807210850130702,
      0.966113607256765,
      0.14152773929286366,
      0.6864110737296917,
      0.8136470071682644,
      0.6496913523967113,
      0.8044161094802286,
      0.6584368982773874,
      0.7552418973233255,
      0.616923263713886,
      0.3417038976597814,
      0.3231289351313176,
      0.1544216935411289,
      0.7029083784993677,
      0.5724367368870931,
      0.2916010291694956,
      0.02198318626477036,
      0.1818806884802623,
      0.9196557994989446,
      0.6893228355088742,
      0.8528493442801934,
      0.33072324176447354,
      0.4919088973308279,
      0.9279620406010517,
      0.28301492112311355,
      0.076863264671996,
      0.21435225530737068,
      0.47425321392117226,
      0.3668784589614873,
      0.8654826015894379,
      0.22710319324722184,
      0.7957563775459994,
      0.5848636850024898,
      0.9513743724371871,
      0.09511916040574064,
      0.46089376742698995,
      0.027475684173515202
    ],