{
  "step": 20,
  "insect_id": "Fruit_Fly",
  "timestamp": 1753377433.961623,
  "sensory_input": {
    "visual": [
      1.2128294276479283,
      -0.33860055547398743,
      -1.3377782491040342,
      0.6345689604076014,
      -1.674395718307937,
      0.5846725655690876,
      -1.1509709684624583,
      1.8144954991930933,
      0.880676720946371,
      0.43868374626242956
    ],
    "olfactory": [
      -1.9707549217653255,
      1.1229053441434813,
      -0.4258595484205888,
      0.6037583700770649,
      0.10634167937719649
    ],
    "pheromonal": [
      0.8204719800692054,
      0.0762913921151283,
      -0.5129455322623906
    ],
    "mechanosensory": [
      -0.06837166800032733,
      -0.38789452109721245,
      0.48162631839604514,
      -0.911414778414146
    ]
  },
  "processed_output": {
    "visual": "[-1.95533549e-01 -1.25983479e-01 -5.48252240e-01 -3.61446589e-01\n  5.61426710e-01  3.68111429e-01  6.34279659e-01 -2.90674622e-03\n -2.43856718e-01 -2.50037461e-01  4.76920497e-01 -5.33374462e-01\n  1.71896066e-01 -3.26774523e-01 -2.16806382e-01  5.86450483e-01\n  4.59628780e-01 -4.06617448e-03 -5.83559649e-01  4.74494104e-02\n  2.98837502e-01 -2.88771128e-01  3.78350421e-01  6.08586025e-02\n  4.20266908e-01  1.20556325e-01 -4.61701741e-01 -1.44244264e-02\n -1.96516479e-01 -3.97894564e-02 -3.55568509e-01  6.31921237e-01\n -2.33161910e-02 -3.08231492e-01 -5.51326494e-01  3.83859850e-01\n -1.01997230e-02  3.93375307e-01  1.26815736e-01  4.78045471e-01\n  1.68045609e-01 -6.53992548e-01 -4.51725148e-01  1.16767506e-01\n  4.67321267e-01  5.04540406e-01  2.18932512e-01 -1.14007440e-01\n  5.55963864e-01 -6.44217449e-01 -2.28104666e-01 -5.15401226e-01\n  2.25469091e-01 -6.94541542e-01 -3.35686542e-01 -6.15209736e-04\n  2.97671969e-01 -8.24221508e-02  6.57498794e-01  1.06215091e-01\n -1.17530125e-01  1.34140052e-01 -2.08100083e-01 -2.13620736e-01\n -4.27636860e-02  1.40321104e-01 -3.79399603e-01  4.00768690e-01\n  4.73186278e-02 -1.98194939e-01  6.52049615e-01 -3.82221002e-01\n -5.64042378e-02  1.61003267e-01  5.59924219e-01  2.98420033e-01\n -2.77524911e-01 -1.58083587e-01 -3.58033602e-01  5.20649255e-01\n  1.86922399e-01  5.10490250e-01  1.55796492e-01 -2.25316493e-01\n -1.38129588e-01 -5.01227411e-02 -3.00699013e-01  4.21514320e-03\n -4.83922299e-02  5.05603632e-01 -3.17215171e-02  3.54734709e-01\n -1.66232301e-01  3.56430379e-01  3.69589993e-01 -1.44855162e-01\n -3.51718981e-01 -4.03772768e-01  9.34202558e-02  5.22381456e-01\n -5.99434913e-01  4.14129075e-01  1.16256134e-01 -2.57041153e-02\n -4.08410261e-01  1.49794405e-01  2.77681424e-01 -6.92960111e-02\n  3.24636620e-01 -3.72135920e-01 -4.55298753e-02 -4.75413380e-02\n  3.68348527e-01 -2.67083790e-01 -7.45331273e-02  2.70814662e-01\n  3.61142506e-01  3.31060540e-01 -3.09729493e-02 -7.22845544e-03\n -4.24942155e-01  3.90980999e-01 -1.30443682e-02 -2.75582505e-02\n -5.19761585e-01 -4.31607428e-01 -1.47410252e-01  3.16253384e-01\n  5.24359342e-01  3.10525362e-01  5.25172188e-01 -8.55937423e-02\n -1.20353886e-01  3.12310986e-01 -7.54525365e-02  4.59067119e-01\n -2.51486313e-01  1.89821917e-01 -5.56648199e-01  1.70584359e-01\n -3.02389011e-01  4.23283177e-01 -4.42477194e-02 -2.03943491e-01\n -5.85503939e-01  2.71108253e-01  4.23804597e-03 -4.20804097e-01\n -3.40392364e-01 -3.65778426e-01 -4.15655690e-02  2.22601894e-01\n -3.76879933e-01 -3.60497634e-01  2.74848605e-01  3.24100327e-01\n -5.50533909e-01 -5.87719523e-02  2.58762740e-01  2.87071076e-01\n  4.59137887e-01 -2.76109350e-01 -3.54036405e-01  3.14200069e-01\n  8.76823727e-02 -2.14907603e-01  1.77935477e-01  1.06662539e-02\n -1.56396550e-01  1.64448006e-01 -8.14986381e-02 -1.84583351e-01\n -2.16664207e-01  3.12220099e-01  2.43261471e-01 -2.67872707e-01\n -7.89065972e-02 -1.41906736e-01 -3.49973353e-02 -1.00955515e-01\n -2.99518853e-01  5.32353349e-01 -4.26557426e-01  3.77470431e-01\n -2.07561682e-02 -2.35599820e-01 -3.76132937e-01  5.19316814e-01\n -1.33304144e-01 -1.25389260e-01 -3.45230469e-01  7.37873580e-02\n -1.66895767e-01  2.44924873e-01  7.45809801e-02  4.51756386e-01\n  5.46649356e-01  6.69288903e-01 -2.04908929e-01 -2.01264395e-01]",
    "olfactory": "[ 0.30160191  0.28144073  0.187084    0.22843941  0.11403233 -0.21510378\n  0.03596348 -0.07289698 -0.04867284 -0.58444684 -0.08639118  0.26203973\n -0.18210701 -0.03934387  0.00741946 -0.12498502  0.01380358  0.29273664\n -0.13999493  0.18517747  0.01644457 -0.07351052  0.26037599 -0.25703528\n  0.28939012 -0.10777833  0.10517426 -0.2693646  -0.37852436 -0.41164848]",
    "pheromonal": "[-8.90528105e-02  1.38344003e-01  4.73541032e-03 -9.64718938e-03\n  1.75447904e-01  1.82757314e-02  7.49638897e-02  6.88092973e-02\n  4.65248400e-02  2.10996105e-01  2.72476081e-02 -3.28067601e-02\n -3.38124601e-02 -6.18212231e-02  1.23827263e-01 -1.37315470e-01\n  2.98262432e-04 -1.81266846e-01 -7.95806728e-03 -1.33652320e-01\n  1.53119812e-02 -1.23785499e-01  1.43442105e-04 -2.98352567e-02\n -1.28882812e-01 -3.59930040e-02 -1.01889671e-01  1.11949063e-01\n  1.77165467e-01  7.28077463e-02]",
    "mechanosensory": "[ 0.12889636 -0.13062757 -0.00543513  0.04753999 -0.12440684 -0.02629921\n  0.10481938  0.04731311 -0.1949851  -0.05619292  0.14836443 -0.07459933\n  0.03849933  0.13916882 -0.06203105  0.03374349  0.02922033  0.17156905\n -0.12481338 -0.04801097 -0.00330843  0.18560452  0.03313018 -0.22430277\n -0.07757574  0.11592478  0.06631377 -0.26701896  0.06826761 -0.05945167\n -0.11676556 -0.00296425  0.13756901 -0.03908463 -0.02336921  0.02571852\n  0.12869299  0.06984539  0.05469571 -0.09158768 -0.06565178  0.00261212\n  0.04347538 -0.13223163  0.21943132 -0.21613674  0.02892428 -0.08217092\n -0.08362678 -0.11021138  0.15044679 -0.03181767 -0.05733843  0.07723575\n  0.05052694  0.12441017 -0.04320375 -0.11715175  0.17280924 -0.18531177]"
  },