{
  "step": 94,
  "insect_id": "Honeybee",
  "timestamp": 1753377493.5294015,
  "sensory_input": {
    "visual": [
      0.4883585498317121,
      -0.8833062051777311,
      0.9931042380894829,
      -0.8154496858196509,
      0.047532290802359455,
      -0.11928728541301302,
      1.30152331110607,
      0.8200366580623577,
      -1.283912515874961,
      -0.5760051615046723
    ],
    "olfactory": [
      0.5311720489609103,
      -0.7638027593036631,
      0.14817239132342772,
      -0.5078392176933623,
      0.9186299731891472
    ],
    "pheromonal": [
      -1.71091789190473,
      -0.100026693670329,
      0.6211072171590057
    ],
    "mechanosensory": [
      -0.5219646884577752,
      -0.2553319500376951,
      -0.13659933997298676,
      -1.393907996960386
    ]
  },
  "processed_output": {
    "visual": "[-0.07341327 -0.23373628  0.29293488  0.21625563 -0.01746452 -0.06753002\n  0.0577603   0.13586914 -0.01584137  0.01220264 -0.25146157 -0.42423436\n  0.28684578 -0.31973482 -0.06901757  0.24134001  0.3038882  -0.02195573\n  0.56932477 -0.48578624 -0.3850659   0.18752947  0.04840769  0.02554491\n  0.41808038  0.28117733  0.20718799 -0.2834504  -0.407104   -0.22491941\n  0.02841205 -0.37023003 -0.04216553 -0.01935611  0.33063217  0.58669866\n  0.08746311  0.0110542  -0.08822384 -0.00959839 -0.13228476 -0.08818651\n  0.11991337  0.010162   -0.22851161  0.21332545 -0.06697865 -0.18648293\n -0.23764963 -0.21007769  0.0356709  -0.14188658  0.10952084 -0.38276447\n -0.31664949  0.3395628  -0.15199293 -0.06483156 -0.11904132  0.01221984\n  0.06260676  0.01629957 -0.15489173 -0.35716865  0.06378959 -0.18793162\n  0.42975255  0.39332485 -0.27869044 -0.22230058  0.00580378 -0.33915648\n  0.15054482 -0.26212777 -0.61010497  0.32100662 -0.322616    0.00948887\n  0.09290608 -0.18829204 -0.05364725  0.09332661 -0.05502315 -0.11803226\n -0.25815715  0.19874341  0.0646855   0.02879801  0.07073929  0.26417299\n  0.0659822  -0.2690324  -0.19098177 -0.19115833  0.12389599  0.15330346\n -0.3300979  -0.29157508 -0.40066013  0.38165144  0.30348054 -0.12723467\n  0.11502379 -0.12387495 -0.20145685 -0.11796513  0.06443732 -0.55800305\n  0.19404999 -0.05668094  0.20916979 -0.04737264 -0.10945815 -0.20979834\n -0.12764794  0.29774283 -0.05710179 -0.03617374 -0.01144167  0.38578829\n -0.2824289   0.1616795  -0.10965072  0.22394223 -0.21792641 -0.32474181\n -0.0426673  -0.17043905 -0.20010062  0.04893421  0.37520431 -0.0243893\n  0.04722885  0.12081792 -0.02055253  0.1207068  -0.15227903 -0.15795752\n -0.05174222  0.10827427  0.10308378 -0.02581338  0.28443338 -0.33859495\n -0.26950516  0.17145892 -0.22189727  0.19177992  0.26291185  0.38570464\n -0.22386276  0.12902012  0.16644898 -0.17596522 -0.17895064 -0.01428382\n -0.16279289 -0.02740986 -0.0106429   0.22214912 -0.04040552 -0.05195285\n -0.12439232 -0.05413263 -0.14859985 -0.1031195   0.07250576  0.37935436\n  0.0389375   0.29492439  0.05431461 -0.03275642 -0.29912741 -0.28783765\n -0.0327574   0.04521857  0.42004514  0.51781932  0.3405693   0.10732762\n  0.50737082 -0.06125356 -0.07331376  0.17220892  0.13432529  0.37465264\n  0.13549445 -0.26406767  0.02145297 -0.0317479  -0.08213348  0.33810224\n  0.25143373 -0.17452956 -0.08140693 -0.22638001 -0.24502995 -0.45186315\n  0.25790765 -0.03144378]",
    "olfactory": "[-0.23646717 -0.10190907 -0.08879675  0.02436661  0.02396632  0.06464465\n  0.10163032  0.14619104 -0.14652225  0.20260897 -0.33219175 -0.12459315\n  0.07577165  0.07904025  0.05974738  0.23438243 -0.11176883  0.096525\n -0.12388599 -0.16564828  0.04984496  0.11664778  0.0777839  -0.1162924\n -0.13885847 -0.12961921  0.0998366  -0.04624548  0.2408995   0.11261395]",
    "pheromonal": "[-0.08632301  0.25498831  0.06169318  0.23748117 -0.07692907  0.33799403\n  0.0591003  -0.0244424   0.16276253 -0.16092964 -0.03780389  0.12350083\n  0.17868781 -0.05603583 -0.14553608 -0.31969518 -0.04528712 -0.06932936\n  0.17508807  0.26250566 -0.07024566 -0.16629501  0.10297745  0.16438439\n -0.13886089 -0.04916297 -0.04113399  0.03956336 -0.35869182  0.07153106]",
    "mechanosensory": "[ 0.025419    0.13025929  0.01581342  0.24569847 -0.02901338  0.05732204\n -0.00958802 -0.07989706  0.12118821 -0.06781897 -0.03758502  0.34494696\n -0.19774605  0.03336041  0.14993011 -0.01772381  0.08207663 -0.14416557\n  0.17917216  0.11844267 -0.09478335 -0.12209465 -0.25978157 -0.05431213\n  0.08191595  0.11733098 -0.16350027  0.04473196  0.05112127  0.1780843\n  0.15264261 -0.16188662 -0.17791758 -0.08684927 -0.11973132  0.01876629\n  0.09179653  0.0495435   0.08805107 -0.09917036  0.05272586 -0.40865308\n  0.01514483  0.10574927 -0.0365072   0.13482532 -0.21854659 -0.26477732\n -0.00942651 -0.24922785  0.12293284 -0.06467463 -0.02294821  0.13077521\n -0.09701909 -0.01327613  0.13956493  0.02843673  0.02112008  0.20059424]"
  },
  "neural_activity": {
    "mushroom_body": [
      0.12635954055289922,
      0.6510662603041527,
      0.6627929837081565,
      0.9059514415899972,
      0.694024905970108,
      0.13032535785611132,
      0.6785700910874193,
      0.25181423548906845,
      0.9354434499568303,
      0.9820695225306735,
      0.35894562736900226,
      0.09852715118231181,
      0.294853150261539,
      0.7462912346894797,
      0.7870932401371551,
      0.07062982415768515,
      0.48313936540704683,
      0.6622209359526908,
      0.115399259873879,
      0.6872873456110286,
      0.6981114122053442,
      0.504124699964496,
      0.8683273200191458,
      0.7166708401294236,
      0.6182749276751418,
      0.6232014757378306,
      0.39529436063508416,
      0.38233751371397573,
      0.7167883560053652,
      0.44552297638641014,
      0.9047130954552666,
      0.021405918043153394,
      0.7727889117003455,
      0.6159269939967781,
      0.06738501744015668,
      0.32597272676736,
      0.3087168672643883,
      0.9038271378155378,
      0.23784856178197233,
      0.18904989841550568,
      0.2210457214133057,
      0.848521080227047,
      0.3413897391223164,
      0.9617188178997028,
      0.787246394196182,
      0.10829421222201396,
      0.6481604816985572,
      0.7469217894494218,
      0.03391105392878513,
      0.15653537504224724,
      0.9992419020899515,
      0.6853055751030905,
      0.25484180859629757,
      0.9989993979407218,
      0.6524217395054385,
      0.6347337365749102,
      0.744143846619154,
      0.5150140806392638,
      0.7356517947329767,
      0.6376489951475847,
      0.45323207581238756,
      0.37210842438874125,
      0.7037428860280608,
      0.23895712561486693,
      0.5940955300660384,
      0.9945112193658604,
      0.707620198578572,
      0.9534313058612712,
      0.7114461577312933,
      0.4395467057289705,
      0.49249444180522495,
      0.06731022572559242,
      0.27550073951848686,
      0.8881137570119427,
      0.8104454683630198,
      0.58025781616706,
      0.5300344472969072,
      0.07180701688387292,
      0.3757757212457067,
      0.300809054944117,
      0.8118121304991793,
      0.8542922211831256,
      0.9187886496881005,
      0.9817062663157549,
      0.5612733835334486,
      0.2686584688003274,
      0.5043663782398784,
      0.18781304522437448,
      0.71123547918031,
      0.2222548857108344,
      0.5264317813777212,
      0.9750138797195244,
      0.07515074344946227,
      0.2914045013201676,
      0.7958427234065533,
      0.45715523003574077,
      0.5492189810560055,
      0.28384337953527417,
      0.4591770410905638,
      0.27511237675800737
    ],