{
  "step": 87,
  "insect_id": "Honeybee",
  "timestamp": 1753377493.4465578,
  "sensory_input": {
    "visual": [
      0.6311984922081344,
      0.28700579409174437,
      -0.6336729846928058,
      0.41071389894942584,
      -1.0318279960666317,
      -0.3558656152310268,
      0.839647127179589,
      0.048075799784745465,
      0.38412330337034073,
      0.8384407065566941
    ],
    "olfactory": [
      1.2355657062292755,
      0.8462652326400463,
      0.23505655428813194,
      -1.5619292496431336,
      0.9794847539324043
    ],
    "pheromonal": [
      -0.6554901170075423,
      -0.3140391958804437,
      -0.02031400245331647
    ],
    "mechanosensory": [
      0.965953261983596,
      1.1915057563775462,
      -0.8871452697002776,
      -0.3207715380334678
    ]
  },
  "processed_output": {
    "visual": "[ 0.02951288 -0.09320384 -0.13762582 -0.03835813 -0.12284802  0.15534762\n  0.20897677 -0.08164189 -0.02077089 -0.12299993  0.06483541  0.27621298\n -0.33221391 -0.37815117 -0.10307057  0.17018846 -0.17367883  0.05084215\n -0.13383262  0.05567027  0.24692778 -0.16472474 -0.13690466 -0.16355291\n -0.32806483  0.14264006 -0.27760086  0.02939219  0.31751271  0.22948144\n  0.15436069 -0.04265241 -0.05799436  0.1369051   0.17658461  0.24865818\n  0.17963596 -0.26503782  0.24613517  0.14850213 -0.0050262   0.1609537\n -0.27069243 -0.08350918  0.05093127  0.09786234 -0.08240244  0.00952977\n  0.02481378  0.25848175  0.01460888 -0.21575267  0.08746595 -0.23230245\n  0.17028855  0.23641633  0.14068418  0.25296035 -0.01005971  0.10158647\n -0.0499583  -0.21331683  0.24376104 -0.30800068  0.36604665 -0.0800255\n -0.17825552  0.02003978  0.13845309  0.09583576 -0.04626155 -0.13383483\n -0.28558164  0.28415084 -0.2502174  -0.00562404 -0.10220171 -0.24931341\n  0.07681079  0.02148476  0.20736297  0.01310299 -0.07365178  0.15418468\n  0.07418261  0.02448729  0.22211176 -0.00779501 -0.18362504  0.1425454\n -0.11744726 -0.20580475 -0.01791101 -0.05250032  0.09033448 -0.2648371\n  0.13746246  0.37659566  0.20009113 -0.33209712 -0.01249104 -0.15693011\n -0.31580734  0.17364696  0.11536026  0.073489   -0.04549972  0.07104456\n -0.05232099 -0.03390827 -0.20708689  0.0039199   0.30579719 -0.13311777\n  0.15063899 -0.30705222  0.11422006  0.17357009  0.16488331 -0.42330009\n -0.25988946  0.12667446  0.07648651  0.11613051 -0.02980043  0.30777386\n  0.28132282 -0.08279803  0.2777903   0.06284167  0.05343584 -0.14603778\n -0.21499334  0.02462194  0.09670413 -0.0506903  -0.07773846  0.16827116\n -0.17850249  0.16331272  0.26977077  0.37074409  0.09139264  0.19465918\n  0.01415673  0.15371342 -0.15196099 -0.04525469 -0.11149481 -0.09865585\n -0.14978097  0.12562614  0.11938164  0.13040041 -0.0084442   0.37172682\n -0.11676895  0.07591757  0.0613305   0.01521707  0.20132821 -0.08656548\n  0.07630857  0.02484255  0.22352729  0.08151135  0.23173247 -0.07716166\n -0.13255631  0.01091781 -0.18622702  0.108127    0.41903345  0.22491597\n  0.17148222 -0.14022362  0.25273288 -0.09081229 -0.25021718 -0.02969386\n  0.00566724  0.04999589  0.04828636 -0.2486847  -0.32506928  0.31268406\n  0.35710016 -0.19699031 -0.18044681  0.11270949  0.23880709 -0.02692307\n -0.05903604  0.37466459  0.05385344 -0.05290178 -0.14112824 -0.01493349\n -0.10468431 -0.22563851]",
    "olfactory": "[-0.39594789 -0.40541648  0.07845888 -0.20238047  0.34142094 -0.10598932\n -0.09561134  0.34952714 -0.0364686  -0.0363902  -0.12853708  0.1531304\n -0.07719468  0.12449521 -0.0846373   0.15417447 -0.14365799  0.26052355\n  0.18862422 -0.23699159  0.10589861 -0.00188383 -0.13320162 -0.28165275\n  0.36830358 -0.01331779  0.17997732 -0.38173491  0.26290944  0.03160657]",
    "pheromonal": "[-0.00607812  0.07571817 -0.03472943  0.12413697  0.02140492  0.12917955\n  0.00803309 -0.01932636 -0.02691405 -0.00560896 -0.03095004 -0.02675292\n  0.09248189 -0.05726995  0.01584348 -0.0904338  -0.00531227 -0.01898841\n  0.00429174  0.02455343 -0.01211283 -0.07958056  0.09829242  0.04459008\n -0.06150567 -0.04671049 -0.01893864  0.07613326 -0.10673106  0.05429396]",
    "mechanosensory": "[-0.17557504  0.09081086 -0.08538702 -0.14912261 -0.02209344  0.21505518\n -0.17499536  0.15211287 -0.31624488 -0.13905295  0.14650209 -0.13841744\n  0.13793398  0.2599265   0.11586673 -0.00056399  0.04860108 -0.0930546\n  0.0008718   0.0446385   0.08143204  0.26754208  0.04320408 -0.02793371\n  0.0448803  -0.08198553  0.03417478 -0.15178471 -0.14602106  0.03995589\n -0.00840652  0.51346603 -0.09921744  0.35210611  0.13253999  0.00943566\n -0.21364098 -0.4165598  -0.23602873 -0.01943199  0.10220674  0.01581847\n -0.1192621  -0.39725715  0.01988395 -0.0461838  -0.07986058 -0.1181299\n  0.02705976  0.0682946  -0.1991033  -0.06501257 -0.07703937 -0.00524225\n  0.14137095  0.11388891  0.1851147   0.2186219   0.04791847 -0.07681326]"
  },
  "neural_activity": {
    "mushroom_body": [
      0.12635954055289922,
      0.6510662603041527,
      0.6627929837081565,
      0.9059514415899972,
      0.694024905970108,
      0.13032535785611132,
      0.6785700910874193,
      0.25181423548906845,
      0.9354434499568303,
      0.9820695225306735,
      0.35894562736900226,
      0.09852715118231181,
      0.294853150261539,
      0.7462912346894797,
      0.7870932401371551,
      0.07062982415768515,
      0.48313936540704683,
      0.6622209359526908,
      0.115399259873879,
      0.6872873456110286,
      0.6981114122053442,
      0.504124699964496,
      0.8683273200191458,
      0.7166708401294236,
      0.6182749276751418,
      0.6232014757378306,
      0.39529436063508416,
      0.38233751371397573,
      0.7167883560053652,
      0.44552297638641014,
      0.9047130954552666,
      0.021405918043153394,
      0.7727889117003455,
      0.6159269939967781,
      0.06738501744015668,
      0.32597272676736,
      0.3087168672643883,
      0.9038271378155378,
      0.23784856178197233,
      0.18904989841550568,
      0.2210457214133057,
      0.848521080227047,
      0.3413897391223164,
      0.9617188178997028,
      0.787246394196182,
      0.10829421222201396,
      0.6481604816985572,
      0.7469217894494218,
      0.03391105392878513,
      0.15653537504224724,
      0.9992419020899515,
      0.6853055751030905,
      0.25484180859629757,
      0.9989993979407218,
      0.6524217395054385,
      0.6347337365749102,
      0.744143846619154,
      0.5150140806392638,
      0.7356517947329767,
      0.6376489951475847,
      0.45323207581238756,
      0.37210842438874125,
      0.7037428860280608,
      0.23895712561486693,
      0.5940955300660384,
      0.9945112193658604,
      0.707620198578572,
      0.9534313058612712,
      0.7114461577312933,
      0.4395467057289705,
      0.49249444180522495,
      0.06731022572559242,
      0.27550073951848686,
      0.8881137570119427,
      0.8104454683630198,
      0.58025781616706,
      0.5300344472969072,
      0.07180701688387292,
      0.3757757212457067,
      0.300809054944117,
      0.8118121304991793,
      0.8542922211831256,
      0.9187886496881005,
      0.9817062663157549,
      0.5612733835334486,
      0.2686584688003274,
      0.5043663782398784,
      0.18781304522437448,
      0.71123547918031,
      0.2222548857108344,
      0.5264317813777212,
      0.9750138797195244,
      0.07515074344946227,
      0.2914045013201676,
      0.7958427234065533,
      0.45715523003574077,
      0.5492189810560055,
      0.28384337953527417,
      0.4591770410905638,
      0.27511237675800737
    ],