{
  "step": 61,
  "insect_id": "Honeybee",
  "timestamp": 1753377473.6394348,
  "sensory_input": {
    "visual": [
      -1.4115385178767004,
      -0.07386108528322154,
      0.5512700199039486,
      -0.12499856606428604,
      0.5336467142502946,
      0.28025423715481507,
      -0.22834019559664634,
      0.28622641573247953,
      0.7846996102734445,
      -0.6353621133397934
    ],
    "olfactory": [
      -0.20494706984886507,
      -0.2827360457176314,
      2.6307768555296183,
      -1.8685030196284105,
      -1.3812176351725096
    ],
    "pheromonal": [
      0.306827486761005,
      -0.6541775289493896,
      -2.333197325676604
    ],
    "mechanosensory": [
      -0.5610657563384714,
      0.8948081357993344,
      -0.43086329880298374,
      -1.3538604110992811
    ]
  },
  "processed_output": {
    "visual": "[-0.17453073  0.04024494  0.11744339 -0.0511869  -0.00179175  0.15448025\n -0.34840169  0.20964345  0.04591629 -0.10736949  0.0289241  -0.13856009\n  0.42005255  0.39484317  0.19813977 -0.16191035  0.09790281 -0.26155355\n  0.14922345  0.06908982 -0.08489813 -0.04159455  0.14847071 -0.01256297\n  0.26283685  0.08112007  0.16472422  0.25140599 -0.43347373  0.02815382\n  0.0348735   0.1151972   0.13632331 -0.23432745 -0.2459108  -0.32857981\n -0.1492516   0.38339043 -0.33185004 -0.09555611  0.04873962 -0.04310415\n  0.0576807  -0.05689799 -0.08472364 -0.0234667   0.08441884  0.1046057\n -0.18216392 -0.02130835  0.12837269  0.3197503   0.12492003  0.10925479\n  0.07864745 -0.09565681 -0.21367988 -0.17950803  0.0294404  -0.17186936\n  0.18651628 -0.02211814  0.17472207  0.47690231 -0.14241538  0.05403808\n  0.18582889 -0.07487516 -0.40603734 -0.16126003 -0.16717824  0.06085539\n  0.14007096 -0.10131566  0.14723029  0.11765845  0.30095796  0.36561981\n -0.38398338  0.03110924 -0.18753848 -0.17870239  0.24030161 -0.05611887\n -0.15139329 -0.36193028 -0.15187321 -0.22987689 -0.15386689 -0.21786771\n  0.0285033   0.14612486 -0.10076719  0.15739688 -0.34784229  0.39574027\n  0.03437653 -0.43200011  0.2396032   0.03851301  0.11724312  0.31729936\n -0.03726162 -0.05704229 -0.029095    0.09539426 -0.29454265  0.04870209\n  0.00340335 -0.01758255  0.02103613  0.0300001  -0.22809782  0.26214839\n -0.31709164  0.43422532 -0.10510941 -0.1874483   0.0849106   0.18781663\n  0.23363702 -0.18157275  0.0878946  -0.30030567  0.03222417 -0.18442505\n -0.19122507  0.17613863 -0.32771011 -0.22508747 -0.27466136 -0.0572815\n -0.09415855  0.25938962  0.07547077  0.16882621  0.32204139  0.25897369\n  0.15195869 -0.03932201 -0.19363665 -0.2821216  -0.10574162  0.08037591\n -0.24440547  0.01416927  0.25578137 -0.01504146 -0.01326495 -0.09998972\n  0.22443408  0.0797382  -0.10692018 -0.10098003  0.0563933  -0.37307987\n -0.12831268  0.13352389  0.08856149 -0.20265211 -0.10558422  0.2489695\n -0.04727888  0.13489613 -0.02054577 -0.19952391  0.03054293  0.03554784\n  0.24999964 -0.4249638   0.37823105  0.11787425 -0.33802515  0.19246449\n -0.11414862  0.29196269 -0.29221761 -0.1980138   0.04863062 -0.02443903\n  0.27418529  0.08072403  0.01676313 -0.07646742  0.37369285 -0.38566134\n -0.10774946  0.04690074  0.00793927  0.11940047 -0.14917223 -0.10216482\n  0.22834266 -0.38070609 -0.00360441 -0.1436386   0.27074601  0.1590442\n -0.11559142  0.08106884]",
    "olfactory": "[-0.37066761 -0.0882799   0.21959143  0.5934515  -0.16278663  0.42297708\n -0.26920246  0.12142977  0.28269127 -0.02772211 -0.39690436  0.74349286\n -0.33260555  0.03683898 -0.57471702  0.12701845  0.31386365  0.33581662\n  0.54953714  0.1330046   0.1435498   0.19456849  0.16657322  0.0917516\n  0.1059216  -0.24735454  0.15510624 -0.48471323  0.38724575 -0.37211245]",
    "pheromonal": "[ 0.25172286 -0.28830829 -0.31128831 -0.07081276  0.50409293 -0.25289529\n -0.18484328 -0.0256952  -0.51022137  0.18838133  0.21530083 -0.47272907\n  0.11435361 -0.24594556  0.48637888  0.10107099  0.03671343  0.03872665\n -0.3373729  -0.50123372  0.085561   -0.2410281   0.2133237  -0.20399754\n  0.25890929 -0.02351432 -0.04372398  0.33303958  0.10218222  0.17550314]",
    "mechanosensory": "[ 0.0459532   0.22470623 -0.08736875  0.15150526  0.02424347  0.22869119\n -0.22589619  0.03188691  0.15130308 -0.16028477 -0.05297898  0.27440695\n -0.29134198  0.23877077  0.17228238  0.09176858 -0.09670308 -0.12461222\n  0.19180663  0.22737015 -0.11663222 -0.00537473 -0.1597521   0.13605036\n  0.11178715 -0.01174558 -0.14949721  0.00589255  0.24180727  0.12452217\n  0.10025358  0.13249106 -0.31141087  0.11356136 -0.09633683  0.21358592\n -0.04483467 -0.14115216 -0.02443888 -0.14678141  0.15614614 -0.2435009\n -0.09753382 -0.02124136  0.00456474  0.09359684 -0.38334915 -0.30621414\n  0.02701785 -0.22282491 -0.02838784 -0.05506904 -0.17587274  0.11182505\n  0.08768789  0.01010064  0.21994578  0.08538174  0.03988079  0.22600077]"
  },
  "neural_activity": {
    "mushroom_body": [
      0.12635954055289922,
      0.6510662603041527,
      0.6627929837081565,
      0.9059514415899972,
      0.694024905970108,
      0.13032535785611132,
      0.6785700910874193,
      0.25181423548906845,
      0.9354434499568303,
      0.9820695225306735,
      0.35894562736900226,
      0.09852715118231181,
      0.294853150261539,
      0.7462912346894797,
      0.7870932401371551,
      0.07062982415768515,
      0.48313936540704683,
      0.6622209359526908,
      0.115399259873879,
      0.6872873456110286,
      0.6981114122053442,
      0.504124699964496,
      0.8683273200191458,
      0.7166708401294236,
      0.6182749276751418,
      0.6232014757378306,
      0.39529436063508416,
      0.38233751371397573,
      0.7167883560053652,
      0.44552297638641014,
      0.9047130954552666,
      0.021405918043153394,
      0.7727889117003455,
      0.6159269939967781,
      0.06738501744015668,
      0.32597272676736,
      0.3087168672643883,
      0.9038271378155378,
      0.23784856178197233,
      0.18904989841550568,
      0.2210457214133057,
      0.848521080227047,
      0.3413897391223164,
      0.9617188178997028,
      0.787246394196182,
      0.10829421222201396,
      0.6481604816985572,
      0.7469217894494218,
      0.03391105392878513,
      0.15653537504224724,
      0.9992419020899515,
      0.6853055751030905,
      0.25484180859629757,
      0.9989993979407218,
      0.6524217395054385,
      0.6347337365749102,
      0.744143846619154,
      0.5150140806392638,
      0.7356517947329767,
      0.6376489951475847,
      0.45323207581238756,
      0.37210842438874125,
      0.7037428860280608,
      0.23895712561486693,
      0.5940955300660384,
      0.9945112193658604,
      0.707620198578572,
      0.9534313058612712,
      0.7114461577312933,
      0.4395467057289705,
      0.49249444180522495,
      0.06731022572559242,
      0.27550073951848686,
      0.8881137570119427,
      0.8104454683630198,
      0.58025781616706,
      0.5300344472969072,
      0.07180701688387292,
      0.3757757212457067,
      0.300809054944117,
      0.8118121304991793,
      0.8542922211831256,
      0.9187886496881005,
      0.9817062663157549,
      0.5612733835334486,
      0.2686584688003274,
      0.5043663782398784,
      0.18781304522437448,
      0.71123547918031,
      0.2222548857108344,
      0.5264317813777212,
      0.9750138797195244,
      0.07515074344946227,
      0.2914045013201676,
      0.7958427234065533,
      0.45715523003574077,
      0.5492189810560055,
      0.28384337953527417,
      0.4591770410905638,
      0.27511237675800737
    ],