{
  "step": 66,
  "insect_id": "Ant",
  "timestamp": 1753377473.7082596,
  "sensory_input": {
    "visual": [
      -0.3900326938197487,
      -0.7700103598042448,
      0.4890159030819666,
      -0.749978394438916,
      -1.8387066446902374,
      -1.6597585516402817,
      0.4636121903032245,
      0.07558119383011867,
      0.94921275645983,
      0.6668698680528996
    ],
    "olfactory": [
      -0.21937280534441211,
      0.5809273372703949,
      -0.16558240127334534,
      2.512121127822852,
      -0.5459447466522906
    ],
    "pheromonal": [
      0.688370068386831,
      -0.556751256014338,
      0.5504136635780961
    ],
    "mechanosensory": [
      -0.3855295440246515,
      1.9193800463573554,
      -0.9016252731488015,
      1.1618842596001107
    ]
  },
  "processed_output": {
    "visual": "[ 0.19375725  0.01069051  0.32544075 -0.17300024  0.5089751  -0.35070507\n  0.223426    0.02268694  0.34063214 -0.19200341 -0.10980249  0.44981743\n  0.34688811 -0.05356168 -0.0838152  -0.11070866  0.41667704 -0.17304205\n  0.24731536  0.3256187  -0.12648372 -0.53621019  0.14421554 -0.06051505\n  0.34230458  0.11923422  0.0873431   0.16812564 -0.03142533 -0.17760694\n  0.04327155  0.40533405 -0.05204886 -0.05606705  0.30154737 -0.1261082\n -0.01897724  0.05882685 -0.38427492 -0.09482186  0.64782442 -0.19566431\n  0.2710678   0.0955834  -0.40400518  0.06662277  0.28915135 -0.12195015\n -0.26645052  0.24991502  0.31998153 -0.26207785  0.16365223  0.06472825\n -0.67973067 -0.22994732  0.33272408 -0.12273681 -0.40592191 -0.01450004\n -0.04561341 -0.05595676  0.2338672  -0.3680249   0.05844169  0.09847785\n -0.12970963 -0.59740465 -0.4947118  -0.28924498  0.10177472  0.20750796\n  0.31138304 -0.09279036  0.32245722 -0.5363828  -0.35223368  0.07450518\n  0.25073106  0.39916472  0.16801506 -0.24618874  0.28961767 -0.17440404\n  0.07150088 -0.21925319  0.39746928 -0.13321633 -0.04241028  0.05412731\n  0.09437219 -0.27509685  0.05178211 -0.01762222  0.49112236 -0.08564756\n -0.03155686 -0.1518082  -0.21633344 -0.08666715 -0.29953972 -0.19095783\n -0.02096597 -0.31173738 -0.19923472  0.2641624  -0.35904561 -0.13445385\n -0.18627682 -0.08493018  0.26598914  0.3331424  -0.04475189 -0.56312245\n  0.12119986 -0.09327019  0.11636091 -0.06825844  0.37580358 -0.00811957\n  0.19359962  0.09062446  0.34555479  0.46161571  0.02005289  0.04549499\n -0.47230232  0.58608744 -0.0012498  -0.36245436  0.11138565 -0.42689114\n  0.21378336  0.04929592 -0.46628631  0.42336711  0.43199439  0.19040245\n  0.26765164  0.49610518  0.1274327  -0.24755511  0.47968792 -0.41884634\n  0.04484201  0.16339787  0.14083151  0.01456752  0.19953343 -0.14058331\n -0.65192768 -0.53953041 -0.11262811 -0.30707737  0.30066668 -0.26079417\n -0.31020944 -0.46330822 -0.1633726   0.04884483  0.19945577  0.36935296\n -0.03853226  0.06939126  0.10333294  0.23000637 -0.18174939  0.26449592\n  0.1952904   0.11843324  0.43083968  0.00148036 -0.34846234 -0.2186909\n -0.10128918  0.23534556  0.30754522 -0.28759667 -0.01645082 -0.32937023\n -0.39455768 -0.39955467  0.23750236  0.19590563 -0.20495357  0.42328638\n  0.16172317  0.21848397  0.30554874  0.1488612  -0.02756049  0.02765993\n -0.23392356  0.38714018  0.31505459 -0.01001175  0.24723119  0.54165101\n -0.35999389 -0.48417279]",
    "olfactory": "[-0.42114344  0.41280576  0.26572503 -0.32706121  0.03085419 -0.00583754\n  0.33633971 -0.23216018 -0.19756251  0.34857167 -0.10377783  0.00086618\n  0.34222972 -0.25287979  0.28385812  0.24563265  0.09375545  0.25368103\n  0.31698171 -0.21407977 -0.49630928  0.2473947  -0.26587188  0.04844064\n -0.07173062  0.38046393  0.14980689  0.01059129 -0.13184005 -0.22561822]",
    "pheromonal": "[ 0.15769983 -0.16368941 -0.07672032  0.16240488 -0.13660268 -0.03430773\n -0.04733332  0.09019956 -0.04622743 -0.04836206 -0.01363465  0.11712149\n  0.00221758  0.15699012 -0.05652841  0.15052416 -0.20073844  0.03208446\n  0.00033941  0.00355355 -0.15323747  0.04082538 -0.01229326  0.06474885\n  0.11593525  0.10795391  0.03547315 -0.00312686 -0.08115594  0.02742613]",
    "mechanosensory": "[ 0.37258529 -0.22240506  0.19077394  0.28845014 -0.21815698 -0.33254111\n -0.0646892  -0.03241712  0.08222112  0.11712248 -0.0658255  -0.18933172\n -0.20371444 -0.13636598 -0.02937734  0.27788485 -0.21012672 -0.42115492\n  0.36246544  0.10112167  0.11010274  0.21456968  0.29097336 -0.01588163\n  0.1295916  -0.06987271  0.17380472  0.25723175  0.3892982   0.27338802\n -0.12225272  0.21333375 -0.31127403  0.43759591 -0.16199881 -0.4949143\n -0.17817047 -0.14932388  0.25869004 -0.38148633  0.02928169 -0.20352315\n -0.20973075 -0.08308243  0.26073393  0.11992751  0.30665994  0.14090837\n -0.01790109  0.13481332  0.07556141 -0.18127986 -0.11020267  0.02153126\n -0.36321351 -0.11300573 -0.29708572  0.22791907  0.15609666  0.225976  ]"
  },
  "neural_activity": {
    "mushroom_body": [
      0.4924007237947772,
      0.14693464607642892,
      0.767210702383254,
      0.6248820631260946,
      0.9864482839136465,
      0.33642038262559837,
      0.4422341246408278,
      0.9350583906263176,
      0.8758108280827299,
      0.364067756289724,
      0.02099672115939233,
      0.3653858631904884,
      0.8151629850456615,
      0.6140212660019688,
      0.32891618603502437,
      0.18893806693942827,
      0.7905736907455317,
      0.49916065962944123,
      0.19717420637235406,
      0.9213049964468009,
      0.447226947943287,
      0.7632966728025157,
      0.8032316000008118,
      0.5535376916288629,
      0.07895300729288246,
      0.37207011325454553,
      0.17281634483101527,
      0.9955464920855303,
      0.7331206509221954,
      0.5386381999688542,
      0.39924139702265893,
      0.2069417262349741,
      0.18638278300294076,
      0.5276332937882693,
      0.6015984856107799,
      0.738477463568368,
      0.012070075146157544,
      0.39691921306107414,
      0.9742478701988332,
      0.24929524690375904,
      0.2769088846934247,
      0.5292959918493957,
      0.07966113583142909,
      0.21578219897423678,
      0.7698762304225306,
      0.28290490199427065,
      0.9405319902264295,
      0.6002708120426894,
      0.45739250176265134,
      0.4463890668275149,
      0.9356395009266144,
      0.2565397437437217,
      0.45391089141763574,
      0.6693230026315135,
      0.02617703582476605,
      0.02531896787827681,
      0.5251034861530219,
      0.7031803637078137,
      0.058529304862222964,
      0.01939748304062039,
      0.5974268143442467,
      0.12381889677257696,
      0.6523379317512753,
      0.9321946265931902,
      0.591086092657511,
      0.1240378689225623,
      0.9362653987395712,
      0.5070649457786084,
      0.0919345703443104,
      0.7666644812076299,
      0.08779127460972835,
      0.33673866917057105,
      0.5896370886961854,
      0.2909284330490943,
      0.7323145070044182,
      0.7236888826592979,
      0.5710198786593059,
      0.7176901664961559,
      0.24203636076752333,
      0.41260492944946736,
      0.8738631246179162,
      0.4024116122514887,
      0.24035654060282785,
      0.3736574116109701,
      0.03336379466983419,
      0.6106387280493265,
      0.9364508555576203,
      0.22944403673237168,
      0.4365801853721185,
      0.8738519447485829,
      0.5050267126920194,
      0.453349231079773,
      0.993777465048396,
      0.3051647484911183,
      0.5080186252800102,
      0.5197698326970429,
      0.18403870897738006,
      0.28479427375720423,
      0.10024162543381976,
      0.18808052763581162
    ],