{
  "step": 0,
  "insect_id": "Ant",
  "timestamp": 1753377433.7085447,
  "sensory_input": {
    "visual": [
      0.8548464642976156,
      0.34590076320948576,
      0.8103032437481653,
      0.344954349295413,
      2.026180271975462,
      0.10579317445638763,
      -0.5785836673539229,
      -1.8387668784662887,
      0.8534524720251324,
      -1.4631445983438802
    ],
    "olfactory": [
      -0.5744751589596848,
      -0.2746707986632149,
      1.0768420170712614,
      1.2816392945654695,
      -2.7745889642890007
    ],
    "pheromonal": [
      -0.22848645002037593,
      0.516308835099143,
      -0.03757461409265629
    ],
    "mechanosensory": [
      0.07777858014022608,
      0.5155332676025479,
      0.9151969851738049,
      0.05779541209908431
    ]
  },
  "processed_output": {
    "visual": "[ 0.21555413 -0.18390959 -0.40445495  0.07834313 -0.12425425 -0.19115429\n -0.16314665 -0.03319178 -0.06997986  0.04305927  0.37515577 -0.46780669\n  0.14813664 -0.19614209 -0.03218693  0.27584526 -0.63980854 -0.31961213\n  0.22778426 -0.60762507 -0.02562116  0.42996841 -0.27855507 -0.01397456\n  0.22704147 -0.0814655  -0.13314981 -0.63953145 -0.23795367 -0.16803378\n -0.41939505 -0.41422988  0.25551047 -0.46972109  0.00242317 -0.03428338\n  0.21869929 -0.55954378 -0.49818437 -0.20036027 -0.01566318  0.35715376\n -0.02975047  0.27519346  0.1334711  -0.27691617 -0.23494732  0.3046383\n -0.13753007 -0.49131121 -0.37843065  0.36008669 -0.36402582  0.10238503\n  0.34324089 -0.09199039 -0.23555335  0.54329062  0.3343509  -0.02350394\n  0.24211806  0.10827159  0.32386187  0.13252702  0.17335932  0.23222671\n  0.63166859  0.44651844  0.20842328 -0.0213287  -0.20704675 -0.23638403\n -0.08900838 -0.54178725 -0.05034449  0.36981374  0.17045383  0.07277945\n -0.12819586 -0.57586895 -0.25091516 -0.28908277 -0.15633761  0.34488869\n -0.00275727  0.07468868 -0.70294351  0.16110856 -0.21940599  0.56606074\n  0.17209071  0.3091076   0.21820452  0.19103377 -0.22354457  0.41915907\n  0.21669441 -0.4657145  -0.0409201  -0.55747715  0.46309554  0.34820952\n -0.20216332  0.0131716   0.11304863 -0.09409441  0.55984854  0.59292312\n -0.1016257  -0.1509878  -0.2568446  -0.17253776  0.15421705 -0.15537214\n -0.10460737  0.37036935  0.10251227 -0.07053452 -0.3604135   0.23698554\n  0.15775046  0.11937235 -0.34521155  0.21707532  0.05644672 -0.24018436\n -0.53348363 -0.44429564 -0.57678849  0.50084656  0.13802912  0.04726581\n -0.47073533 -0.02296212 -0.04833594 -0.50276933 -0.40843872  0.2003279\n -0.58133994 -0.48984119 -0.23597294 -0.31857317 -0.47362772  0.04636938\n  0.05623908  0.04030679 -0.31460206  0.09381563  0.00284048  0.54894947\n  0.24287438  0.50576251 -0.0668585   0.25849133 -0.22142447  0.17026587\n  0.0530232   0.15584021  0.48724205 -0.03469927  0.65637795  0.08566895\n -0.27279539 -0.34681636 -0.07095527 -0.28347995  0.06922312 -0.58218744\n -0.43456915 -0.21775302 -0.03085912  0.06537171  0.54343312 -0.43734358\n  0.01739364 -0.25582212  0.43885682  0.18407594  0.025931   -0.01972083\n  0.44407089  0.04807617 -0.27345869  0.02798875 -0.14596128 -0.34013377\n  0.31583836 -0.1023551   0.28215494 -0.35131523 -0.18858731 -0.29150515\n  0.45161615 -0.07671518  0.02704729  0.21681675 -0.2582856  -0.12269532\n  0.47289407  0.46790915]",
    "olfactory": "[-0.30687018 -0.03583832  0.38928527  0.51746182 -0.3726386   0.432092\n  0.31240505 -0.27228643 -0.54859929  0.2504274  -0.12631607 -0.13511015\n  0.38250325 -0.50022603  0.05251768  0.62906889  0.09647049  0.23538946\n  0.44496629 -0.54842216 -0.32070085  0.1414612  -0.60019111  0.23877334\n  0.12026293  0.12103946  0.35928328  0.20485875  0.13151755 -0.26930642]",
    "pheromonal": "[-0.11397414  0.11854332  0.06140313 -0.11718096  0.11370911 -0.02956554\n  0.01428292 -0.11912708 -0.00583985 -0.00212205 -0.03334439 -0.00826535\n  0.02785669 -0.06252394  0.03597562 -0.08240565  0.12824634  0.01039702\n -0.04582288  0.0132415   0.0502697   0.02752369  0.04153986  0.04766238\n -0.06947482 -0.03152486 -0.05566431  0.02378185  0.01598052  0.01466617]",
    "mechanosensory": "[ 0.02806381  0.02177729  0.03389109  0.00994098 -0.09701443 -0.11879472\n -0.14349415 -0.10531566 -0.04662817  0.04172041  0.08289142  0.19401905\n -0.03281348  0.22911595  0.02853481 -0.18729001 -0.02543033 -0.00537911\n  0.03273955 -0.05495681  0.08819315  0.14494217  0.10347614 -0.00880955\n -0.04166253  0.01552279 -0.03357068 -0.10633213  0.08421616 -0.29365384\n  0.0422506  -0.02248222  0.06712473 -0.06974672 -0.04937064  0.03790859\n -0.07084591  0.08931567 -0.05096691 -0.10435013  0.05660475  0.06746065\n -0.05881912 -0.11410476 -0.14860015  0.05565883 -0.0494002   0.00745555\n  0.01644118  0.06690155 -0.26016458 -0.05242145  0.00410958  0.03777543\n  0.01138354 -0.09800219  0.15682286  0.01088332 -0.04813746  0.07280822]"
  },
  "neural_activity": {
    "mushroom_body": [
      0.4924007237947772,
      0.14693464607642892,
      0.767210702383254,
      0.6248820631260946,
      0.9864482839136465,
      0.33642038262559837,
      0.4422341246408278,
      0.9350583906263176,
      0.8758108280827299,
      0.364067756289724,
      0.02099672115939233,
      0.3653858631904884,
      0.8151629850456615,
      0.6140212660019688,
      0.32891618603502437,
      0.18893806693942827,
      0.7905736907455317,
      0.49916065962944123,
      0.19717420637235406,
      0.9213049964468009,
      0.447226947943287,
      0.7632966728025157,
      0.8032316000008118,
      0.5535376916288629,
      0.07895300729288246,
      0.37207011325454553,
      0.17281634483101527,
      0.9955464920855303,
      0.7331206509221954,
      0.5386381999688542,
      0.39924139702265893,
      0.2069417262349741,
      0.18638278300294076,
      0.5276332937882693,
      0.6015984856107799,
      0.738477463568368,
      0.012070075146157544,
      0.39691921306107414,
      0.9742478701988332,
      0.24929524690375904,
      0.2769088846934247,
      0.5292959918493957,
      0.07966113583142909,
      0.21578219897423678,
      0.7698762304225306,
      0.28290490199427065,
      0.9405319902264295,
      0.6002708120426894,
      0.45739250176265134,
      0.4463890668275149,
      0.9356395009266144,
      0.2565397437437217,
      0.45391089141763574,
      0.6693230026315135,
      0.02617703582476605,
      0.02531896787827681,
      0.5251034861530219,
      0.7031803637078137,
      0.058529304862222964,
      0.01939748304062039,
      0.5974268143442467,
      0.12381889677257696,
      0.6523379317512753,
      0.9321946265931902,
      0.591086092657511,
      0.1240378689225623,
      0.9362653987395712,
      0.5070649457786084,
      0.0919345703443104,
      0.7666644812076299,
      0.08779127460972835,
      0.33673866917057105,
      0.5896370886961854,
      0.2909284330490943,
      0.7323145070044182,
      0.7236888826592979,
      0.5710198786593059,
      0.7176901664961559,
      0.24203636076752333,
      0.41260492944946736,
      0.8738631246179162,
      0.4024116122514887,
      0.24035654060282785,
      0.3736574116109701,
      0.03336379466983419,
      0.6106387280493265,
      0.9364508555576203,
      0.22944403673237168,
      0.4365801853721185,
      0.8738519447485829,
      0.5050267126920194,
      0.453349231079773,
      0.993777465048396,
      0.3051647484911183,
      0.5080186252800102,
      0.5197698326970429,
      0.18403870897738006,
      0.28479427375720423,
      0.10024162543381976,
      0.18808052763581162
    ],