{
  "step": 69,
  "insect_id": "Fruit_Fly",
  "timestamp": 1753377473.750033,
  "sensory_input": {
    "visual": [
      1.0945844655264683,
      0.1447213172826681,
      -0.3841857610815539,
      0.3395816767322742,
      2.9911816915414224,
      0.9901534011193027,
      0.6846104779353176,
      2.62520722625728,
      -0.725096002487544,
      -0.3850540939196913
    ],
    "olfactory": [
      0.208013058850032,
      1.0203984204029735,
      -0.36466077517619194,
      -0.5556750000255125,
      0.7531886592684168
    ],
    "pheromonal": [
      1.0770241487257433,
      0.11283822819120581,
      -0.8154720356766411
    ],
    "mechanosensory": [
      -0.6402243871238315,
      1.3290903180532727,
      -0.614313533120402,
      1.8282516326890734
    ]
  },
  "processed_output": {
    "visual": "[ 0.15649384 -0.50528968 -0.10877207 -0.25450079 -0.01325191 -0.34385879\n  0.31643329 -0.56589079  0.27664559 -0.30572793  0.10290431 -0.28268625\n  0.48894906 -0.07164957 -0.1096604   0.62129857  0.40927475  0.07667913\n  0.31624741  0.52670086 -0.48267202  0.16267837 -0.06554843  0.73074786\n  0.67811845  0.57075139 -0.23496667  0.63299462 -0.28284457  0.31950698\n -0.24963088  0.04630845 -0.37983707  0.253331   -0.23903002 -0.14509096\n  0.76831164 -0.27930047  0.02421192  0.47665198 -0.02543058 -0.25907882\n  0.38372833  0.39420578 -0.38855122 -0.09069875  0.72125997  0.22306011\n  0.14216594 -0.23310506 -0.46204006  0.13368388  0.49718219  0.10127219\n -0.01665681 -0.19235671 -0.2448769  -0.1400205   0.57715929 -0.03738561\n  0.0220924  -0.48088032  0.0086057   0.13407067  0.1669164   0.64765654\n  0.12008368 -0.30049062  0.46862575 -0.4784296   0.44192671  0.55949403\n -0.06147095  0.48539973  0.36552804 -0.38350171  0.4708598   0.47515937\n  0.57129044  0.52918866 -0.75269061  0.35680092  0.52346844 -0.54003948\n -0.36888778 -0.47279555  0.53796821 -0.44120154  0.20811001  0.31151742\n  0.52030353 -0.45646027  0.26999385 -0.56333292 -0.10401395  0.45906258\n  0.30676249 -0.28317919  0.72782107  0.00621339  0.36142657 -0.16933437\n -0.41886368 -0.04248643 -0.11083847 -0.8251884  -0.07838056  0.71268673\n -0.33866488 -0.4919222  -0.15930382 -0.41018135  0.32949057  0.12575861\n -0.61998764  0.05008049  0.45219016 -0.27988402 -0.52499047  0.28110167\n -0.02724824 -0.57114325 -0.29190381  0.74740974  0.69957289  0.1602543\n  0.00135323 -0.39107801  0.26880219 -0.27757833  0.15750782  0.03121732\n  0.39696864 -0.74862302  0.47854303  0.34693263 -0.69298982 -0.54890127\n -0.03406745 -0.28295367 -0.38189476  0.50696325  0.20803612 -0.42857954\n  0.01678891  0.0082856   0.45267903  0.44668663 -0.60116171 -0.23316726\n -0.48700385 -0.55748803 -0.00197087 -0.49203379  0.58085646 -0.72932847\n  0.24230298  0.87453204  0.59973074  0.16281543 -0.52172546 -0.44530325\n  0.53937275 -0.13413859  0.69906263 -0.71469084  0.44133858  0.02459697\n  0.268789   -0.43294739  0.27021454  0.20354487  0.45526177 -0.35817078\n  0.31050993 -0.42777831  0.17677884  0.18151932 -0.50858536  0.15597815\n -0.4123311   0.07975093 -0.39968362 -0.56254944 -0.36840956 -0.2793898\n  0.75056534 -0.25109403 -0.03015487  0.12005221  0.2055356   0.24302522\n -0.20574519  0.65051256  0.15063134 -0.6844881  -0.32497231  0.16180286\n  0.15728096  0.42423522]",
    "olfactory": "[ 0.00640437  0.28304534  0.13885949  0.00036849  0.17104756 -0.0750192\n  0.25881677 -0.09987691 -0.01437283  0.02787998  0.0425791   0.07049433\n -0.09790083 -0.0239826   0.21972431 -0.29730834 -0.21786308 -0.24841123\n  0.01444183 -0.08325258  0.05924875 -0.19057832  0.26590063 -0.07094028\n -0.27504296 -0.08508347  0.07283069 -0.08013291 -0.17347004 -0.11927935]",
    "pheromonal": "[-0.1176472   0.21444058  0.01335472 -0.01103417  0.26471788  0.01458615\n  0.09528596  0.08375496  0.05460286  0.27448381  0.04255793 -0.02579346\n -0.06730376 -0.08465203  0.17559429 -0.2049747  -0.01034981 -0.24796426\n -0.01889325 -0.19334201  0.02743204 -0.17479763 -0.00638256 -0.05104971\n -0.17672683 -0.04893938 -0.14845358  0.1573837   0.23827477  0.07911539]",
    "mechanosensory": "[-0.16151379  0.02603044  0.01213673 -0.29752504  0.29627042  0.10681193\n -0.18516425  0.11804999  0.16110664  0.28230273 -0.21232082  0.09971435\n -0.05343444 -0.27097029  0.38994197 -0.08954061 -0.02937405 -0.26977698\n  0.28262398  0.0996712   0.03270977 -0.40355209 -0.12031491  0.31330032\n  0.12302856 -0.25002899 -0.0399346   0.44912958 -0.0592587   0.16585809\n  0.32905368  0.07173914 -0.29258182  0.21145828  0.07514861 -0.0737217\n -0.10836816 -0.16119014 -0.04145908  0.24756111  0.13826619 -0.19947583\n -0.04480503  0.23012171 -0.52961736  0.28911176  0.0527308   0.08433561\n  0.17180643  0.15491334 -0.30721095  0.16695779  0.12588418 -0.26570104\n -0.26229789 -0.2286887   0.12190183  0.2259078  -0.27914156  0.35595392]"
  },
  "neural_activity": {
    "mushroom_body": [
      0.9573342550431373,
      0.5685218001748344,
      0.1532728767834156,
      0.440756085521535,
      0.4259028932173351,
      0.8065279792960456,
      0.735175839227128,
      0.5075710583125029,
      0.3182408848813949,
      0.1857101658658754,
      0.147293821091668,
      0.5144536606534947,
      0.45121488345427196,
      0.4906687440412314,
      0.9154397942576439,
      0.03221105435352989,
      0.5357325732152792,
      0.1382546922159048,
      0.36067250393003913,
      0.5332526610283069,
      0.8730295292421824,
      0.04063562036991242,
      0.7485949842136878,
      0.3405914174807766,
      0.18318381682710538,
      0.5600384713303344,
      0.1937550886838283,
      0.5397260475592325,
      0.5783223468361413,
      0.9653669883642755,
      0.4658507608321515,
      0.041218211917091296,
      0.9430155978024163,
      0.2674308460540551,
      0.7293295369440447,
      0.57561750059022,
      0.8256796537657,
      0.8151716530122752,
      0.5281132367497178,
      0.8266383224215215,
      0.7639307513444167,
      0.2648371836316852,
      0.5252438849384159,
      0.5541905466888357,
      0.37818191129782974,
      0.7450469935471635,
      0.2806576625628212,
      0.970184082071879,
      0.823677363336939,
      0.978073118620327,
      0.49119614886596097,
      0.6255023153178355,
      0.3681622586961123,
      0.27170809027288534,
      0.7049624491081308,
      0.9090151895400193,
      0.41775828586490404,
      0.6095412889618553,
      0.585938072687339,
      0.8930936343998793,
      0.9166908334120343,
      0.8584724743974405,
      0.4721485132611529,
      0.4807210850130702,
      0.966113607256765,
      0.14152773929286366,
      0.6864110737296917,
      0.8136470071682644,
      0.6496913523967113,
      0.8044161094802286,
      0.6584368982773874,
      0.7552418973233255,
      0.616923263713886,
      0.3417038976597814,
      0.3231289351313176,
      0.1544216935411289,
      0.7029083784993677,
      0.5724367368870931,
      0.2916010291694956,
      0.02198318626477036,
      0.1818806884802623,
      0.9196557994989446,
      0.6893228355088742,
      0.8528493442801934,
      0.33072324176447354,
      0.4919088973308279,
      0.9279620406010517,
      0.28301492112311355,
      0.076863264671996,
      0.21435225530737068,
      0.47425321392117226,
      0.3668784589614873,
      0.8654826015894379,
      0.22710319324722184,
      0.7957563775459994,
      0.5848636850024898,
      0.9513743724371871,
      0.09511916040574064,
      0.46089376742698995,
      0.027475684173515202
    ],