{
  "step": 63,
  "insect_id": "Honeybee",
  "timestamp": 1753377473.663506,
  "sensory_input": {
    "visual": [
      -1.4661230599406494,
      0.9613068778252377,
      -0.268204027878955,
      1.3092598922265573,
      1.2915106873120632,
      -1.0782383379938845,
      0.13173589279446193,
      0.3902631675588719,
      -0.5569299459010998,
      -0.4361024565302006
    ],
    "olfactory": [
      -1.0752163242656783,
      -1.7777719924131719,
      0.4706533057326656,
      1.2194075432661138,
      0.5244628658799494
    ],
    "pheromonal": [
      1.6262483661828633,
      0.5331014103224323,
      1.0553436363529882
    ],
    "mechanosensory": [
      -0.4053214532293022,
      0.035356871739698904,
      2.1307491860003247,
      0.9990853790515825
    ]
  },
  "processed_output": {
    "visual": "[ 0.32790803 -0.15691219 -0.0899757  -0.27803179  0.25424037  0.06671304\n -0.30909126 -0.09511461  0.33354302  0.27108459  0.34659033  0.08988576\n  0.0972805  -0.09829239  0.48946029 -0.00910952  0.06149152 -0.20015246\n -0.05908543  0.19594242 -0.03396492  0.01437937 -0.36838307 -0.03601804\n  0.09753242 -0.13570051  0.05568023 -0.03291621 -0.46846329  0.26234063\n  0.21433025 -0.21980625 -0.05637149 -0.4725532  -0.39503132 -0.58663909\n -0.19674455 -0.09406842 -0.35228499 -0.25891742 -0.24859872  0.10945511\n -0.05807066  0.12538817  0.13292558  0.58190673  0.07361278 -0.05744302\n -0.24267444 -0.30941659 -0.10115338 -0.24006609  0.08796379  0.59098339\n -0.1909062   0.24516087 -0.24540246 -0.18831726  0.14115401 -0.12905485\n -0.43922353  0.32820766 -0.15295599  0.02787782 -0.45596553 -0.00699982\n  0.42167551  0.29773829 -0.32213551 -0.10885939  0.05129097 -0.28478355\n  0.2659945  -0.21802354  0.26935841 -0.26110145  0.01403236  0.22155998\n -0.07813408  0.07656906 -0.38535236 -0.19294795 -0.28031797  0.04714448\n  0.10181734 -0.23685035 -0.27641672  0.08152572 -0.17395237 -0.33386463\n  0.14864506 -0.00595188  0.28030168  0.36908126  0.11952531  0.0010283\n  0.40282393 -0.51252364  0.14013056 -0.29094965  0.58284277  0.36547012\n -0.31929017  0.17219092 -0.02146904 -0.11745309  0.29203087 -0.02323208\n -0.07792814  0.07903635 -0.16738095  0.03994667  0.36598508  0.37697499\n -0.0934782  -0.13502665  0.1139346  -0.16017049 -0.1699322   0.05090686\n  0.10267293 -0.45516879 -0.19178114 -0.26347906  0.25024279 -0.043741\n  0.40279626 -0.00680727  0.13310456 -0.22678313 -0.15173206  0.1597683\n -0.51975773  0.51596575  0.25876633  0.28298659  0.34221445 -0.6452662\n  0.55925835 -0.36692031 -0.07832543  0.03423464  0.19965009 -0.15226634\n  0.04053898 -0.15698837  0.23344994  0.42227676  0.06716532  0.04272354\n  0.09712452  0.06698673 -0.01441737 -0.18341454  0.04333068  0.42193362\n -0.12282051  0.25789381  0.28796886 -0.40727581  0.09307495  0.39247971\n  0.01516543  0.10257453 -0.00772569  0.16997303 -0.06038837 -0.25491158\n  0.53621958 -0.05856854 -0.42483214  0.18047814  0.13991528 -0.08486582\n -0.45491066  0.36786765 -0.35610215 -0.21154859  0.11488482 -0.39580429\n -0.11595549  0.25904728 -0.13618563  0.18470733  0.08293824 -0.77578241\n  0.05533269  0.35731081 -0.27470575 -0.30029678 -0.16731674  0.20385711\n  0.10317396 -0.24627342 -0.07933326 -0.33127499  0.08369667  0.15050795\n -0.23759092  0.07370742]",
    "olfactory": "[ 0.04834561  0.45419416 -0.12663685  0.22786031 -0.47565289  0.30505126\n  0.35600008 -0.18820708  0.00526656  0.23108443 -0.36211842 -0.29146073\n  0.25546531  0.04300791  0.06975258  0.03774308 -0.08724209 -0.22621466\n -0.3102612   0.23976549 -0.1104268   0.17257363  0.18403949  0.2306842\n -0.63830152 -0.13967718 -0.0693745   0.33005055 -0.13025981  0.1555148 ]",
    "pheromonal": "[-0.09680285 -0.06109248  0.16334824 -0.19648956 -0.3194538  -0.18221889\n  0.0760355   0.04353691  0.22670171  0.04606275 -0.13269316  0.23617833\n -0.27180376  0.24030344 -0.22671533  0.28516605  0.02452559  0.04787196\n  0.06037216  0.1103928   0.01461324  0.35311298 -0.25695184 -0.02595601\n -0.05564673  0.06333278  0.07767708 -0.28515198  0.32799788 -0.20460386]",
    "mechanosensory": "[ 0.15270495  0.07756067 -0.01079789  0.00811006  0.101836   -0.27215171\n  0.02365591 -0.26527266  0.30411049  0.23341144 -0.36904745  0.06339921\n -0.2085404  -0.1746878  -0.20079345  0.3235466  -0.0450445   0.09818701\n -0.22128276 -0.03155263 -0.08687596  0.01915739  0.17991283  0.14631249\n -0.29452172 -0.02361554 -0.04149224  0.14268752  0.42218494 -0.34825388\n -0.26294586 -0.02764778  0.10786437 -0.31020098  0.17728158  0.18767514\n  0.15085757  0.50850926  0.23250032  0.19018663 -0.22196692  0.3385881\n -0.03607692  0.3815642   0.03349     0.01082734  0.18453256  0.25579614\n  0.14230366  0.05092553  0.39544824  0.0673084  -0.26133096 -0.29815594\n  0.01045425 -0.0370732  -0.23265182 -0.03680074  0.13844636  0.2506102 ]"
  },
  "neural_activity": {
    "mushroom_body": [
      0.12635954055289922,
      0.6510662603041527,
      0.6627929837081565,
      0.9059514415899972,
      0.694024905970108,
      0.13032535785611132,
      0.6785700910874193,
      0.25181423548906845,
      0.9354434499568303,
      0.9820695225306735,
      0.35894562736900226,
      0.09852715118231181,
      0.294853150261539,
      0.7462912346894797,
      0.7870932401371551,
      0.07062982415768515,
      0.48313936540704683,
      0.6622209359526908,
      0.115399259873879,
      0.6872873456110286,
      0.6981114122053442,
      0.504124699964496,
      0.8683273200191458,
      0.7166708401294236,
      0.6182749276751418,
      0.6232014757378306,
      0.39529436063508416,
      0.38233751371397573,
      0.7167883560053652,
      0.44552297638641014,
      0.9047130954552666,
      0.021405918043153394,
      0.7727889117003455,
      0.6159269939967781,
      0.06738501744015668,
      0.32597272676736,
      0.3087168672643883,
      0.9038271378155378,
      0.23784856178197233,
      0.18904989841550568,
      0.2210457214133057,
      0.848521080227047,
      0.3413897391223164,
      0.9617188178997028,
      0.787246394196182,
      0.10829421222201396,
      0.6481604816985572,
      0.7469217894494218,
      0.03391105392878513,
      0.15653537504224724,
      0.9992419020899515,
      0.6853055751030905,
      0.25484180859629757,
      0.9989993979407218,
      0.6524217395054385,
      0.6347337365749102,
      0.744143846619154,
      0.5150140806392638,
      0.7356517947329767,
      0.6376489951475847,
      0.45323207581238756,
      0.37210842438874125,
      0.7037428860280608,
      0.23895712561486693,
      0.5940955300660384,
      0.9945112193658604,
      0.707620198578572,
      0.9534313058612712,
      0.7114461577312933,
      0.4395467057289705,
      0.49249444180522495,
      0.06731022572559242,
      0.27550073951848686,
      0.8881137570119427,
      0.8104454683630198,
      0.58025781616706,
      0.5300344472969072,
      0.07180701688387292,
      0.3757757212457067,
      0.300809054944117,
      0.8118121304991793,
      0.8542922211831256,
      0.9187886496881005,
      0.9817062663157549,
      0.5612733835334486,
      0.2686584688003274,
      0.5043663782398784,
      0.18781304522437448,
      0.71123547918031,
      0.2222548857108344,
      0.5264317813777212,
      0.9750138797195244,
      0.07515074344946227,
      0.2914045013201676,
      0.7958427234065533,
      0.45715523003574077,
      0.5492189810560055,
      0.28384337953527417,
      0.4591770410905638,
      0.27511237675800737
    ],