{
  "step": 72,
  "insect_id": "Honeybee",
  "timestamp": 1753377473.7817705,
  "sensory_input": {
    "visual": [
      -0.4609871907391668,
      0.9144114599497292,
      0.17129831542091853,
      0.8808958123908477,
      -0.6104626108473842,
      -1.4654837315483031,
      -1.887947247913655,
      -0.01128383906978042,
      -0.32511046730590404,
      -0.5688629368167836
    ],
    "olfactory": [
      -1.0000585136880626,
      -1.177444368263957,
      -0.28462601255275755,
      0.13231304817221068,
      0.37916617875319303
    ],
    "pheromonal": [
      0.987976970417552,
      -0.7918697762303432,
      -0.03852771359020721
    ],
    "mechanosensory": [
      2.1627420327991382,
      -0.15516697109667182,
      1.0324285985703427,
      -0.00652594850546057
    ]
  },
  "processed_output": {
    "visual": "[ 3.71165060e-01 -3.60704297e-01 -2.78453848e-01  1.48622221e-01\n  3.33865381e-01 -4.07486999e-01 -1.50544659e-01 -7.64071511e-02\n  4.15521574e-01  2.29734173e-01  1.48866457e-01  1.49755662e-01\n -3.38506129e-01 -1.90928550e-01  5.03998601e-01 -1.20673432e-01\n -1.74835349e-01  7.08446619e-02 -1.87263347e-01 -6.10960427e-02\n  1.53417722e-01 -3.54221879e-01 -1.82925467e-01 -8.13934285e-03\n -4.11586538e-01 -1.22861480e-01 -6.81438807e-02  1.31654169e-01\n  1.97554078e-01  1.68056821e-01  7.23851081e-02 -4.61340258e-02\n -3.51028427e-02  4.51456660e-02 -3.05054200e-01 -5.24953791e-01\n  3.25512402e-03  1.81373604e-01  8.86359810e-02 -3.66824725e-01\n -4.31005731e-01  2.90598466e-01  9.17854821e-02  3.77439181e-01\n  1.51561595e-01  4.05281800e-02 -4.68536394e-02 -1.91103619e-01\n  9.43850856e-02 -4.10805426e-01 -2.57745406e-01 -9.68072521e-02\n  8.90720674e-02  5.94757066e-01 -5.70339562e-02 -2.74081608e-01\n -2.05059428e-01 -1.09933941e-01 -1.20225481e-01  4.33670743e-01\n -1.75562062e-01  1.45948572e-01 -1.58872619e-01  2.08275178e-01\n -2.52702799e-01  6.09112534e-01 -2.33494558e-01 -1.62360555e-02\n -2.21988537e-01 -3.60368724e-01  2.22151537e-01 -2.66656634e-01\n  2.68237280e-01 -2.39980738e-01  3.63411662e-01 -1.73512049e-02\n -2.27399909e-01 -1.09789698e-01 -2.90598037e-01  3.73099524e-01\n -3.57206468e-01 -2.85471105e-01  9.45410020e-03  2.86348687e-01\n  3.25898257e-01  3.93733655e-01 -2.38936194e-01 -1.69362520e-01\n  1.64193979e-01  2.16966103e-01  1.33630675e-01  3.03616681e-01\n  3.87411126e-01  1.64095181e-01  1.42754369e-01 -3.75695073e-01\n  2.17274268e-01 -3.82999059e-01 -4.35383070e-04 -4.02254789e-01\n  1.43300039e-02 -1.31154239e-01  1.01310927e-01 -7.00264633e-02\n -9.93446478e-03 -2.65642170e-01  3.08674611e-01  4.59291933e-01\n -3.21628097e-01  1.57400889e-01  2.74592528e-01 -2.12816799e-02\n  2.72025109e-01 -8.64844566e-04 -4.67585863e-03 -1.94631853e-01\n  1.03741667e-01  3.93936238e-02 -3.45005367e-01 -3.47179775e-03\n  4.74716920e-01 -4.62400786e-01 -3.59318556e-01 -2.97208576e-01\n -5.70540042e-03 -1.21912306e-01  1.16263777e-01 -2.53749219e-02\n  3.60656742e-01  6.49634167e-02 -2.40763203e-01  2.54761002e-01\n -2.09397013e-01 -4.84142852e-02  4.99739497e-02  1.04527007e-02\n -1.67078275e-01 -3.85009341e-01  3.23859408e-01 -4.92160260e-01\n  8.15312848e-02  2.54511908e-01  1.74707722e-01 -1.24822765e-01\n  6.81283241e-01 -2.35435233e-01  3.16973235e-01  4.76415391e-01\n  1.42003681e-01  1.23397575e-01  1.64480122e-01 -4.00640124e-01\n  1.76119848e-01 -6.87508357e-03  1.62116368e-01  2.16580689e-01\n  2.08132657e-01  2.97237341e-01  1.77386723e-01 -1.01256828e-01\n  1.19964341e-01  1.43873638e-01 -2.67574676e-01  2.47480203e-01\n  2.10289279e-01  1.31078241e-01 -4.68205199e-01  1.93679984e-01\n  2.63537905e-01 -4.32803666e-01  4.53746237e-01  3.24065688e-02\n -4.57015662e-02 -2.80331340e-02 -7.77084588e-02  4.90386349e-02\n -1.45455475e-01 -3.56940048e-01  1.10537462e-01 -2.10244238e-01\n -6.39742699e-01  5.16415782e-01 -1.55009289e-01  4.20551388e-01\n  1.80920201e-01 -5.24583352e-01 -2.81356102e-01  2.75236314e-01\n  2.62162462e-02 -1.04297236e-01 -6.02419072e-02 -1.07722515e-02\n -2.78277878e-01 -4.11456176e-02  9.23576159e-02 -2.92900779e-02\n  3.47383499e-01  2.13586447e-01  9.05964199e-02  4.33926614e-02]",
    "olfactory": "[-0.02168567  0.1405035  -0.15764296  0.2234617   0.01778611  0.22977307\n  0.09197034 -0.03367465 -0.17356459  0.13266638 -0.18603043 -0.22622706\n  0.2316415  -0.09450404  0.14582225 -0.04137631 -0.0536578  -0.04613099\n -0.1590646  -0.04975362 -0.01436531 -0.08765058  0.23906245  0.04951617\n -0.247171   -0.13861422 -0.02286438  0.23044328 -0.10132773  0.17564012]",
    "pheromonal": "[ 0.01023848 -0.0902361  -0.09724214  0.0328776  -0.09039683 -0.08936798\n  0.0193513  -0.01251691 -0.15003454  0.24640078 -0.20275514 -0.08311204\n -0.09444728  0.04372334  0.07542007  0.3234689   0.06375601  0.05807461\n -0.18040106 -0.17662495  0.06038658  0.21307933  0.05811713 -0.06225294\n -0.12526126 -0.08234781  0.0443795   0.0222273   0.35204554 -0.04581802]",
    "mechanosensory": "[-0.33780618  0.07619729  0.06198424 -0.06676675 -0.09742427 -0.24945726\n  0.19439725 -0.25313264 -0.52148706  0.17313879 -0.03177614 -0.01053658\n  0.3630317  -0.10611366  0.02596258  0.0805957   0.55185423 -0.21375054\n -0.27335635 -0.22520964  0.1637003   0.38209385 -0.01455106 -0.4386772\n -0.31269773  0.14925107 -0.02776716 -0.11811298 -0.39687451 -0.14153676\n -0.1667397   0.54198909  0.24625046  0.0008382   0.45538989 -0.31398471\n  0.01498178  0.05179322 -0.01783251  0.29886372 -0.28832951 -0.14681152\n -0.0337935  -0.25388119 -0.03252986  0.0336743   0.47000011  0.08376635\n  0.13836836  0.12235675  0.40616934 -0.13353747 -0.08298104 -0.30102873\n -0.16215737  0.19237753 -0.00146773  0.37643165  0.24369093  0.05849653]"
  },