{
  "step": 30,
  "insect_id": "Ant",
  "timestamp": 1753377453.515287,
  "sensory_input": {
    "visual": [
      1.3149850811902926,
      -0.2337584118097147,
      -1.0751420552897433,
      -1.651911459372687,
      0.273203854809376,
      0.1975701032211756,
      1.3560286751711255,
      0.6335098935318897,
      1.3605816596075324,
      -0.497934724790131
    ],
    "olfactory": [
      -0.07970572916332352,
      -2.1819510809199736,
      0.40044998072618376,
      -2.5944927307584216,
      -0.34680533212437925
    ],
    "pheromonal": [
      0.7558846808558155,
      0.6735846702733022,
      0.3113498180253214
    ],
    "mechanosensory": [
      -1.1707525430382288,
      0.4203416237065112,
      1.9814976346153326,
      -0.7464440723460466
    ]
  },
  "processed_output": {
    "visual": "[-3.74420905e-01  5.37813597e-01 -2.57552291e-01  5.51775380e-01\n -1.18598306e-01 -2.28037602e-01  2.04921463e-01  5.94271904e-01\n  5.29978683e-03 -2.46691025e-01  2.09001613e-01  4.45345288e-02\n  3.83215715e-01 -3.49155297e-01  2.19249384e-01 -5.26411750e-02\n -4.53823077e-02 -2.16088013e-01 -4.72577538e-01 -6.80282465e-02\n -6.67699800e-02 -6.13058606e-02  1.63649048e-01  2.88314767e-01\n -4.57040089e-01 -8.29078270e-02 -4.74789043e-01  2.77662697e-02\n -5.67754827e-01  2.40910686e-01  5.48582798e-01  2.90159662e-01\n  3.69889257e-01  4.43027128e-01  1.26109469e-01  2.56936982e-01\n -1.91467117e-01 -1.11435371e-01 -3.08504158e-01  2.76730313e-01\n  5.23270689e-01  1.24075292e-01 -2.67677234e-01 -2.95296603e-01\n  3.08402301e-01 -2.33191541e-02 -1.97158015e-01  5.76685013e-01\n  1.13767598e-01 -3.97092930e-01  1.60929916e-01  1.21608338e-01\n -6.51421945e-02  2.28820658e-01 -4.30843748e-01 -4.58171452e-01\n -1.47699457e-01  6.65246134e-01 -2.65079053e-01 -1.13335761e-01\n  1.83980928e-01 -5.03390597e-02  4.56816540e-01 -1.69132588e-01\n  4.02089951e-01 -2.57740889e-02 -2.08629542e-01 -2.66792671e-01\n  3.35284582e-01  7.09477945e-02  2.56145038e-01 -5.48817937e-01\n  1.94503583e-01 -2.51429354e-01  2.31708464e-01 -4.94790789e-01\n  2.91674819e-01  2.91256099e-01 -4.83574984e-02  4.80394448e-01\n -1.81673623e-02  1.58604466e-01  1.96519951e-01  1.02711032e-01\n  5.87530312e-01  2.35821232e-01  7.29853436e-01 -3.05746301e-01\n -2.07100603e-01  5.76801312e-01  7.16144929e-02  4.24482617e-01\n  1.86453794e-01  1.31486440e-01 -2.17174910e-01  2.81644683e-01\n  3.72525806e-01  4.87812582e-02 -4.63060081e-01 -6.98390259e-02\n -3.80418173e-02 -1.65452706e-01  4.34764084e-01 -3.29764977e-01\n -6.62526789e-01  3.33269284e-01 -3.53728629e-01  1.96540495e-01\n -8.78308411e-02  1.92570074e-01 -1.66702577e-01 -2.05180077e-01\n -3.91027807e-02 -1.11374049e-01  8.60729869e-02 -4.09916217e-01\n  1.41604397e-01 -4.03379808e-01 -1.76119698e-01  1.51874254e-01\n -3.73161469e-01  1.15991970e-01  1.40239678e-01  1.16345056e-01\n  3.33563072e-02 -4.34278456e-01  2.11306225e-01 -1.09741973e-01\n -1.78485737e-01  3.91524865e-01  1.18360715e-02 -5.69979752e-01\n -1.78470833e-02 -6.62658118e-02  1.68393797e-01  1.94203174e-01\n  5.00373833e-01  5.34832499e-01  3.20562826e-01 -3.10210921e-01\n  4.04865054e-01 -4.59710840e-01  7.75335176e-02  4.24551673e-01\n -4.53205603e-01  1.80330193e-01 -5.13304436e-04 -2.38367705e-01\n -1.37130112e-01 -2.13020674e-02  1.51831456e-01 -3.41252929e-01\n -1.34215088e-01 -6.06817868e-01  7.02069198e-02  1.28176890e-02\n  4.13816632e-01 -1.71560597e-01 -2.86305860e-01 -2.24037072e-01\n  2.42770929e-01  6.58806434e-02 -3.34908480e-01 -3.46595952e-01\n -3.71727288e-02  3.10670824e-02 -7.41263712e-01 -2.66024453e-01\n -1.71720955e-01 -4.14728993e-01  3.26911437e-01  4.91713601e-01\n -2.15716627e-01 -1.74111954e-01  1.93094584e-01 -2.03610582e-01\n  2.28119644e-01  2.39936355e-01  2.66024392e-02  1.25723930e-01\n  4.24501340e-01 -2.36919117e-01  2.72501720e-01  2.65822502e-01\n -3.69497137e-01  3.73313381e-02 -3.28410139e-01  6.89502827e-01\n -7.20340972e-01 -1.85017560e-01  6.55374741e-01  3.74504230e-01\n -8.89695596e-02  5.82094623e-01  2.70637745e-01 -3.27926038e-01\n  3.71753689e-01 -1.49769252e-01  5.19307897e-01 -2.12155368e-01]",
    "olfactory": "[ 0.64451604 -0.65047526 -0.34598591  0.70159936 -0.46151361  0.29702831\n -0.30750501  0.44802988  0.08503557 -0.22092217  0.18033707 -0.23129726\n -0.33800306  0.16542733 -0.38197136  0.12027707 -0.30108864 -0.26954578\n -0.06000088 -0.00607261  0.51087331 -0.40021683 -0.09853893 -0.18248391\n  0.27261943 -0.45601726  0.12675556  0.07343519  0.23070472  0.07422027]",
    "pheromonal": "[-0.19738424  0.02698852  0.10483326 -0.0603888   0.17223826 -0.10544675\n -0.01972095 -0.11513837 -0.07521851 -0.17381962 -0.05483884  0.27667162\n  0.0159386   0.07576331  0.00456203 -0.02262915  0.01002756  0.03677996\n -0.11699743  0.03110163 -0.15168124  0.16585264  0.14953972  0.17332726\n -0.04149675  0.1454798  -0.10748819 -0.08433867 -0.07055308  0.11087693]",
    "mechanosensory": "[ 0.01156235 -0.01368922 -0.00669451  0.11874002 -0.16072958 -0.24962709\n -0.28648482 -0.08363119 -0.03574017  0.29970213 -0.19836279  0.44273796\n  0.00365414  0.41084392  0.02142194 -0.30979363 -0.01687666  0.11354648\n -0.2638386  -0.12287774 -0.08669005  0.21343588 -0.11945656 -0.12314605\n -0.11475781  0.04899697 -0.27717147 -0.08759442  0.15840326 -0.39766492\n  0.01642192 -0.28695397  0.31025747 -0.334493    0.2013255   0.14233178\n -0.12920171  0.31724322 -0.24280265 -0.24005727  0.13393296 -0.21923353\n -0.03284294 -0.11462389 -0.29058346 -0.17139929  0.0225959  -0.07659042\n -0.11802899 -0.07366114 -0.59170026 -0.1585673  -0.07465831  0.15912503\n  0.05231579 -0.06936805  0.55503968  0.03170732 -0.23669125  0.19265697]"
  },