{
  "step": 92,
  "insect_id": "Ant",
  "timestamp": 1753377493.508619,
  "sensory_input": {
    "visual": [
      0.578678928603728,
      -0.7569959605090129,
      -0.38575020047221886,
      -1.6610888840276383,
      -1.6270217842613464,
      -0.7802401318770837,
      0.4077431804741691,
      -1.1546092702018387,
      -0.6918228397079881,
      -0.9611437518973251
    ],
    "olfactory": [
      2.1675429583420005,
      -1.0726800321216798,
      -0.29577404544527225,
      -2.019309172482084,
      -0.9510766229010205
    ],
    "pheromonal": [
      -0.4685636148755102,
      0.366631094015646,
      -2.4566476209207315
    ],
    "mechanosensory": [
      -0.0200045479978822,
      -0.268845454171302,
      -1.47539138438591,
      0.053218965438633935
    ]
  },
  "processed_output": {
    "visual": "[ 0.11047324 -0.46552789 -0.29476229  0.14638723  0.38776329 -0.44257348\n -0.05028321  0.09464086  0.06415682 -0.23114599 -0.36355888  0.04664288\n  0.42553298  0.29628508 -0.19914631 -0.05045961  0.30340855 -0.3761527\n -0.32130029  0.49642711  0.12303225 -0.19333602 -0.05459112 -0.17193426\n -0.12696905  0.16022219 -0.45020218 -0.14737251 -0.34949463  0.0545964\n  0.38013267  0.20528879  0.10841857  0.03798043  0.13636031 -0.03872999\n -0.3881154  -0.06122458 -0.08925759 -0.1836021   0.55606981 -0.06601404\n  0.32786535  0.47574995 -0.4164365  -0.01255711  0.07714323 -0.02782826\n -0.12434277 -0.20311038  0.30935389 -0.52425058 -0.07213924  0.24484854\n -0.32077483  0.02453372  0.01192755  0.31310854 -0.13904796 -0.02930471\n  0.34618298  0.04639501 -0.01436499 -0.53872972  0.19373214  0.06084089\n -0.12134115 -0.22664867  0.19520577 -0.19779786 -0.31081112  0.11733643\n  0.60592594  0.23637732  0.45819543 -0.34673731 -0.25488272  0.0382789\n  0.38071067  0.38664981 -0.13337239  0.31108966  0.49618334  0.08068316\n -0.0792904  -0.08272675  0.41673326 -0.23460087 -0.12092451  0.62942614\n -0.15268028 -0.02398734  0.19498796  0.32197766  0.12883654  0.37588494\n  0.14001161  0.03451911 -0.19971848  0.20403353  0.18138977 -0.27530421\n -0.1039841  -0.19378787 -0.50648055  0.01474382 -0.18217533 -0.21169072\n -0.35100683 -0.12379935  0.08422478  0.24469873 -0.06455727 -0.48886033\n -0.43107128 -0.02483047  0.30554723 -0.22129059  0.6165989  -0.25984366\n -0.28670998  0.22396093  0.01883488  0.31957346 -0.08222884 -0.59051575\n -0.4326629   0.06041992 -0.5884002  -0.16282849 -0.36925807 -0.596381\n  0.42567269 -0.14198484  0.06177212  0.22268524  0.20373636  0.14727676\n  0.4629202   0.11065136 -0.29854224 -0.3927007   0.29861049 -0.46113938\n -0.49563008 -0.27132498  0.05733767 -0.37488329  0.58859738  0.26859417\n -0.4853305   0.08043017 -0.27188018 -0.40866718  0.36486045 -0.28874282\n -0.50554029 -0.086045   -0.05153982 -0.16255415  0.12527439  0.26199528\n  0.13726573  0.32589703  0.08564026 -0.07716201  0.2201691  -0.16322095\n -0.10338038  0.0535673   0.11796192  0.24037987  0.26655903 -0.37396245\n  0.02927562  0.18485219  0.45958646  0.02677999 -0.16988167 -0.39287242\n -0.24680972 -0.74518641  0.35117833  0.37687874 -0.60114332  0.11007378\n  0.18796436 -0.17749375  0.21803232 -0.10985895 -0.2653552   0.14111032\n  0.12279335  0.03333337  0.31131742 -0.34592555  0.37228932 -0.15714236\n -0.03514609 -0.56448987]",
    "olfactory": "[-0.01481149 -0.72073259  0.05563069  0.74081    -0.13816407  0.32567208\n -0.20244371  0.48717294 -0.13506466 -0.61110027  0.25985537  0.53500046\n -0.40321498  0.1990921  -0.37449746  0.21637494 -0.42056881 -0.27108903\n -0.05483782 -0.14609682 -0.01715127 -0.02442199  0.12080577 -0.06656044\n  0.17611611  0.04913433  0.05525595 -0.46381889  0.15418695  0.24503291]",
    "pheromonal": "[-0.40942676  0.01107754  0.17120116 -0.09650589  0.23029159  0.24009426\n  0.12357684  0.25771171  0.17038005 -0.09223835  0.26380565  0.00500998\n -0.23442144 -0.24527214  0.03786593 -0.25228637  0.12457609 -0.21356604\n  0.14460438 -0.07246473  0.15356569 -0.11790611  0.05275826 -0.41840522\n -0.19573473 -0.04886101  0.03438204 -0.38813104  0.2018405  -0.04606335]",
    "mechanosensory": "[ 0.03368617 -0.02626049 -0.00655677  0.0337517   0.0808545   0.08446773\n  0.18863138  0.13752892  0.07425349 -0.07706301 -0.08881311 -0.32195951\n  0.01247421 -0.31660451 -0.02700715  0.32539854  0.00139594 -0.04781552\n  0.01972015  0.08764447 -0.07567144 -0.15103257 -0.05868225  0.01131201\n  0.08056265 -0.04577187  0.09749005  0.20165277 -0.03674864  0.4350904\n -0.08788315  0.07612676 -0.16944561  0.18436895 -0.00906234 -0.14031156\n  0.07050048 -0.17058135  0.09709088  0.05480544 -0.09060314 -0.09565107\n  0.03115129  0.10800958  0.23161641 -0.0344701   0.11609281  0.02785309\n -0.00879766 -0.04355569  0.37245177  0.02724402 -0.01503378 -0.04801115\n -0.08205471  0.0948707  -0.27742579  0.00665176  0.11895083 -0.06624298]"
  },
  "neural_activity": {
    "mushroom_body": [
      0.4924007237947772,
      0.14693464607642892,
      0.767210702383254,
      0.6248820631260946,
      0.9864482839136465,
      0.33642038262559837,
      0.4422341246408278,
      0.9350583906263176,
      0.8758108280827299,
      0.364067756289724,
      0.02099672115939233,
      0.3653858631904884,
      0.8151629850456615,
      0.6140212660019688,
      0.32891618603502437,
      0.18893806693942827,
      0.7905736907455317,
      0.49916065962944123,
      0.19717420637235406,
      0.9213049964468009,
      0.447226947943287,
      0.7632966728025157,
      0.8032316000008118,
      0.5535376916288629,
      0.07895300729288246,
      0.37207011325454553,
      0.17281634483101527,
      0.9955464920855303,
      0.7331206509221954,
      0.5386381999688542,
      0.39924139702265893,
      0.2069417262349741,
      0.18638278300294076,
      0.5276332937882693,
      0.6015984856107799,
      0.738477463568368,
      0.012070075146157544,
      0.39691921306107414,
      0.9742478701988332,
      0.24929524690375904,
      0.2769088846934247,
      0.5292959918493957,
      0.07966113583142909,
      0.21578219897423678,
      0.7698762304225306,
      0.28290490199427065,
      0.9405319902264295,
      0.6002708120426894,
      0.45739250176265134,
      0.4463890668275149,
      0.9356395009266144,
      0.2565397437437217,
      0.45391089141763574,
      0.6693230026315135,
      0.02617703582476605,
      0.02531896787827681,
      0.5251034861530219,
      0.7031803637078137,
      0.058529304862222964,
      0.01939748304062039,
      0.5974268143442467,
      0.12381889677257696,
      0.6523379317512753,
      0.9321946265931902,
      0.591086092657511,
      0.1240378689225623,
      0.9362653987395712,
      0.5070649457786084,
      0.0919345703443104,
      0.7666644812076299,
      0.08779127460972835,
      0.33673866917057105,
      0.5896370886961854,
      0.2909284330490943,
      0.7323145070044182,
      0.7236888826592979,
      0.5710198786593059,
      0.7176901664961559,
      0.24203636076752333,
      0.41260492944946736,
      0.8738631246179162,
      0.4024116122514887,
      0.24035654060282785,
      0.3736574116109701,
      0.03336379466983419,
      0.6106387280493265,
      0.9364508555576203,
      0.22944403673237168,
      0.4365801853721185,
      0.8738519447485829,
      0.5050267126920194,
      0.453349231079773,
      0.993777465048396,
      0.3051647484911183,
      0.5080186252800102,
      0.5197698326970429,
      0.18403870897738006,
      0.28479427375720423,
      0.10024162543381976,
      0.18808052763581162
    ],