{
  "step": 21,
  "insect_id": "Honeybee",
  "timestamp": 1753377433.965374,
  "sensory_input": {
    "visual": [
      0.19119730407663224,
      0.9096524100433775,
      -1.2842999976626144,
      0.08776635885158834,
      -0.12908791797462263,
      1.4468824889229441,
      -1.0997260955509276,
      -0.7629391515141223,
      -1.0407970152938097,
      -1.2826792523887731
    ],
    "olfactory": [
      -0.6382592048726391,
      0.6230606645026976,
      -0.6772160310228749,
      0.5095576764730094,
      1.007991143918218
    ],
    "pheromonal": [
      3.19105185716694,
      0.20626386862525864,
      -0.5779378849459199
    ],
    "mechanosensory": [
      -1.2198277118024132,
      0.18694653178293982,
      0.9229197591849785,
      1.8734540856779793
    ]
  },
  "processed_output": {
    "visual": "[ 1.58601256e-01  9.78907823e-02  1.27286950e-01  3.11614647e-02\n  2.59455888e-01 -7.60978700e-04  1.78396438e-01 -1.05513709e-01\n  1.01915587e-01  5.66777410e-02 -2.25400786e-01  2.53766159e-01\n -8.41919136e-02  2.46849313e-02 -3.20458922e-01 -2.00730820e-01\n -3.69764560e-04  1.40365814e-01  4.72532953e-02 -3.99431375e-02\n -2.36631550e-03  4.34724547e-01  1.63015596e-01  3.14937557e-01\n -3.81334088e-01 -3.80749628e-01  1.57341760e-01 -2.83344850e-01\n  2.93760084e-01 -2.85149087e-02  2.88600690e-01  3.99651904e-01\n -1.56565903e-01  3.30910177e-01  5.98488355e-02 -4.58846133e-01\n -3.47482376e-02  7.39373816e-02  1.00083455e-01 -3.74940472e-01\n  2.00527784e-01  1.78051305e-01 -4.95658868e-02  2.74829166e-01\n  4.22269867e-01 -5.56718294e-02  1.65078441e-01 -3.63825491e-01\n  2.46216365e-02  1.07151405e-01  6.70270866e-02 -8.89587485e-02\n -3.32725643e-01  4.66350132e-01  3.03543026e-01 -4.21481895e-01\n  1.99917330e-01 -1.04470723e-01  3.45914541e-01 -1.22786933e-01\n -4.39866931e-01  2.69300871e-01 -2.13484347e-01 -1.77011538e-01\n -3.35396702e-01 -2.95587065e-02 -1.84918570e-01 -1.53972868e-01\n  3.04804351e-01 -1.34068744e-01  9.79409002e-02  4.98564789e-02\n -3.97948922e-02  4.08657011e-01  6.11972601e-01  2.46844903e-02\n  3.39346049e-02 -4.97967321e-01  2.12973644e-01  1.03029030e-01\n  4.00045751e-01  2.90945840e-01 -1.21222347e-01 -7.35265013e-02\n  4.61374293e-01 -1.53565351e-01  2.50618004e-01  4.65960692e-02\n -6.75336725e-02  3.51861225e-01  6.95192409e-02  3.24342398e-01\n  6.33557631e-01 -2.18337056e-02 -1.14177862e-01  2.39765779e-01\n -8.58690254e-02  4.31919670e-01 -2.79215977e-01  5.21533551e-02\n -1.62694068e-01 -3.04742738e-01  9.27612146e-02  2.34644671e-02\n  3.14287568e-01  1.13918018e-01  3.37970967e-01 -1.35080112e-01\n  1.35926588e-01 -2.65290611e-02  2.90728922e-01 -1.93404451e-01\n -2.16672855e-01 -1.68818559e-01  6.31809480e-01 -4.70675716e-01\n  9.20570510e-02  3.32227073e-01 -5.33190303e-01 -2.23148632e-01\n  2.54089987e-01  1.91771316e-01 -3.35763323e-01  3.92256291e-02\n  2.28618123e-01 -1.23004819e-01 -1.15189536e-01 -5.21624656e-02\n -6.55607085e-02 -5.07343358e-01 -4.11256868e-01  5.14913332e-02\n  4.74254952e-01 -2.35330113e-01  7.29116222e-02 -9.39782938e-03\n  1.34996160e-01 -3.11852586e-02  1.96363109e-01 -5.40744334e-01\n -2.21668857e-01  1.28220399e-01 -2.63057360e-01 -2.94346346e-01\n  2.10832167e-01 -2.61630900e-01  1.71347411e-01 -1.82445780e-01\n -9.89298204e-02  9.85674875e-02  3.01097755e-01 -6.08281780e-01\n  1.27123601e-01  5.33100276e-01  2.38066524e-01  2.99696225e-02\n  4.91184209e-01  3.49700241e-01  7.00845753e-02 -3.29975067e-01\n -6.10572904e-01 -3.37316132e-01 -1.11514474e-01 -1.37637369e-01\n -2.81941195e-01 -5.92406067e-02 -1.39621512e-01 -3.86388426e-01\n  2.70577565e-01  2.10366542e-01  3.84845006e-02 -2.68660683e-02\n  1.42000666e-01 -4.75682291e-01  6.63835152e-04 -8.67190012e-02\n -4.58580068e-01  4.63171880e-01  1.25174685e-01 -2.92823712e-01\n -3.91671092e-01 -3.47070514e-01 -1.63336901e-01  4.95580116e-02\n -3.56656910e-01 -3.70413037e-01 -1.50138422e-01  2.53383366e-01\n  2.86419465e-01 -3.60343314e-01 -9.92610909e-02 -4.70318378e-02\n -3.05663429e-01 -5.19202632e-02 -2.93899827e-02 -3.44983625e-02\n -2.88658529e-02  9.86650940e-02 -3.41741194e-02 -1.19044748e-01]",
    "olfactory": "[-2.55091543e-04  1.06428482e-01  3.11134337e-03 -2.87717035e-01\n  1.00726984e-01 -3.88868797e-02  1.62739404e-01  3.89107565e-02\n  2.86709267e-02 -1.59182555e-01  1.79550895e-01 -2.95210935e-01\n  2.47142882e-01  1.33286362e-02  1.54193255e-01 -2.68479404e-01\n -2.48525299e-01 -1.54367238e-01 -8.83686615e-02  1.05092906e-01\n -1.03401481e-01 -2.01014120e-01 -1.18549277e-01 -1.03098853e-02\n -1.43843269e-02  1.25423283e-01 -5.22745295e-02  1.23770054e-01\n -3.94329822e-01  2.30759496e-01]",
    "pheromonal": "[ 0.09713123 -0.39443274 -0.05150915 -0.39403499 -0.00699441 -0.53066682\n -0.05957337  0.04831833 -0.18661752  0.28251101 -0.01726443 -0.1162053\n -0.35424474  0.16694973  0.15076733  0.55922233  0.08373804  0.12557453\n -0.26111634 -0.36769076  0.11658931  0.37849107 -0.2252683  -0.25598867\n  0.16805079  0.08099807  0.09204762 -0.14921131  0.61482389 -0.1776505 ]",
    "mechanosensory": "[ 2.97591297e-01 -1.22938032e-01 -4.69440404e-02 -1.52845064e-01\n  1.48781835e-01 -9.59204218e-02 -7.31624998e-02  3.85477792e-02\n  4.44019553e-01  1.17536150e-01 -2.02712784e-01 -2.44874696e-01\n -1.99919722e-01 -1.06911607e-01 -2.79648927e-01  1.72039295e-01\n -4.45805861e-01  3.18137116e-01 -1.26885882e-01  9.30114651e-03\n -8.05521798e-02 -1.57073725e-01  3.33553124e-01  4.01168536e-01\n -6.93261860e-02 -1.94785085e-01  1.29653081e-01  1.39471849e-01\n  4.65675320e-01 -2.91291866e-01 -1.94962826e-01 -3.02288337e-01\n  8.42527341e-02 -1.67356979e-01 -9.72880871e-02  2.86937025e-01\n  3.19799599e-02  3.16127587e-01  1.09857517e-01  2.21257852e-02\n -1.93701544e-02  5.92848550e-01  5.69920716e-05  3.49406064e-01\n  6.94094445e-02 -1.25163138e-01  1.13877278e-02  3.46768850e-01\n  9.26628855e-03  1.68674304e-01 -8.35117009e-02  1.84879872e-01\n -8.49316255e-02 -1.15809994e-01  1.70006861e-01 -1.42083264e-01\n -2.83176240e-01 -3.03968641e-01 -8.80451834e-02 -4.46148573e-02]"
  },