{
  "step": 9,
  "insect_id": "Fruit_Fly",
  "timestamp": 1753377433.8184667,
  "sensory_input": {
    "visual": [
      0.3833199986546604,
      0.7606855434075304,
      0.6437151542101066,
      -0.01687298998421755,
      0.0773962418663326,
      -0.2859400648873782,
      -0.9978197538271473,
      0.816826348942151,
      0.6673960706147773,
      -0.38142945797583144
    ],
    "olfactory": [
      0.706183192344612,
      0.9559474429155428,
      2.0256977031935386,
      -0.5952383023147718,
      1.9287421389529575
    ],
    "pheromonal": [
      -0.15814280476833067,
      -1.3253851126510647,
      -0.5381273834362322
    ],
    "mechanosensory": [
      -0.4968038532365692,
      -1.1393319203689685,
      0.9759321266168801,
      1.8824123691813275
    ]
  },
  "processed_output": {
    "visual": "[-0.18429481 -0.09636563 -0.0609406   0.0858758   0.26606468 -0.06749146\n -0.01238701 -0.12582522 -0.1001243  -0.18380608  0.10317304 -0.01069326\n  0.19935424 -0.01201399 -0.02361895  0.22162259  0.14579188 -0.04818057\n -0.30562512  0.16565487 -0.12227028  0.00788938  0.40912097  0.23675646\n -0.06622438 -0.01517862 -0.0115898   0.23721067 -0.19924379  0.02057152\n  0.01522788  0.32576609  0.26042125  0.36217188 -0.14736449 -0.35345852\n -0.23240541  0.15995692 -0.09336585 -0.01624868  0.02320909 -0.1779031\n -0.00846107  0.10513081 -0.11589254  0.17236406  0.26710419 -0.17854944\n  0.23190502 -0.25297304  0.19642411 -0.10750596  0.0540612  -0.12168895\n -0.20322163 -0.05206024 -0.04812341 -0.22521213  0.11235801 -0.03048567\n -0.23007744 -0.20617247 -0.12478357  0.03461679  0.16951939 -0.07005913\n -0.37031186  0.14227637 -0.15964457 -0.14894052 -0.18079923  0.08415995\n  0.13533484  0.03907118 -0.10241429 -0.38885921 -0.24221777 -0.1339583\n -0.00453285 -0.0095932  -0.11096415  0.22122752  0.151137   -0.13521253\n -0.03308065 -0.19655048 -0.05337897 -0.09049144 -0.13245288 -0.16968408\n -0.17835051 -0.15113811  0.12256449 -0.03525778 -0.24059378  0.08713141\n  0.10413981 -0.30554082  0.2253648   0.12903309  0.29372641 -0.06940948\n  0.09151469 -0.07117664 -0.12412361 -0.06924073  0.39355528  0.22193702\n  0.02975145 -0.29830739 -0.05392047 -0.13328214  0.32147893 -0.11394937\n  0.05756343  0.05159455  0.04925781  0.0815552  -0.01633897  0.34323132\n -0.02995129 -0.14996724 -0.1762038  -0.03152142 -0.07723475 -0.08882203\n -0.01964514 -0.03227904 -0.02425301 -0.01331388  0.12529221  0.04939335\n  0.46042231  0.14823065  0.11164892  0.23111202  0.19494806  0.1245806\n -0.31390209  0.29978908 -0.0623808   0.02762092 -0.13978262  0.10832222\n -0.31719829  0.21156176 -0.0796234   0.08407864 -0.03547338 -0.03337903\n  0.01420653  0.24094413 -0.13823807 -0.01246718 -0.33721334  0.23553904\n  0.15351599 -0.0208477  -0.04432802 -0.05769348 -0.36978964  0.09296593\n -0.05846681  0.01374776 -0.10779103 -0.30159834  0.22813773 -0.04719014\n -0.02180471 -0.16540031  0.08256066 -0.07957833 -0.21179088 -0.01575801\n  0.19578122  0.04404191  0.06511465 -0.14498562 -0.01856039  0.00758859\n -0.32504983  0.26974605  0.25969132 -0.08081751  0.15661776 -0.37852024\n  0.14436889  0.20567236 -0.27405402  0.13750173  0.12554769  0.13386581\n  0.09845076  0.08492335  0.28455444 -0.14688119  0.26160367  0.24619042\n  0.05655019  0.25001815]",
    "olfactory": "[-0.18499335 -0.06253303  0.09562066 -0.12168401 -0.50009482  0.20983264\n  0.40177079 -0.03018936  0.20509334  0.21073943 -0.02876432 -0.25035638\n  0.13698987 -0.01714309  0.16243371 -0.0372415  -0.24302279 -0.2899782\n  0.06265665  0.17409304  0.08386231 -0.06365972  0.47537226  0.25197535\n -0.43550635 -0.12578447  0.46291382 -0.24631357 -0.48714051  0.19331459]",
    "pheromonal": "[-0.15812425 -0.02929219 -0.08779481 -0.1540121  -0.01713546  0.09219511\n -0.32471629 -0.12053628 -0.07671853  0.11529552  0.09215264  0.06639213\n -0.15365414  0.07681809 -0.10342439  0.08668278 -0.10869811  0.01743288\n -0.07515713 -0.11734296  0.09910575  0.17531785 -0.36945992  0.167742\n -0.03538409  0.13440511 -0.06007326  0.1887021   0.04361151  0.01500458]",
    "mechanosensory": "[ 0.15708375 -0.24613198 -0.30004248  0.02520541 -0.04671553  0.05063655\n  0.25808945 -0.24958347 -0.18112923 -0.45958795 -0.16189855 -0.39013021\n -0.02923735  0.1417174   0.20192628  0.14779971  0.28426935  0.02360511\n  0.06360483 -0.117569    0.01656075  0.04841263  0.05515976  0.63281975\n -0.00586966  0.23817557  0.17107714  0.22123494  0.18888727 -0.25440868\n  0.02168772 -0.30534218  0.03765272  0.08224755 -0.02794441  0.0057955\n  0.13789108  0.08586075 -0.04745423  0.23658988 -0.34617927  0.00378584\n  0.2666912  -0.38588036 -0.01209646  0.32262294  0.08071887  0.1973497\n  0.18868288 -0.54301064 -0.29967733 -0.47724059  0.19026755 -0.14255542\n -0.29373804 -0.00532894  0.1139131   0.27521258 -0.01743456 -0.09327156]"
  },
  "neural_activity": {
    "mushroom_body": [
      0.9573342550431373,
      0.5685218001748344,
      0.1532728767834156,
      0.440756085521535,
      0.4259028932173351,
      0.8065279792960456,
      0.735175839227128,
      0.5075710583125029,
      0.3182408848813949,
      0.1857101658658754,
      0.147293821091668,
      0.5144536606534947,
      0.45121488345427196,
      0.4906687440412314,
      0.9154397942576439,
      0.03221105435352989,
      0.5357325732152792,
      0.1382546922159048,
      0.36067250393003913,
      0.5332526610283069,
      0.8730295292421824,
      0.04063562036991242,
      0.7485949842136878,
      0.3405914174807766,
      0.18318381682710538,
      0.5600384713303344,
      0.1937550886838283,
      0.5397260475592325,
      0.5783223468361413,
      0.9653669883642755,
      0.4658507608321515,
      0.041218211917091296,
      0.9430155978024163,
      0.2674308460540551,
      0.7293295369440447,
      0.57561750059022,
      0.8256796537657,
      0.8151716530122752,
      0.5281132367497178,
      0.8266383224215215,
      0.7639307513444167,
      0.2648371836316852,
      0.5252438849384159,
      0.5541905466888357,
      0.37818191129782974,
      0.7450469935471635,
      0.2806576625628212,
      0.970184082071879,
      0.823677363336939,
      0.978073118620327,
      0.49119614886596097,
      0.6255023153178355,
      0.3681622586961123,
      0.27170809027288534,
      0.7049624491081308,
      0.9090151895400193,
      0.41775828586490404,
      0.6095412889618553,
      0.585938072687339,
      0.8930936343998793,
      0.9166908334120343,
      0.8584724743974405,
      0.4721485132611529,
      0.4807210850130702,
      0.966113607256765,
      0.14152773929286366,
      0.6864110737296917,
      0.8136470071682644,
      0.6496913523967113,
      0.8044161094802286,
      0.6584368982773874,
      0.7552418973233255,
      0.616923263713886,
      0.3417038976597814,
      0.3231289351313176,
      0.1544216935411289,
      0.7029083784993677,
      0.5724367368870931,
      0.2916010291694956,
      0.02198318626477036,
      0.1818806884802623,
      0.9196557994989446,
      0.6893228355088742,
      0.8528493442801934,
      0.33072324176447354,
      0.4919088973308279,
      0.9279620406010517,
      0.28301492112311355,
      0.076863264671996,
      0.21435225530737068,
      0.47425321392117226,
      0.3668784589614873,
      0.8654826015894379,
      0.22710319324722184,
      0.7957563775459994,
      0.5848636850024898,
      0.9513743724371871,
      0.09511916040574064,
      0.46089376742698995,
      0.027475684173515202
    ],