{
  "step": 27,
  "insect_id": "Honeybee",
  "timestamp": 1753377453.473514,
  "sensory_input": {
    "visual": [
      1.0822539323967506,
      0.7704115629380746,
      -1.0847401544708937,
      -1.038775113620814,
      -0.9805905829124193,
      -0.38322358962556474,
      -1.123638772203845,
      1.097125639492382,
      0.022862979524031567,
      1.3128851667212584
    ],
    "olfactory": [
      1.0373652357251197,
      -1.0092575750431774,
      0.5476312350266463,
      1.1617455407401076,
      -1.0118985413430224
    ],
    "pheromonal": [
      1.2035846490729925,
      -1.7964578262869662,
      1.5197268069941297
    ],
    "mechanosensory": [
      -1.1930825380648404,
      0.7191875412349469,
      0.20456098983723364,
      0.6059634157428258
    ]
  },
  "processed_output": {
    "visual": "[ 0.13886468 -0.49445228  0.12629219 -0.04168556  0.1993259  -0.23318443\n -0.01214197 -0.34478287  0.14783062  0.0833565   0.17455198  0.62720372\n -0.46467751 -0.27106122 -0.31905028  0.00411548 -0.52914949  0.03209187\n -0.40170361 -0.34036626  0.43403686  0.03152068  0.26717911 -0.22481809\n -0.43097565 -0.10789337 -0.16928977 -0.32841884  0.76238448 -0.42386967\n  0.14333992  0.0877254  -0.10176463  0.25787072  0.10684569  0.33636363\n  0.20613313 -0.10105557  0.67089277  0.58067373 -0.08856461  0.39923971\n -0.01764246  0.2590777  -0.33314122 -0.18689965 -0.54958281  0.29505333\n  0.27431803 -0.16960456 -0.05213301  0.18257884  0.04815676 -0.32627556\n  0.35330312 -0.46286414  0.06801484  0.29270484  0.15132174  0.02935218\n  0.24685465 -0.37524338 -0.12799437 -0.35924137 -0.09224052 -0.28786094\n -0.5293961  -0.38431053  0.27521093  0.08210103 -0.03157011 -0.1532148\n -0.07401465  0.43578996 -0.0415622  -0.06134841  0.01125257 -0.24806926\n  0.22987816 -0.22567755  0.07916599  0.04946354 -0.05167268  0.62310821\n  0.40894143  0.12889575 -0.08798962 -0.35479925  0.14482113  0.03414753\n -0.19631492  0.43292896  0.07779352 -0.25980074  0.21533035 -0.43478319\n -0.17080278  0.09217272 -0.03551821 -0.54364142 -0.06827618 -0.43288438\n  0.27105529  0.15837767  0.61240796  0.07579399  0.08023459  0.01095374\n -0.28420165  0.26973525 -0.31256056  0.4226644   0.40394407 -0.51585962\n  0.14893125 -0.39458316  0.01414466  0.23907719 -0.02342506 -0.49436177\n -0.14221463  0.07575771 -0.24236196  0.52313591 -0.16225598  0.19334785\n -0.19001082 -0.36709266  0.26145527  0.29733507  0.18519656 -0.13627351\n -0.05870428 -0.31366302 -0.18720085 -0.06119751 -0.47508133  0.36327441\n -0.1415339   0.16037617  0.35691833  0.36399054 -0.16950719  0.24034517\n  0.4731591   0.21040822 -0.0602905  -0.49249038 -0.274926   -0.34467413\n -0.36365233 -0.37601318  0.17139984 -0.06728434  0.46853908  0.11142283\n -0.04274401 -0.03513349  0.21451503  0.12241834  0.07913643  0.00663854\n -0.17777631  0.06640087  0.38349801  0.19340915 -0.18048266  0.12626131\n -0.39274012  0.01330534  0.17289346  0.34068611  0.50505112  0.05774231\n  0.39298335 -0.24276686  0.14859386 -0.16485896 -0.05793946 -0.09223816\n -0.67168115  0.19813307  0.00723253  0.33493878  0.04864066  0.65499461\n -0.00782617  0.32395355  0.35313673 -0.198165    0.6246577  -0.21136195\n -0.30319436  0.56075724  0.34390304  0.09076055 -0.14250068 -0.14463215\n -0.22355103 -0.244082  ]",
    "olfactory": "[ 0.28548885  0.19620248 -0.03103523  0.09872677 -0.52253308 -0.12128687\n  0.09926833 -0.27568401  0.05254139  0.27564364 -0.15610584  0.02558366\n -0.24965194  0.08969387 -0.04687219  0.36826996  0.23188777 -0.10528671\n -0.23588166  0.09566079 -0.00618264  0.42171829 -0.00649436  0.15979488\n -0.39659116 -0.02662153 -0.051684    0.12108468  0.36388491 -0.24410579]",
    "pheromonal": "[-0.16326812  0.09890403 -0.04674918  0.28419228 -0.51594187  0.14540258\n  0.18458372 -0.03674291  0.00828238  0.41564696 -0.58600575  0.1305147\n -0.17493662  0.19853336 -0.17438759  0.52730275  0.1147565   0.08221714\n -0.16951474  0.00500417  0.06388212  0.51401165  0.11388937  0.05985229\n -0.50791813 -0.23287417  0.10804493 -0.08939213  0.56389664 -0.15702063]",
    "mechanosensory": "[ 0.239572    0.02641654 -0.0905273  -0.04679329  0.12040603  0.09808248\n -0.19861779  0.08822381  0.39206052 -0.03153314 -0.14144122 -0.05649195\n -0.29117664  0.08640832 -0.10198641  0.15201899 -0.4062667   0.17512459\n  0.03286412  0.14320787 -0.11577403 -0.11589659  0.16733388  0.37964923\n  0.04459222 -0.16527452  0.02613928  0.0905671   0.44961524 -0.12569243\n -0.07140296 -0.13831114 -0.13130963 -0.01364731 -0.14437592  0.32578135\n -0.02931552  0.09300747  0.03400526 -0.08837821  0.10436942  0.35172965\n -0.05790109  0.20771696  0.05558812 -0.05169121 -0.23982777  0.07484452\n  0.00802034  0.00673806 -0.14106172  0.10701589 -0.1417362   0.00463386\n  0.19178435 -0.09788104 -0.06946926 -0.1842297  -0.061168    0.06055572]"
  },
  "neural_activity": {
    "mushroom_body": [
      0.12635954055289922,
      0.6510662603041527,
      0.6627929837081565,
      0.9059514415899972,
      0.694024905970108,
      0.13032535785611132,
      0.6785700910874193,
      0.25181423548906845,
      0.9354434499568303,
      0.9820695225306735,
      0.35894562736900226,
      0.09852715118231181,
      0.294853150261539,
      0.7462912346894797,
      0.7870932401371551,
      0.07062982415768515,
      0.48313936540704683,
      0.6622209359526908,
      0.115399259873879,
      0.6872873456110286,
      0.6981114122053442,
      0.504124699964496,
      0.8683273200191458,
      0.7166708401294236,
      0.6182749276751418,
      0.6232014757378306,
      0.39529436063508416,
      0.38233751371397573,
      0.7167883560053652,
      0.44552297638641014,
      0.9047130954552666,
      0.021405918043153394,
      0.7727889117003455,
      0.6159269939967781,
      0.06738501744015668,
      0.32597272676736,
      0.3087168672643883,
      0.9038271378155378,
      0.23784856178197233,
      0.18904989841550568,
      0.2210457214133057,
      0.848521080227047,
      0.3413897391223164,
      0.9617188178997028,
      0.787246394196182,
      0.10829421222201396,
      0.6481604816985572,
      0.7469217894494218,
      0.03391105392878513,
      0.15653537504224724,
      0.9992419020899515,
      0.6853055751030905,
      0.25484180859629757,
      0.9989993979407218,
      0.6524217395054385,
      0.6347337365749102,
      0.744143846619154,
      0.5150140806392638,
      0.7356517947329767,
      0.6376489951475847,
      0.45323207581238756,
      0.37210842438874125,
      0.7037428860280608,
      0.23895712561486693,
      0.5940955300660384,
      0.9945112193658604,
      0.707620198578572,
      0.9534313058612712,
      0.7114461577312933,
      0.4395467057289705,
      0.49249444180522495,
      0.06731022572559242,
      0.27550073951848686,
      0.8881137570119427,
      0.8104454683630198,
      0.58025781616706,
      0.5300344472969072,
      0.07180701688387292,
      0.3757757212457067,
      0.300809054944117,
      0.8118121304991793,
      0.8542922211831256,
      0.9187886496881005,
      0.9817062663157549,
      0.5612733835334486,
      0.2686584688003274,
      0.5043663782398784,
      0.18781304522437448,
      0.71123547918031,
      0.2222548857108344,
      0.5264317813777212,
      0.9750138797195244,
      0.07515074344946227,
      0.2914045013201676,
      0.7958427234065533,
      0.45715523003574077,
      0.5492189810560055,
      0.28384337953527417,
      0.4591770410905638,
      0.27511237675800737
    ],