{
  "step": 55,
  "insect_id": "Fruit_Fly",
  "timestamp": 1753377473.561432,
  "sensory_input": {
    "visual": [
      -0.4192509528840275,
      -0.4429966271221248,
      -0.7619348556481105,
      0.24890439241996623,
      -0.2538854567701245,
      1.0675244729425484,
      0.029205180418468986,
      -0.9665040605887315,
      0.320113706965009,
      -1.1479039063500054
    ],
    "olfactory": [
      -0.7032010630769723,
      -0.7656341594546641,
      -0.532478012843876,
      0.6563487952288601,
      1.3069957947155995
    ],
    "pheromonal": [
      -1.50340464569981,
      -0.7632164753415973,
      0.081794655021764
    ],
    "mechanosensory": [
      0.8139060550116893,
      0.08488913762603932,
      1.1982515736783899,
      0.3584228641909596
    ]
  },
  "processed_output": {
    "visual": "[ 1.16745382e-01  1.73678437e-02 -3.56439523e-02 -1.60066304e-02\n -1.24042321e-01  1.33742430e-01 -2.44254994e-01 -3.71355124e-02\n  2.75678661e-01  3.19481515e-02 -7.76606847e-02 -1.21801645e-01\n -2.44683904e-01 -1.42591015e-01  3.60053102e-01  7.09690628e-02\n  1.22813160e-01  2.43055416e-01  1.83324759e-01 -1.14122445e-01\n -1.62965507e-02  2.24309256e-01  1.70095556e-01 -4.41751880e-01\n -2.06840694e-01  1.81678940e-01  2.63133109e-01 -3.71609038e-01\n  2.34829395e-01  6.73214292e-02 -1.13942141e-02 -2.14952912e-02\n  2.61633051e-02 -4.44188845e-01 -1.17204145e-01  9.26070284e-02\n -1.52990573e-01  2.09389703e-01 -2.10118068e-02  3.79805850e-01\n -2.77131495e-01  2.12664387e-01 -5.50310217e-03  1.85131541e-01\n  2.41467725e-01 -1.78630495e-01  6.91135910e-02  3.24136242e-01\n -2.43395988e-01 -9.61780062e-02 -2.52595489e-01  1.28594752e-01\n -2.72492332e-01 -1.91288777e-01  2.76170421e-01  1.43863192e-01\n  4.10623651e-02 -3.27439171e-02 -1.37061611e-01  2.31492389e-01\n  1.93196820e-01  2.79956262e-01  9.58338875e-02 -3.16220841e-02\n  2.57217019e-01 -1.79621396e-02 -3.76583720e-01  1.39984520e-01\n  3.66093980e-01 -2.24269682e-01  1.17078486e-01  5.61101275e-02\n  5.16962827e-02 -1.57396178e-01  1.99275381e-01  4.49518420e-01\n -1.17781509e-01 -3.51544269e-01 -3.00436443e-01 -2.22225559e-01\n  1.64506945e-01 -3.70730442e-02 -2.54540788e-01 -2.79740146e-01\n -2.66750174e-02  3.52057498e-01 -2.18964490e-01  2.76041514e-01\n  1.23606333e-01  1.46869279e-01  1.78934197e-01  9.55741507e-02\n  1.44421399e-01 -4.65833715e-02  1.31512662e-01 -2.65738052e-01\n -1.16203576e-02 -2.41061171e-02  3.64687334e-01  4.02047835e-01\n -3.62956758e-01 -1.32152730e-01 -2.17229528e-01 -1.98934621e-01\n -1.09027583e-01  4.00960448e-01 -1.18305854e-01 -2.58712573e-01\n -2.35214340e-01  1.59542447e-01 -1.15265421e-02 -1.98368817e-02\n -2.81528638e-01  1.62915374e-04  3.08152006e-01  4.12749284e-01\n  9.49195854e-02 -5.35952987e-01  1.39064954e-01 -2.45010491e-01\n  2.75286828e-02  1.59046781e-01 -1.07537963e-02 -5.73837324e-01\n -2.20892980e-01 -2.03329039e-01  3.29715783e-01  1.06945775e-01\n  8.37916309e-02 -1.10340742e-01 -2.65521570e-01 -2.95501159e-01\n -2.43952186e-01 -1.25690453e-01 -7.51681826e-02 -3.87039548e-01\n -7.76967617e-04  2.26540393e-01  2.35625959e-01 -8.13673260e-02\n  2.94838801e-01 -3.49982348e-02  2.21251862e-01  5.93698335e-02\n  1.10566078e-01 -1.95587074e-01 -5.80789474e-02 -3.31517142e-01\n -1.46925094e-01  5.59559324e-02  2.00026275e-01  8.72209240e-02\n  1.31327068e-01 -1.38160045e-02  1.07133837e-01  4.29973330e-01\n -5.56363489e-01  7.81955882e-02 -2.26575998e-01 -2.97842176e-01\n  3.46365013e-01  1.05526755e-01  1.45519728e-01 -2.17524925e-01\n  2.90433046e-01  1.96141926e-01 -2.82628691e-01  1.71708713e-01\n -1.40884506e-01 -2.42130726e-02 -3.72850969e-01  5.16274157e-02\n  9.96152931e-02  1.25993159e-02 -5.75578174e-02  2.97134458e-01\n -9.08999997e-02  2.84605566e-01 -2.24505627e-01 -5.78767074e-02\n  8.88084636e-02  1.11340662e-01 -2.12723164e-01  1.90059825e-02\n  2.34317403e-02  3.68145479e-01 -4.92961802e-02 -4.10861635e-01\n  3.55083755e-01 -2.95513639e-02  3.52851956e-01  4.92117121e-02\n -1.24998252e-01 -3.71866718e-01 -7.49873441e-02  3.26219058e-01\n -2.39866774e-02 -2.78736545e-01 -1.85019240e-01 -3.53785130e-01]",
    "olfactory": "[-0.24349398  0.32298796  0.07337719 -0.11796685 -0.13773268  0.17016654\n -0.2408041  -0.13451239  0.08310309 -0.04393308  0.05965858  0.12538811\n -0.38258734 -0.03037559  0.05137649 -0.09044074 -0.2407695  -0.0304946\n -0.28615048 -0.03411889  0.26397107  0.06725907 -0.11852702  0.19470968\n -0.15281192 -0.01047044  0.20628781  0.06309655 -0.3940625  -0.12794755]",
    "pheromonal": "[ 0.06937296 -0.12455718 -0.02653733 -0.0565842  -0.17048661 -0.01956491\n -0.30402692 -0.20301885 -0.14325445 -0.30060772  0.02553066  0.15437631\n -0.10634225  0.13246016 -0.21302189  0.18271114 -0.09628861  0.27234628\n -0.0563138   0.10015678  0.05176948  0.25118566 -0.21971445  0.09354012\n  0.17309761  0.12459457  0.08880441 -0.0554175  -0.25290456 -0.17845885]",
    "mechanosensory": "[ 0.09219603 -0.02080518 -0.14981717  0.05766524  0.13682147 -0.03651336\n  0.26608853  0.00830788 -0.07348415 -0.3260629   0.11826797 -0.12296897\n  0.07483284  0.01043827  0.00499487 -0.11512484  0.00884573  0.0592495\n -0.0843008   0.01255255  0.12947814  0.18683826  0.05541505  0.10082623\n -0.12189455  0.22055613 -0.08818391  0.25866119  0.06335379 -0.21622654\n  0.12381112 -0.12301358  0.01507003 -0.08849112 -0.14041674 -0.03100788\n  0.21325561  0.12155953 -0.06568153 -0.16973416 -0.15557264  0.12512754\n  0.10676104 -0.04943937  0.04180965 -0.01815605 -0.02255165  0.13731465\n  0.09799462  0.06146686  0.04608942 -0.17441921  0.34818246 -0.10619979\n -0.22594957  0.01183517  0.07896046  0.04696787 -0.10575467 -0.02146534]"
  },