{
  "step": 46,
  "insect_id": "Honeybee",
  "timestamp": 1753377453.7008023,
  "sensory_input": {
    "visual": [
      -0.6931054926648523,
      0.8506625493462037,
      0.8788176006920877,
      0.2851862795647986,
      -0.5600670816199371,
      0.9283529851993693,
      -0.3217197641342532,
      -0.9697492985098058,
      0.05626381104512883,
      -0.041309461670713386
    ],
    "olfactory": [
      0.90488599379974,
      0.44874382124422973,
      -0.013489656952375901,
      0.8398280172572288,
      0.306632087922723
    ],
    "pheromonal": [
      0.1471627210976592,
      1.83610695482243,
      1.4308922623745477
    ],
    "mechanosensory": [
      0.5747123039409587,
      -0.5321079792700536,
      -1.5930245488170873,
      0.36471518331460073
    ]
  },
  "processed_output": {
    "visual": "[ 0.0815768   0.07418583  0.10915645 -0.01319932  0.28974554 -0.03022078\n  0.04570698  0.09374406 -0.1299166   0.06021236 -0.10176789  0.02996967\n  0.12702596  0.05191271  0.40674066  0.24902786  0.33591058  0.10502044\n  0.03793118 -0.08943415 -0.08450461  0.11143173 -0.17267478  0.050244\n -0.23848791  0.04443381 -0.2054461   0.2074627  -0.18310339  0.15491065\n -0.14007011  0.30837764 -0.02567856 -0.1164459   0.13397874 -0.38425922\n -0.02851403  0.27723264 -0.28360732 -0.50577369  0.22055555  0.28230524\n -0.02941443 -0.04641611 -0.08562766 -0.17156229  0.34983393 -0.23290712\n -0.44794416  0.21550971 -0.01453562 -0.14526828 -0.210306    0.14961818\n  0.18255913  0.15757568 -0.11921686 -0.02027329 -0.22815469 -0.11838999\n -0.19511933  0.15181071  0.35068914  0.07118052 -0.17231047  0.46135485\n -0.29069775 -0.03507325  0.06587633 -0.02317799 -0.20675819 -0.02333862\n -0.09939953 -0.37015131  0.19577825  0.11238119  0.08196105 -0.22292353\n -0.22464126  0.20800357  0.07514901  0.15702599  0.32890167 -0.08255181\n -0.01405047 -0.17423899 -0.16513119  0.00287571  0.09130861  0.2440526\n  0.20802917  0.12680682 -0.09158036  0.0455648  -0.33317412  0.0298569\n  0.13433373  0.15880971 -0.07303641  0.47738138 -0.18986498  0.16262037\n -0.3809833   0.112018    0.02609906 -0.04828192 -0.21859892 -0.05295829\n -0.02617726 -0.16144586  0.14661729 -0.07950757 -0.29240872  0.41798614\n -0.27034059 -0.10705692 -0.08611274  0.17089857  0.00322101 -0.07313759\n  0.46795513 -0.02587925  0.10106153 -0.05324272 -0.01374521 -0.17696668\n  0.16737235  0.06109502 -0.074157   -0.39321738 -0.4221657  -0.1263216\n  0.15336201 -0.28271704 -0.16322285 -0.00438166  0.28653267 -0.00387333\n  0.04114984 -0.05947139 -0.17005443  0.05322036 -0.16698803  0.03154824\n -0.00121665 -0.14629237  0.0851402   0.17396771  0.18512182  0.11461535\n  0.19295302 -0.18391091 -0.03883911  0.19856253 -0.08868977  0.10947786\n  0.12684591  0.03969542 -0.12923618 -0.15569438 -0.4131209   0.09454164\n -0.2150413   0.25861907  0.06084674  0.06033039 -0.17094625  0.00826357\n  0.33673732 -0.21678313  0.25763576 -0.36020869 -0.22492266 -0.11045688\n -0.29430581  0.00669458 -0.19239262 -0.13320688 -0.07083927 -0.22282417\n  0.07652094  0.3396643   0.16395296 -0.22333852 -0.10839944 -0.08677616\n -0.1630831  -0.3152008  -0.10850858 -0.06395851  0.03495428 -0.02944459\n  0.11627604 -0.29608428  0.12849768 -0.19584312  0.2736866   0.23413265\n  0.10665257  0.10915837]",
    "olfactory": "[ 0.10412148  0.07616781  0.05846848 -0.31786102 -0.24918802 -0.23108396\n  0.16535555 -0.0605626   0.11836132  0.01201357  0.06830443 -0.12858064\n -0.06758138  0.14997733  0.0264523   0.10207356 -0.07557146 -0.12700116\n -0.14860454  0.11834005 -0.06334764  0.18546039 -0.23172912  0.01300234\n -0.13455588  0.13636435 -0.02512553  0.0051182   0.02382369 -0.02783291]",
    "pheromonal": "[-0.14586095  0.10907358  0.34323179 -0.2432134  -0.26496341 -0.02409263\n  0.07168566  0.06720568  0.49023974 -0.34321713  0.14736583  0.41164235\n -0.1574329   0.21418348 -0.39485422 -0.21499162 -0.07593582 -0.0433589\n  0.36448966  0.42366933 -0.08683133  0.08252998 -0.36878565  0.09225917\n  0.10201976  0.19180865  0.01836424 -0.36208224 -0.21515465 -0.16509359]",
    "mechanosensory": "[-0.12341814 -0.24720369  0.05490252 -0.15498855 -0.08309892  0.09877945\n  0.10818097  0.25001261 -0.31256905 -0.09852242  0.35502734 -0.30765041\n  0.35775672 -0.00535326  0.01968645 -0.33276228  0.00984831  0.05734089\n  0.05289339 -0.1240434   0.15072417 -0.03049397  0.01545707 -0.14420187\n  0.19714556 -0.01732823  0.17214674 -0.12027858 -0.46249414  0.19543464\n  0.1430791  -0.09498004  0.12999286  0.2116715  -0.11571368 -0.26035677\n -0.12078511 -0.37575691 -0.19832292 -0.0777841   0.10862687 -0.01642045\n  0.09372664 -0.30731633 -0.01878095 -0.10488786  0.09778617  0.03911435\n -0.15024994  0.14797212 -0.38877475  0.00978696  0.34005661  0.18784969\n -0.02422869  0.00513379  0.02119267 -0.07673724 -0.17436282 -0.3947849 ]"
  },
  "neural_activity": {
    "mushroom_body": [
      0.12635954055289922,
      0.6510662603041527,
      0.6627929837081565,
      0.9059514415899972,
      0.694024905970108,
      0.13032535785611132,
      0.6785700910874193,
      0.25181423548906845,
      0.9354434499568303,
      0.9820695225306735,
      0.35894562736900226,
      0.09852715118231181,
      0.294853150261539,
      0.7462912346894797,
      0.7870932401371551,
      0.07062982415768515,
      0.48313936540704683,
      0.6622209359526908,
      0.115399259873879,
      0.6872873456110286,
      0.6981114122053442,
      0.504124699964496,
      0.8683273200191458,
      0.7166708401294236,
      0.6182749276751418,
      0.6232014757378306,
      0.39529436063508416,
      0.38233751371397573,
      0.7167883560053652,
      0.44552297638641014,
      0.9047130954552666,
      0.021405918043153394,
      0.7727889117003455,
      0.6159269939967781,
      0.06738501744015668,
      0.32597272676736,
      0.3087168672643883,
      0.9038271378155378,
      0.23784856178197233,
      0.18904989841550568,
      0.2210457214133057,
      0.848521080227047,
      0.3413897391223164,
      0.9617188178997028,
      0.787246394196182,
      0.10829421222201396,
      0.6481604816985572,
      0.7469217894494218,
      0.03391105392878513,
      0.15653537504224724,
      0.9992419020899515,
      0.6853055751030905,
      0.25484180859629757,
      0.9989993979407218,
      0.6524217395054385,
      0.6347337365749102,
      0.744143846619154,
      0.5150140806392638,
      0.7356517947329767,
      0.6376489951475847,
      0.45323207581238756,
      0.37210842438874125,
      0.7037428860280608,
      0.23895712561486693,
      0.5940955300660384,
      0.9945112193658604,
      0.707620198578572,
      0.9534313058612712,
      0.7114461577312933,
      0.4395467057289705,
      0.49249444180522495,
      0.06731022572559242,
      0.27550073951848686,
      0.8881137570119427,
      0.8104454683630198,
      0.58025781616706,
      0.5300344472969072,
      0.07180701688387292,
      0.3757757212457067,
      0.300809054944117,
      0.8118121304991793,
      0.8542922211831256,
      0.9187886496881005,
      0.9817062663157549,
      0.5612733835334486,
      0.2686584688003274,
      0.5043663782398784,
      0.18781304522437448,
      0.71123547918031,
      0.2222548857108344,
      0.5264317813777212,
      0.9750138797195244,
      0.07515074344946227,
      0.2914045013201676,
      0.7958427234065533,
      0.45715523003574077,
      0.5492189810560055,
      0.28384337953527417,
      0.4591770410905638,
      0.27511237675800737
    ],