{
  "step": 90,
  "insect_id": "Fruit_Fly",
  "timestamp": 1753377493.4888697,
  "sensory_input": {
    "visual": [
      0.48434557574740905,
      0.31964541023447385,
      -0.5744366230512228,
      1.8591576878304645,
      0.03437364854898051,
      0.43637031303522206,
      0.11018173835948962,
      -1.0235269481167601,
      0.2856519722083863,
      -1.0831268010011061
    ],
    "olfactory": [
      -0.7430641179426978,
      -0.01747889698366565,
      -0.3314077611949594,
      0.2668662494959371,
      -0.20090418232396623
    ],
    "pheromonal": [
      -0.04110780233462776,
      -0.31400297119665893,
      -2.3347899815777025
    ],
    "mechanosensory": [
      -1.9377206714384971,
      0.5803339622059939,
      -1.0557393957525667,
      -0.5099079907280845
    ]
  },
  "processed_output": {
    "visual": "[ 0.19308414 -0.33210913 -0.0414571   0.02434952  0.1999651  -0.16474266\n -0.17224577 -0.06719934  0.39733299 -0.15228401 -0.20633458  0.05442718\n -0.50926795 -0.69286855  0.26382777  0.18248549  0.09231816  0.43426554\n -0.19339123 -0.2525007   0.06580299  0.43812913  0.20787083 -0.18855605\n -0.12807727  0.32248707  0.05050368 -0.26120468  0.19001498 -0.00742655\n -0.27621767  0.30550031 -0.60269336 -0.26215471 -0.04243333 -0.20346743\n  0.13839827  0.34055261  0.19643037  0.08836868 -0.29213341 -0.12980004\n  0.0805297   0.07450452  0.12376219  0.29194445  0.0941104   0.29414019\n -0.34847129  0.08946365 -0.14419608 -0.20388591 -0.12465479 -0.10679733\n  0.61522276  0.05247586 -0.0937237  -0.06395873 -0.06308287  0.26345639\n  0.01213688  0.50418551 -0.29145413 -0.21677786  0.36115353  0.14706947\n -0.39159384 -0.18590096 -0.04702966 -0.04362006 -0.0396851   0.22462132\n  0.09424036 -0.01706085  0.16788772  0.18945906  0.11188881 -0.36595666\n -0.51343616  0.23838021 -0.07783165 -0.05378695 -0.11347158 -0.08501435\n  0.06489415 -0.05037365 -0.24459743  0.13524319  0.00761876  0.41630129\n  0.1983504  -0.01848925  0.20190146  0.07950335 -0.08219721 -0.18796597\n -0.00657246 -0.0481078   0.36239679  0.34810799 -0.2994062  -0.24108714\n -0.14038858 -0.12850352  0.11164152  0.42042654  0.07330997 -0.20148621\n -0.12182572 -0.39331666  0.04992597  0.04416267  0.21906991 -0.11765257\n  0.2856954   0.56939483  0.19907367 -0.08613302  0.01585994 -0.23023348\n -0.21021258 -0.12640325 -0.23473906 -0.68984453 -0.1237443   0.19397767\n  0.23633817  0.11747083  0.1432562   0.01899315 -0.48392145 -0.07878733\n -0.39728893 -0.2479906  -0.11401729  0.00945325 -0.00874052  0.1888665\n  0.05719572  0.46505605  0.06573629  0.46277781  0.01867093  0.48334457\n  0.23015403 -0.4115311  -0.20863656 -0.33031064  0.07959256  0.09974062\n  0.2054574   0.00655702  0.07640304  0.15119546 -0.0614152   0.22757619\n -0.42861192  0.22528311 -0.04062387  0.06581998  0.19524847 -0.03074025\n -0.10399946 -0.31817482  0.19637925  0.07586385 -0.4481339   0.09297736\n -0.50274681 -0.15366503 -0.29554922 -0.20661036  0.26297254 -0.05775321\n  0.14551849  0.68396361 -0.30760733  0.02450488 -0.02704206 -0.20387859\n -0.12967329  0.17590801  0.01514855 -0.02327538  0.01509402  0.3532187\n  0.08766027  0.02467446  0.28016478  0.35427941  0.26386564 -0.04624265\n -0.34104969 -0.33014538 -0.11748425  0.30803897  0.09240122 -0.36163593\n  0.02169877 -0.22026362]",
    "olfactory": "[ 0.09311894  0.05738093  0.02480556  0.05863531  0.0593073  -0.06821404\n -0.09927008 -0.03472243 -0.04786123 -0.2150399  -0.01434642  0.11007802\n -0.07970345  0.00735006 -0.05159345  0.00873119  0.0261186   0.14811071\n -0.05775056  0.03701619  0.00568928  0.03103099 -0.04273864 -0.07110071\n  0.15321797  0.00758087 -0.02220591 -0.03376689 -0.062292   -0.14199584]",
    "pheromonal": "[-0.07735555  0.47328107  0.07282871 -0.03506958  0.51583827 -0.10412355\n -0.16982675 -0.1406916  -0.12380661  0.05666219  0.13641258  0.27480974\n -0.3821255  -0.02575044  0.17098583 -0.34987144 -0.19893002 -0.18381243\n -0.15353536 -0.32364971  0.14650289 -0.13253738 -0.24080771 -0.11328164\n -0.1417917   0.02517977 -0.24860005  0.23664465  0.13764826 -0.23348662]",
    "mechanosensory": "[ 0.00428997 -0.25539905  0.19179707 -0.31607566 -0.10522903  0.10884279\n -0.30025614  0.25111925 -0.19252526  0.56619241 -0.03588253  0.09842141\n -0.06153614 -0.00836977  0.32440293  0.11260638  0.01885525  0.01766251\n  0.14520617 -0.00972828 -0.12832391 -0.28282266 -0.13395375 -0.30073952\n  0.10904684 -0.2957119   0.2166959  -0.39534071  0.01413278  0.32123768\n -0.02755902  0.23495629 -0.04422514  0.26539098  0.20553378  0.01172155\n -0.08253835 -0.17558973  0.16517376  0.27869178  0.2052972  -0.3750729\n -0.08510308  0.026865   -0.21436514 -0.1637706   0.16009818 -0.26833732\n -0.12060384 -0.14407507 -0.06160854  0.34090467 -0.41317332 -0.00556439\n  0.08789326  0.01105814 -0.05764577 -0.07503743  0.20995412  0.01857199]"
  },
  "neural_activity": {
    "mushroom_body": [
      0.9573342550431373,
      0.5685218001748344,
      0.1532728767834156,
      0.440756085521535,
      0.4259028932173351,
      0.8065279792960456,
      0.735175839227128,
      0.5075710583125029,
      0.3182408848813949,
      0.1857101658658754,
      0.147293821091668,
      0.5144536606534947,
      0.45121488345427196,
      0.4906687440412314,
      0.9154397942576439,
      0.03221105435352989,
      0.5357325732152792,
      0.1382546922159048,
      0.36067250393003913,
      0.5332526610283069,
      0.8730295292421824,
      0.04063562036991242,
      0.7485949842136878,
      0.3405914174807766,
      0.18318381682710538,
      0.5600384713303344,
      0.1937550886838283,
      0.5397260475592325,
      0.5783223468361413,
      0.9653669883642755,
      0.4658507608321515,
      0.041218211917091296,
      0.9430155978024163,
      0.2674308460540551,
      0.7293295369440447,
      0.57561750059022,
      0.8256796537657,
      0.8151716530122752,
      0.5281132367497178,
      0.8266383224215215,
      0.7639307513444167,
      0.2648371836316852,
      0.5252438849384159,
      0.5541905466888357,
      0.37818191129782974,
      0.7450469935471635,
      0.2806576625628212,
      0.970184082071879,
      0.823677363336939,
      0.978073118620327,
      0.49119614886596097,
      0.6255023153178355,
      0.3681622586961123,
      0.27170809027288534,
      0.7049624491081308,
      0.9090151895400193,
      0.41775828586490404,
      0.6095412889618553,
      0.585938072687339,
      0.8930936343998793,
      0.9166908334120343,
      0.8584724743974405,
      0.4721485132611529,
      0.4807210850130702,
      0.966113607256765,
      0.14152773929286366,
      0.6864110737296917,
      0.8136470071682644,
      0.6496913523967113,
      0.8044161094802286,
      0.6584368982773874,
      0.7552418973233255,
      0.616923263713886,
      0.3417038976597814,
      0.3231289351313176,
      0.1544216935411289,
      0.7029083784993677,
      0.5724367368870931,
      0.2916010291694956,
      0.02198318626477036,
      0.1818806884802623,
      0.9196557994989446,
      0.6893228355088742,
      0.8528493442801934,
      0.33072324176447354,
      0.4919088973308279,
      0.9279620406010517,
      0.28301492112311355,
      0.076863264671996,
      0.21435225530737068,
      0.47425321392117226,
      0.3668784589614873,
      0.8654826015894379,
      0.22710319324722184,
      0.7957563775459994,
      0.5848636850024898,
      0.9513743724371871,
      0.09511916040574064,
      0.46089376742698995,
      0.027475684173515202
    ],