{
  "step": 98,
  "insect_id": "Fruit_Fly",
  "timestamp": 1753377493.582883,
  "sensory_input": {
    "visual": [
      -0.9067580371963825,
      0.6647043487722676,
      0.29031532052022574,
      -0.6211259316552696,
      1.1852652118985654,
      -0.5763705323176248,
      -0.991169882618437,
      -1.073942464806874,
      -0.9020400079153714,
      -2.2066989711470058
    ],
    "olfactory": [
      -0.20334023451565542,
      0.12700401475932782,
      1.2715802656184205,
      0.14459851302032295,
      -1.4539829025091255
    ],
    "pheromonal": [
      0.013021685106245335,
      1.0299815506909733,
      0.18307039497051178
    ],
    "mechanosensory": [
      1.564701281277034,
      1.2397122870549777,
      -0.03708707249801337,
      0.007137822884030887
    ]
  },
  "processed_output": {
    "visual": "[ 0.04934317 -0.10264889  0.44373431  0.42730351 -0.50910144 -0.07579179\n -0.61796384 -0.24449152  0.37898281  0.02344828 -0.3027345   0.30715404\n -0.08886955  0.47622899  0.368341   -0.19893447 -0.3364561   0.40137977\n  0.00469419  0.1795916  -0.20609055  0.21076876  0.28283646 -0.00760766\n -0.50357923 -0.10439116  0.68680513  0.07244876  0.14127978  0.08521064\n  0.12383324 -0.2018056   0.32101422  0.41966383  0.26139141 -0.58515452\n -0.46429684 -0.00750174  0.13570839 -0.09316131 -0.44259426  0.32563158\n  0.45537663  0.29920317 -0.57151002 -0.51152986  0.11359183  0.07014919\n -0.5620287   0.10182237 -0.09980971  0.57553995 -0.51908899  0.40810072\n -0.01443645 -0.01199841 -0.14392893 -0.26188171 -0.47703795 -0.14003704\n -0.11717335 -0.02850287  0.12567696  0.1357414   0.10742742 -0.23793226\n -0.41995875 -0.06677341 -0.47298998 -0.38696609 -0.55106152  0.45867631\n -0.06525732  0.08919995 -0.4804214  -0.30075987 -0.08989263 -0.29261335\n  0.31349599 -0.18039945 -0.43719924 -0.16626651 -0.09501283 -0.09124583\n  0.05786968  0.00115306 -0.05862501  0.27213222 -0.05075588 -0.44217867\n -0.21708165 -0.49852045  0.64475958 -0.46228483 -0.3643325   0.10081643\n  0.61164214 -0.03337725  0.32767654  0.20504504  0.61668089 -0.4434402\n -0.24869426 -0.12988405 -0.07866758  0.19671874  0.09499353  0.25032547\n -0.4830122   0.13583123 -0.03233988 -0.09292901 -0.17730254  0.03545163\n  0.19713492  0.42474803 -0.0389504  -0.61022782 -0.10487136  0.1785898\n  0.59925842 -0.4333101  -0.20478017 -0.41902049  0.17429519  0.20248883\n  0.33289218 -0.32589679 -0.32056095 -0.36432387 -0.2936549   0.05618101\n  0.6266133  -0.18267324  0.11195152 -0.20824545  0.36536448  0.31333176\n  0.39759848  0.14213127  0.32198005 -0.28989121  0.25922753 -0.01148133\n  0.51572065 -0.04474692 -0.26139916  0.08906006  0.05018488  0.50164948\n  0.27941216 -0.35332886  0.20281077  0.34536553 -0.4676223   0.32457098\n -0.12316789  0.36439134 -0.51371023 -0.56460688 -0.47337388  0.52696215\n  0.36524639 -0.35088873  0.20689351  0.21436405 -0.02568148  0.09055584\n -0.0991685   0.06816051 -0.19686176  0.2631397  -0.08260136 -0.1601449\n  0.09669483  0.30085722  0.26648576  0.27216603 -0.26564247  0.03984752\n  0.02242032  0.17444386  0.16044451 -0.28447259  0.23127196 -0.16844652\n  0.35784761 -0.34904385 -0.15818416  0.37699524  0.56337164  0.16805259\n  0.12304237 -0.49967871  0.3290204  -0.4465829   0.1180396  -0.45298217\n  0.09070893 -0.02352297]",
    "olfactory": "[ 0.26708171 -0.49409593 -0.13080526  0.15294227 -0.18735181 -0.08487468\n  0.02436439  0.19240529 -0.02047304 -0.18833905 -0.1396117  -0.15628693\n  0.40519463  0.03773212 -0.25685382  0.36557238  0.38640754  0.3447161\n  0.19862498  0.24025465 -0.26681191  0.12693638  0.01739241 -0.11360337\n  0.42292555  0.03722498 -0.09117339 -0.13052818  0.26378115  0.13732998]",
    "pheromonal": "[ 0.13088671  0.07691093  0.08137602  0.12276527  0.06974778 -0.09243033\n  0.23691263  0.06988399  0.03919305 -0.11516567 -0.06001414 -0.01055041\n  0.07485955 -0.05814963  0.09199468 -0.10313316  0.06097702 -0.01553391\n  0.04101796  0.06753811 -0.06269572 -0.14571754  0.27555853 -0.14927015\n  0.02647139 -0.10188274  0.02749162 -0.13681113 -0.040452   -0.05528819]",
    "mechanosensory": "[-0.18588749  0.36039894  0.07062479  0.04847125  0.30431427 -0.06372331\n -0.01998096  0.09025151  0.32806313  0.0129035   0.06434032  0.26346782\n  0.05566254 -0.248695   -0.15448061 -0.26611153 -0.24565549 -0.16412397\n -0.01130029  0.154615    0.12839356 -0.02347962 -0.00247986 -0.15514008\n -0.03580055 -0.05821106 -0.31674644  0.42219253 -0.16936389  0.00532145\n  0.22166669  0.08516899 -0.15948309 -0.15214002 -0.11702563 -0.06173096\n -0.04938766 -0.00152053 -0.11680274 -0.27960112  0.16753722  0.18486208\n -0.14563645  0.38792665 -0.15567519  0.01332442 -0.14714491  0.11698012\n  0.05841208  0.58382517  0.11653225  0.19967785  0.31021977 -0.06610317\n -0.04004193 -0.12755719  0.04091724 -0.02625865 -0.30790034  0.25267909]"
  },
  "neural_activity": {
    "mushroom_body": [
      0.9573342550431373,
      0.5685218001748344,
      0.1532728767834156,
      0.440756085521535,
      0.4259028932173351,
      0.8065279792960456,
      0.735175839227128,
      0.5075710583125029,
      0.3182408848813949,
      0.1857101658658754,
      0.147293821091668,
      0.5144536606534947,
      0.45121488345427196,
      0.4906687440412314,
      0.9154397942576439,
      0.03221105435352989,
      0.5357325732152792,
      0.1382546922159048,
      0.36067250393003913,
      0.5332526610283069,
      0.8730295292421824,
      0.04063562036991242,
      0.7485949842136878,
      0.3405914174807766,
      0.18318381682710538,
      0.5600384713303344,
      0.1937550886838283,
      0.5397260475592325,
      0.5783223468361413,
      0.9653669883642755,
      0.4658507608321515,
      0.041218211917091296,
      0.9430155978024163,
      0.2674308460540551,
      0.7293295369440447,
      0.57561750059022,
      0.8256796537657,
      0.8151716530122752,
      0.5281132367497178,
      0.8266383224215215,
      0.7639307513444167,
      0.2648371836316852,
      0.5252438849384159,
      0.5541905466888357,
      0.37818191129782974,
      0.7450469935471635,
      0.2806576625628212,
      0.970184082071879,
      0.823677363336939,
      0.978073118620327,
      0.49119614886596097,
      0.6255023153178355,
      0.3681622586961123,
      0.27170809027288534,
      0.7049624491081308,
      0.9090151895400193,
      0.41775828586490404,
      0.6095412889618553,
      0.585938072687339,
      0.8930936343998793,
      0.9166908334120343,
      0.8584724743974405,
      0.4721485132611529,
      0.4807210850130702,
      0.966113607256765,
      0.14152773929286366,
      0.6864110737296917,
      0.8136470071682644,
      0.6496913523967113,
      0.8044161094802286,
      0.6584368982773874,
      0.7552418973233255,
      0.616923263713886,
      0.3417038976597814,
      0.3231289351313176,
      0.1544216935411289,
      0.7029083784993677,
      0.5724367368870931,
      0.2916010291694956,
      0.02198318626477036,
      0.1818806884802623,
      0.9196557994989446,
      0.6893228355088742,
      0.8528493442801934,
      0.33072324176447354,
      0.4919088973308279,
      0.9279620406010517,
      0.28301492112311355,
      0.076863264671996,
      0.21435225530737068,
      0.47425321392117226,
      0.3668784589614873,
      0.8654826015894379,
      0.22710319324722184,
      0.7957563775459994,
      0.5848636850024898,
      0.9513743724371871,
      0.09511916040574064,
      0.46089376742698995,
      0.027475684173515202
    ],