{
  "step": 8,
  "insect_id": "Fruit_Fly",
  "timestamp": 1753377433.8067987,
  "sensory_input": {
    "visual": [
      0.4679484055320637,
      -1.9231898626872854,
      2.1477064109422552,
      -0.0520728421019336,
      -0.11089570977882325,
      0.1927433206160045,
      -0.012851868129157,
      2.2178879378819585,
      0.08394409373562567,
      2.147042566994841
    ],
    "olfactory": [
      -0.6178590905270501,
      -2.3088946095653635,
      0.4236132366507219,
      -1.2611156454367565,
      -0.16069239119823459
    ],
    "pheromonal": [
      -1.0451297045289856,
      -0.9898337727231353,
      -0.02833424805426019
    ],
    "mechanosensory": [
      0.3054517331746267,
      0.9727264726618273,
      -0.004107546475541073,
      -0.9462845378241295
    ]
  },
  "processed_output": {
    "visual": "[-0.26685827  0.20703763 -0.32429489 -0.43383643  0.54412734 -0.2596111\n  0.60412134 -0.06227217 -0.21728605 -0.12944818  0.44493143 -0.1435566\n  0.6167648  -0.24890833 -0.42236827  0.09216633  0.1939992  -0.60909756\n  0.10892637  0.06262007  0.181819   -0.51048701 -0.38266528  0.28370871\n  0.21516993  0.14031413 -0.76951176  0.43423094 -0.42645366  0.10370423\n  0.34019552  0.19056784  0.41918369  0.47782218 -0.32629702  0.26027143\n  0.14432927 -0.43438817 -0.17205721  0.03363425  0.57047803  0.05200254\n -0.37543392 -0.26210513  0.31690449  0.07391544  0.09391431 -0.35940054\n  0.39919185 -0.43048948  0.51388371 -0.08898765  0.80716217  0.33077892\n -0.08449864 -0.20656453 -0.63301333  0.04868904  0.33311286 -0.25362405\n  0.00704575 -0.3466319  -0.28572832  0.43787321  0.12774479  0.42093107\n  0.4945357  -0.20469416  0.11377855  0.57451137  0.47667319 -0.35343171\n  0.1859921   0.1116177   0.01496111 -0.00266146  0.09215875  0.4485085\n -0.16847006 -0.51689447  0.64807555  0.06323223  0.16099415  0.02278719\n -0.25751566  0.15147017 -0.30841513 -0.41501366  0.10644697 -0.1111734\n  0.30919891  0.45957165 -0.82252988 -0.06873664  0.2039563  -0.34823736\n -0.20207594  0.14557037 -0.46135174 -0.47799129 -0.14305335  0.27868705\n  0.25274155  0.0866659  -0.3591472  -0.65292444 -0.04331313 -0.27892981\n  0.39784865 -0.15716383 -0.23028054 -0.1744483   0.24096059  0.14966504\n -0.55708219 -0.79440179 -0.32972772  0.53779541 -0.27552019  0.37930963\n -0.04677422 -0.08356406  0.04412665  0.78798148  0.19950283 -0.51387162\n -0.69072824 -0.11876098  0.15889635  0.48669752  0.67184305 -0.02295557\n -0.05520261  0.04990211 -0.19373121  0.16266496 -0.35696357 -0.11817756\n -0.46738656 -0.35348355 -0.40303446 -0.63358852 -0.07169798 -0.53954323\n -0.60454644  0.56731873  0.40265824  0.27050088  0.1589476  -0.6202642\n -0.70600694  0.39175191 -0.17030076 -0.09949866 -0.01116796 -0.73044274\n  0.75310171 -0.15031204  0.48320833  0.34842142 -0.14112409 -0.54729214\n -0.16685191  0.69770032 -0.16329108 -0.38952783  0.32105231 -0.3057572\n  0.68261655 -0.08265943  0.50428053 -0.10348121  0.36161309  0.16157336\n -0.13143089 -0.57259815  0.14194261  0.09503213  0.55962222  0.53100587\n -0.3721311  -0.51263673 -0.04274352  0.49606805 -0.414625   -0.46234425\n -0.04961856  0.14742503 -0.20394642 -0.46103425 -0.57318224  0.04044714\n  0.41138568  0.61477741 -0.31569412  0.11212309  0.26491387  0.12254512\n  0.06207072  0.29723353]",
    "olfactory": "[-0.14535141 -0.48662903 -0.22764982 -0.3586492  -0.3111992   0.11248813\n -0.49381107 -0.37770978 -0.30393863  0.15744313  0.17967772  0.04856377\n  0.02287105  0.32872134 -0.3549048   0.37244814 -0.28566151  0.10920956\n  0.13458907 -0.07499018  0.05387944  0.4804141  -0.58269018  0.39213026\n -0.0893159   0.3569108   0.0114025   0.17367927 -0.03231887  0.08176827]",
    "pheromonal": "[-0.01109289 -0.11991626 -0.05477943 -0.09424872 -0.14855368  0.02790982\n -0.31449199 -0.17214274 -0.11690745 -0.16106297  0.04473055  0.11216726\n -0.10748411  0.11763343 -0.18842939  0.17198697 -0.0941062   0.19726021\n -0.05749366  0.03871536  0.0640579   0.23840792 -0.27432774  0.13139236\n  0.10840115  0.13168461  0.04887628  0.02367376 -0.15902346 -0.09982759]",
    "mechanosensory": "[-0.0273411   0.05413943  0.12835374 -0.08202832  0.11170256 -0.0211445\n -0.04922826  0.23806014 -0.00240062  0.23942357  0.16983955  0.18283162\n  0.05463937 -0.08904394 -0.00047838 -0.14564735 -0.16189056  0.02800877\n -0.04844688  0.08062137  0.05199416  0.01290155 -0.03593851 -0.42500253\n -0.05323719 -0.07467246 -0.10461135 -0.04307518 -0.06285101  0.09419948\n  0.08615572  0.16814997 -0.03471911 -0.02653291 -0.02556443 -0.02634287\n  0.05534227 -0.01739068  0.02779079 -0.17799109  0.16252911 -0.03391882\n -0.10816243  0.21799995 -0.04766615 -0.25026471 -0.01404082 -0.09488911\n -0.06983869  0.35595617  0.18877722  0.28242952  0.0341237  -0.00752292\n  0.02139366  0.00797363 -0.02098587 -0.147267   -0.01531786  0.05758202]"
  },
  "neural_activity": {
    "mushroom_body": [
      0.9573342550431373,
      0.5685218001748344,
      0.1532728767834156,
      0.440756085521535,
      0.4259028932173351,
      0.8065279792960456,
      0.735175839227128,
      0.5075710583125029,
      0.3182408848813949,
      0.1857101658658754,
      0.147293821091668,
      0.5144536606534947,
      0.45121488345427196,
      0.4906687440412314,
      0.9154397942576439,
      0.03221105435352989,
      0.5357325732152792,
      0.1382546922159048,
      0.36067250393003913,
      0.5332526610283069,
      0.8730295292421824,
      0.04063562036991242,
      0.7485949842136878,
      0.3405914174807766,
      0.18318381682710538,
      0.5600384713303344,
      0.1937550886838283,
      0.5397260475592325,
      0.5783223468361413,
      0.9653669883642755,
      0.4658507608321515,
      0.041218211917091296,
      0.9430155978024163,
      0.2674308460540551,
      0.7293295369440447,
      0.57561750059022,
      0.8256796537657,
      0.8151716530122752,
      0.5281132367497178,
      0.8266383224215215,
      0.7639307513444167,
      0.2648371836316852,
      0.5252438849384159,
      0.5541905466888357,
      0.37818191129782974,
      0.7450469935471635,
      0.2806576625628212,
      0.970184082071879,
      0.823677363336939,
      0.978073118620327,
      0.49119614886596097,
      0.6255023153178355,
      0.3681622586961123,
      0.27170809027288534,
      0.7049624491081308,
      0.9090151895400193,
      0.41775828586490404,
      0.6095412889618553,
      0.585938072687339,
      0.8930936343998793,
      0.9166908334120343,
      0.8584724743974405,
      0.4721485132611529,
      0.4807210850130702,
      0.966113607256765,
      0.14152773929286366,
      0.6864110737296917,
      0.8136470071682644,
      0.6496913523967113,
      0.8044161094802286,
      0.6584368982773874,
      0.7552418973233255,
      0.616923263713886,
      0.3417038976597814,
      0.3231289351313176,
      0.1544216935411289,
      0.7029083784993677,
      0.5724367368870931,
      0.2916010291694956,
      0.02198318626477036,
      0.1818806884802623,
      0.9196557994989446,
      0.6893228355088742,
      0.8528493442801934,
      0.33072324176447354,
      0.4919088973308279,
      0.9279620406010517,
      0.28301492112311355,
      0.076863264671996,
      0.21435225530737068,
      0.47425321392117226,
      0.3668784589614873,
      0.8654826015894379,
      0.22710319324722184,
      0.7957563775459994,
      0.5848636850024898,
      0.9513743724371871,
      0.09511916040574064,
      0.46089376742698995,
      0.027475684173515202
    ],