{
  "step": 95,
  "insect_id": "Fruit_Fly",
  "timestamp": 1753377493.5481346,
  "sensory_input": {
    "visual": [
      -0.24817409432643112,
      0.16448551792672791,
      0.6779178501240294,
      2.6883783654960083,
      -2.7354127091001765,
      -1.2144964723528335,
      0.8784980132067602,
      -0.358602924645932,
      1.8221329277809455,
      -1.3841573659016944
    ],
    "olfactory": [
      0.11398018635655564,
      -0.16258333425546617,
      1.3728168320631202,
      -1.100002687471627,
      1.4955879072279823
    ],
    "pheromonal": [
      1.5005034147928427,
      0.5330677954683465,
      -1.194712537623196
    ],
    "mechanosensory": [
      0.5265892759781612,
      -0.006659750079319028,
      -0.674905623133528,
      -0.3661622523915269
    ]
  },
  "processed_output": {
    "visual": "[ 2.76878922e-01 -1.00911279e-02 -3.22560343e-01  1.14481543e-01\n  6.93327157e-01  4.21626763e-02  1.26902214e-01  4.89136240e-02\n -8.33646317e-02 -1.99988985e-01  5.38030058e-01 -3.23824267e-01\n -6.28813173e-01 -8.97352813e-01  1.37926455e-01  1.84443770e-01\n  2.71478717e-01  1.85640100e-01 -2.58073253e-01 -5.02313922e-01\n  3.94708046e-01  1.93049677e-01  3.23253193e-01 -2.02141695e-01\n -3.14075183e-01 -4.05578103e-01  4.96349249e-02 -5.48860894e-01\n  6.18336575e-02  2.00104408e-01  1.65088057e-02  3.78846850e-01\n  2.32222156e-02 -6.33075755e-01 -5.46660836e-01 -1.29316200e-01\n -4.81718583e-01  7.41592445e-01 -2.07820003e-03 -2.48159210e-01\n -6.06440068e-01 -5.66502853e-04 -3.75821402e-01 -3.45512639e-01\n  4.85947590e-01  6.57364168e-01 -1.56913997e-01  4.42396580e-01\n -3.84916977e-01 -1.40489900e-01  4.25252744e-01 -7.26481592e-01\n -1.17726692e-01 -5.11255171e-01  7.43010831e-01  4.42973853e-01\n -3.64851305e-01  1.03624976e-01 -4.03981478e-01 -9.09427142e-02\n  3.72843191e-01  8.43730273e-01 -4.92562646e-01 -5.13387197e-01\n  9.67677205e-02 -1.65182724e-01 -7.79306950e-01  1.41656658e-01\n -3.58367398e-01  6.99656516e-01  1.98348420e-01 -5.62614442e-01\n  4.62485728e-01 -7.71438446e-01  2.58514604e-03  4.45815414e-01\n -5.12112482e-01 -7.37906559e-01 -8.54996002e-01 -8.33915947e-02\n  8.18198314e-01  3.42476941e-01 -2.68025442e-01  2.66214113e-01\n  5.30290970e-01  2.97812598e-01 -7.27850729e-01 -5.06002391e-01\n -4.46272993e-01  1.23410607e-01  5.60693837e-02  2.66485651e-01\n -2.46393429e-01  3.92182937e-01 -5.80445206e-01 -5.23590336e-01\n -4.89824842e-01  1.50220965e-01 -3.70561709e-01  1.20106755e-01\n -5.01894634e-01 -5.76732361e-02  9.97068603e-02 -5.94117786e-02\n  1.14671223e-01  8.16166577e-01  1.29459129e-01 -7.44496268e-01\n  4.67708207e-01 -3.87479694e-01  2.27258424e-01  1.08316207e-02\n  5.93683242e-01 -4.79748725e-01  5.97672234e-01  5.06130092e-02\n -1.38680044e-02  5.34021857e-01  2.78510948e-01 -6.15595441e-02\n -6.68490112e-01 -1.12212160e-02 -2.00198656e-01 -8.55948042e-01\n -3.46756861e-01  1.07026139e-01  6.25397177e-02  4.22208071e-01\n  4.86897473e-01  7.53021365e-01 -7.21600500e-01 -4.56738303e-01\n -7.45817557e-01  7.05814620e-01 -2.43204245e-01 -4.99320107e-02\n  3.81704983e-01  4.30714576e-01 -4.03402357e-01  5.93944216e-01\n  1.65532274e-01  6.87590234e-01 -3.17423363e-01  8.00820609e-01\n -1.51075773e-01 -1.42987418e-02 -4.90171360e-01 -4.46734856e-01\n  4.08387672e-01  4.00773329e-01 -1.85734357e-01  6.41013696e-01\n  2.97681035e-01  6.85676514e-01 -6.34698846e-01  4.79256819e-01\n  1.14130449e-01 -7.09165126e-01 -4.39179216e-01  3.73405319e-01\n  4.49610694e-01  2.21807900e-01 -4.00974730e-01 -3.25827711e-02\n -5.71280082e-01  6.18857148e-01 -4.55382228e-01 -3.20553614e-01\n -6.62252002e-01  2.23344217e-02 -2.18886510e-01 -5.35469412e-01\n  1.73852332e-01  2.76995397e-01  2.38071983e-01  8.94034523e-01\n -2.32244152e-01 -4.27191060e-01  3.14290354e-02 -3.84411240e-01\n -5.06100127e-01  8.35215868e-02  3.88415644e-01  1.41941171e-01\n  6.42838709e-01  3.27026576e-01 -5.26812678e-01  4.77805735e-01\n  4.57561739e-02  1.73426701e-01  3.06766843e-01  1.30641149e-01\n  2.73290873e-02 -1.43303406e-01 -5.92509216e-01  6.92749696e-01\n -9.54041545e-03 -7.20894588e-01  2.52722564e-01  2.00038377e-01]",
    "olfactory": "[-0.18998938 -0.17394905  0.00656317 -0.25111514 -0.43385141  0.17009724\n  0.0890619  -0.2452691  -0.01484114  0.19308778  0.08049965 -0.10497378\n  0.04136576  0.14008936  0.00166901  0.05874788 -0.36573319 -0.20742775\n  0.08769807  0.05956314  0.11432434  0.14896573  0.10748246  0.33249181\n -0.40664968  0.06421742  0.35595991 -0.11258541 -0.42778456  0.10603432]",
    "pheromonal": "[-0.11784006  0.3462286   0.05377766  0.02984727  0.41011681 -0.02098867\n  0.21235681  0.13476117  0.08384261  0.33701966  0.04390406 -0.02412911\n -0.08736807 -0.14076121  0.28368207 -0.33562468 -0.00233527 -0.35270103\n -0.01924512 -0.25918465  0.02241373 -0.29968377  0.08530134 -0.13409642\n -0.24138821 -0.10539311 -0.20857924  0.17960748  0.31864876  0.07564998]",
    "mechanosensory": "[-0.13026773  0.22962662  0.09422334  0.11075036 -0.01808032 -0.03822519\n -0.12758711 -0.07759483  0.22685744  0.06084721 -0.04877922  0.15842872\n -0.02210471 -0.06086032 -0.21709394 -0.01568125 -0.09653661 -0.08407996\n -0.01061745  0.03342108 -0.03459727 -0.03141366  0.0085484  -0.07830626\n  0.04773176 -0.09066432 -0.10136061 -0.00212075 -0.11372789  0.06929549\n -0.06710751  0.05215667 -0.01832737 -0.0889178   0.00902521  0.01184458\n -0.17187805 -0.03255475 -0.03190324 -0.06880981  0.11335205  0.10658617\n -0.11321583  0.14745969  0.0513759   0.04227852 -0.09096755 -0.00232056\n -0.04885245  0.20069771  0.05619564  0.08930368 -0.0870703   0.1080656\n  0.19513365 -0.03106923 -0.05291703 -0.05328918 -0.05072209  0.05783323]"
  },