{
  "step": 0,
  "insect_id": "Fruit_Fly",
  "timestamp": 1753377433.7119644,
  "sensory_input": {
    "visual": [
      0.6757907243735094,
      0.1065465834275202,
      1.2972120002824992,
      -0.5425239863639203,
      0.5065050173769159,
      0.6458036020617713,
      -0.9443744542816424,
      0.33468358209181764,
      -0.9825314851346874,
      0.22313688926526537
    ],
    "olfactory": [
      -1.6659119072013016,
      1.5280639031615928,
      -0.2598917142960279,
      -0.4073630409885755,
      -0.9781969022464996
    ],
    "pheromonal": [
      0.7621870862603634,
      -0.6357954937195287,
      -0.031173124727978608
    ],
    "mechanosensory": [
      0.10591774168884062,
      0.3000776194822324,
      1.4148077822215088,
      -0.9383558432212116
    ]
  },
  "processed_output": {
    "visual": "[-0.21216456  0.07605869  0.1424236  -0.08673301  0.01606567 -0.15428115\n  0.00812439 -0.05192433  0.43587206 -0.09886178 -0.22568591  0.4323674\n  0.29795642  0.19169104 -0.02537569 -0.10976076 -0.31915231 -0.02313571\n -0.18285112  0.06718749 -0.04629844 -0.01960143  0.16432645  0.17790748\n -0.16338806  0.12981442 -0.21276058  0.35723908  0.08230362 -0.10845644\n  0.08942132  0.26024266  0.05665917  0.58489747  0.10250079 -0.34776081\n -0.0237538  -0.35311376  0.00650387 -0.12921914  0.45720559 -0.05821738\n -0.0030616   0.27186685 -0.19554605 -0.13445808  0.16943898 -0.2706243\n  0.10512476 -0.08531446  0.08214774  0.24795584  0.23384139  0.47578586\n -0.12456279 -0.43828762 -0.24816576 -0.31174111  0.14989505 -0.23913502\n -0.21543024 -0.30450573 -0.15948396  0.38653106  0.28792736  0.14027472\n  0.32545588 -0.22899072 -0.102531   -0.05821264 -0.36322588  0.33338613\n  0.03018722  0.41488277 -0.21698964 -0.4789809   0.24592816  0.25056639\n  0.28852073 -0.36185852 -0.08881357 -0.1036576   0.05945706  0.0125325\n -0.14181222 -0.01178733 -0.1117772   0.12205461  0.1861053  -0.08531228\n -0.0454423  -0.09182471 -0.21246127 -0.01415913  0.16083886 -0.04579472\n  0.44830797 -0.20569298  0.04103775 -0.05152479  0.26472875 -0.069415\n  0.22299492  0.09852132 -0.20475191 -0.43014446  0.28400307  0.34568824\n -0.02058393 -0.18167766 -0.10682888 -0.120101    0.29236432  0.11321491\n -0.18305428 -0.23271327 -0.13401433 -0.0529515  -0.30521306  0.214373\n  0.43737102 -0.26961759 -0.10135857  0.22750267  0.11091281 -0.24875317\n -0.17349188 -0.16677688 -0.33833306 -0.23331843  0.61385025  0.31433744\n  0.52515307 -0.35384958  0.14374444  0.25276012  0.02964907  0.114893\n  0.11344578  0.04579572 -0.14831825 -0.58097385  0.24320339 -0.24751139\n -0.12591811  0.19652726 -0.0178977   0.16575222  0.13808239 -0.37345716\n  0.09106957  0.07280262 -0.16359919 -0.21462136 -0.23039375 -0.23647769\n  0.23670456  0.266695   -0.06682548 -0.07687546 -0.40125977 -0.2185658\n  0.026994    0.21218523  0.08636972 -0.46305875  0.15894325 -0.11878912\n  0.28962776 -0.19286649  0.16470067  0.07082138  0.2855147  -0.15570855\n  0.09890755 -0.21583035 -0.00951749  0.3058651   0.22447252  0.25295031\n -0.03873972 -0.05589407 -0.0274456   0.05926319 -0.43116326 -0.35672248\n  0.34287533 -0.13683973 -0.17670203  0.02180648 -0.24686412  0.11837118\n  0.06510699  0.02996518  0.28654079 -0.30894994  0.26621497  0.00405311\n  0.06348684  0.08595129]",
    "olfactory": "[ 4.85856142e-01 -3.48196056e-05  1.20128307e-01  2.57671333e-01\n  2.78478432e-01 -3.83936957e-01  1.57930770e-01 -1.03914756e-01\n -2.33021938e-01 -5.70268764e-01 -7.48563906e-02  2.43455619e-01\n  1.00940083e-01  6.81376555e-02 -6.68383749e-02 -6.73014713e-02\n  8.81470637e-02  3.02561058e-01  1.36319646e-01  1.54953504e-01\n -1.84440311e-01 -6.43654844e-02  2.50163423e-01 -3.76981224e-01\n  3.53261974e-01 -2.53046462e-02 -9.26722332e-02 -2.95648610e-01\n -8.36450057e-02 -3.83713745e-01]",
    "pheromonal": "[-1.62410143e-01 -5.81928429e-02 -7.59061170e-02 -9.39657736e-02\n -3.15460990e-02  1.13323134e-01 -7.13205592e-02  4.60592034e-02\n  4.44680569e-02  2.66312431e-01  3.67250841e-02 -9.27940963e-02\n  1.22173194e-02 -6.64148067e-03  1.98919423e-03  4.20530900e-02\n  4.21912126e-03 -1.11322661e-01  7.55265645e-05 -9.20828994e-02\n  2.51225054e-02  2.97411504e-02 -1.52811032e-01  1.14930961e-01\n -1.04395497e-01  3.81867102e-02 -5.22662322e-02  1.47850738e-01\n  1.61009315e-01  1.67882148e-01]",
    "mechanosensory": "[ 0.22447486 -0.25027067 -0.05949891 -0.06328496  0.03387054 -0.02401796\n  0.26433191  0.24223616 -0.35199283 -0.09075348  0.30858115 -0.11915957\n  0.11422147  0.11342213  0.10574537 -0.09906982 -0.00115251  0.246428\n -0.16476416 -0.01050889  0.10982514  0.26706524  0.02465728 -0.35494794\n -0.18439909  0.2137418   0.02720834 -0.14284493  0.12888291 -0.13811575\n  0.05410797  0.00937912  0.11671326 -0.02468048 -0.10328752 -0.01593463\n  0.3478393   0.12527583  0.05785398 -0.21036467 -0.10603882 -0.03987898\n  0.0989297  -0.10667635  0.14279552 -0.36416929  0.07144103 -0.06639\n -0.03655007  0.01281646  0.22219571  0.00827243  0.18998432 -0.06209223\n -0.18296334  0.13850546  0.02251055 -0.1316487   0.12955717 -0.17459544]"
  },
  "neural_activity": {
    "mushroom_body": [
      0.9573342550431373,
      0.5685218001748344,
      0.1532728767834156,
      0.440756085521535,
      0.4259028932173351,
      0.8065279792960456,
      0.735175839227128,
      0.5075710583125029,
      0.3182408848813949,
      0.1857101658658754,
      0.147293821091668,
      0.5144536606534947,
      0.45121488345427196,
      0.4906687440412314,
      0.9154397942576439,
      0.03221105435352989,
      0.5357325732152792,
      0.1382546922159048,
      0.36067250393003913,
      0.5332526610283069,
      0.8730295292421824,
      0.04063562036991242,
      0.7485949842136878,
      0.3405914174807766,
      0.18318381682710538,
      0.5600384713303344,
      0.1937550886838283,
      0.5397260475592325,
      0.5783223468361413,
      0.9653669883642755,
      0.4658507608321515,
      0.041218211917091296,
      0.9430155978024163,
      0.2674308460540551,
      0.7293295369440447,
      0.57561750059022,
      0.8256796537657,
      0.8151716530122752,
      0.5281132367497178,
      0.8266383224215215,
      0.7639307513444167,
      0.2648371836316852,
      0.5252438849384159,
      0.5541905466888357,
      0.37818191129782974,
      0.7450469935471635,
      0.2806576625628212,
      0.970184082071879,
      0.823677363336939,
      0.978073118620327,
      0.49119614886596097,
      0.6255023153178355,
      0.3681622586961123,
      0.27170809027288534,
      0.7049624491081308,
      0.9090151895400193,
      0.41775828586490404,
      0.6095412889618553,
      0.585938072687339,
      0.8930936343998793,
      0.9166908334120343,
      0.8584724743974405,
      0.4721485132611529,
      0.4807210850130702,
      0.966113607256765,
      0.14152773929286366,
      0.6864110737296917,
      0.8136470071682644,
      0.6496913523967113,
      0.8044161094802286,
      0.6584368982773874,
      0.7552418973233255,
      0.616923263713886,
      0.3417038976597814,
      0.3231289351313176,
      0.1544216935411289,
      0.7029083784993677,
      0.5724367368870931,
      0.2916010291694956,
      0.02198318626477036,
      0.1818806884802623,
      0.9196557994989446,
      0.6893228355088742,
      0.8528493442801934,
      0.33072324176447354,
      0.4919088973308279,
      0.9279620406010517,
      0.28301492112311355,
      0.076863264671996,
      0.21435225530737068,
      0.47425321392117226,
      0.3668784589614873,
      0.8654826015894379,
      0.22710319324722184,
      0.7957563775459994,
      0.5848636850024898,
      0.9513743724371871,
      0.09511916040574064,
      0.46089376742698995,
      0.027475684173515202
    ],