{
  "step": 80,
  "insect_id": "Fruit_Fly",
  "timestamp": 1753377493.3720384,
  "sensory_input": {
    "visual": [
      -0.028278244887891005,
      -1.8714247958474848,
      -0.18211711229202437,
      1.435470877589846,
      0.35042969194895757,
      0.5862104255505574,
      -1.532546720298433,
      2.0069292815829924,
      0.021578892027963488,
      -2.3082934908253825
    ],
    "olfactory": [
      -0.44918525217805805,
      -0.09089632403355559,
      1.108454157753147,
      -0.27689003751512586,
      -1.1646509402936434
    ],
    "pheromonal": [
      1.6414743134594043,
      0.2406349349533562,
      -1.375011708174275
    ],
    "mechanosensory": [
      -0.4374046390248192,
      -1.255871177085288,
      -1.9981508387084093,
      -0.3637250786924465
    ]
  },
  "processed_output": {
    "visual": "[ 0.01986797 -0.39760927 -0.37364183 -0.20542024  0.40296156 -0.05729249\n  0.27769505 -0.60434087  0.36254937 -0.42808579  0.56780542 -0.61204664\n  0.26943122 -0.54136084  0.23607501  0.69063921  0.53615525  0.34353173\n -0.22680649  0.26881404  0.18259823 -0.1725731   0.36861127  0.14251659\n -0.04548567  0.44313698 -0.04251909  0.14342619 -0.31610059  0.44261602\n -0.07501991  0.50628384  0.45301602  0.07626642 -0.69404331 -0.16775339\n -0.31887357  0.33324022  0.29797907  0.72829329 -0.5444506  -0.10121308\n  0.00220345  0.35049393  0.07525009 -0.18676022  0.61787385  0.28139955\n -0.42057951 -0.81221353 -0.2224697   0.22128449  0.34619049 -0.21572876\n  0.29851718  0.15279586 -0.66199661 -0.29367214  0.26355492 -0.03796436\n  0.10407484  0.35087082 -0.35357023  0.14169564  0.41220239  0.46730973\n -0.80233901  0.0621765  -0.26958255 -0.25533871  0.73105978  0.02413832\n  0.08396581  0.12903712  0.27669323  0.51556972 -0.30278715 -0.49893483\n -0.54458714  0.04313781  0.258734    0.45585755  0.06590064 -0.5964972\n -0.26809644  0.26066577 -0.70865189 -0.08612655  0.02195071  0.18362888\n  0.44087351  0.07052848  0.10077964 -0.59903439 -0.11417864 -0.51319791\n  0.31126653 -0.19743039  0.56578318  0.65658181 -0.23200441 -0.20252568\n -0.47467798 -0.350501   -0.71032759  0.09159431  0.01413268 -0.32994044\n -0.30751594 -0.44427181 -0.31542874 -0.39602353  0.22292335 -0.16463292\n -0.23760437  0.47256719  0.30548841 -0.50529556 -0.42195496  0.31562881\n  0.16601483 -0.41487068 -0.41801734 -0.27570855 -0.02198276 -0.51203975\n -0.13412647 -0.23726925  0.64051479  0.41304674  0.07187643 -0.46020567\n  0.17368376 -0.17384608 -0.18575084  0.01733164 -0.38104482  0.51865444\n -0.36145246  0.02689499 -0.05480329  0.00224404  0.39959303 -0.52278221\n -0.15418705  0.41331617  0.04403562 -0.36255325 -0.37160356  0.02376122\n -0.56893435 -0.14615849  0.04665331  0.23324733 -0.13087263 -0.0075528\n -0.37067751  0.65565751 -0.01045628 -0.31971714  0.03369945  0.00438981\n  0.27021441  0.25486036  0.64152415  0.05429329  0.05162563 -0.0168792\n  0.11189878  0.12641967 -0.20026788  0.08024405  0.36358684  0.23238227\n  0.30869986  0.20690698  0.32350076  0.46538135 -0.23817155  0.34795094\n -0.67654187  0.34222928 -0.51973125  0.34674059  0.03508369 -0.37741193\n  0.18809699 -0.10867173 -0.11273266  0.12121132  0.47192215  0.39114841\n  0.15463363 -0.01634202 -0.16856441  0.24313262  0.67235923 -0.36667437\n -0.0475734  -0.18764631]",
    "olfactory": "[ 0.23735135 -0.47752439 -0.12323739  0.06784652 -0.18803303 -0.08976628\n -0.03965884  0.045946   -0.10550991 -0.18159591 -0.07806789 -0.08742424\n  0.3394127   0.10852531 -0.26390339  0.33755198  0.23642741  0.30234104\n  0.2053951   0.19296051 -0.21518726  0.18484645 -0.05666542 -0.04492626\n  0.32732004  0.09460694 -0.05609269 -0.11808171  0.16035596  0.07520475]",
    "pheromonal": "[-0.17216089  0.35504008  0.03193463 -0.00846658  0.42641973  0.00774267\n  0.15446179  0.12450987  0.07875157  0.39977629  0.06833174 -0.02252848\n -0.12110031 -0.13521485  0.28160198 -0.33548493 -0.02322526 -0.37937025\n -0.03501999 -0.30406875  0.04572053 -0.28246928 -0.00093983 -0.09766384\n -0.27211919 -0.08170758 -0.23714462  0.24064412  0.35908672  0.10090303]",
    "mechanosensory": "[-0.19521678  0.23746447  0.15968778  0.20066059 -0.32782127 -0.00724096\n -0.35552011 -0.33012528  0.30950858  0.16857063 -0.29027844  0.13708674\n -0.14665564  0.05571216 -0.33568931  0.25609582  0.0298898  -0.13111799\n  0.06470356 -0.06851912 -0.23546955 -0.1686181   0.0055003   0.1335555\n  0.21168857 -0.23228358  0.08288407 -0.34708025 -0.13462812  0.20432917\n -0.35168184  0.03196104  0.05620039 -0.02590504  0.1743197   0.08755937\n -0.44005059 -0.12450182  0.02023464  0.21660787  0.13142014  0.05680088\n -0.14488708 -0.01936683  0.1779979   0.23246674 -0.07951072 -0.0896703\n -0.14000411 -0.19604761 -0.09063629  0.00590902 -0.51276891  0.30054261\n  0.48208926 -0.00776518 -0.15613947 -0.0300448   0.13298011 -0.0383549 ]"
  },
  "neural_activity": {
    "mushroom_body": [
      0.9573342550431373,
      0.5685218001748344,
      0.1532728767834156,
      0.440756085521535,
      0.4259028932173351,
      0.8065279792960456,
      0.735175839227128,
      0.5075710583125029,
      0.3182408848813949,
      0.1857101658658754,
      0.147293821091668,
      0.5144536606534947,
      0.45121488345427196,
      0.4906687440412314,
      0.9154397942576439,
      0.03221105435352989,
      0.5357325732152792,
      0.1382546922159048,
      0.36067250393003913,
      0.5332526610283069,
      0.8730295292421824,
      0.04063562036991242,
      0.7485949842136878,
      0.3405914174807766,
      0.18318381682710538,
      0.5600384713303344,
      0.1937550886838283,
      0.5397260475592325,
      0.5783223468361413,
      0.9653669883642755,
      0.4658507608321515,
      0.041218211917091296,
      0.9430155978024163,
      0.2674308460540551,
      0.7293295369440447,
      0.57561750059022,
      0.8256796537657,
      0.8151716530122752,
      0.5281132367497178,
      0.8266383224215215,
      0.7639307513444167,
      0.2648371836316852,
      0.5252438849384159,
      0.5541905466888357,
      0.37818191129782974,
      0.7450469935471635,
      0.2806576625628212,
      0.970184082071879,
      0.823677363336939,
      0.978073118620327,
      0.49119614886596097,
      0.6255023153178355,
      0.3681622586961123,
      0.27170809027288534,
      0.7049624491081308,
      0.9090151895400193,
      0.41775828586490404,
      0.6095412889618553,
      0.585938072687339,
      0.8930936343998793,
      0.9166908334120343,
      0.8584724743974405,
      0.4721485132611529,
      0.4807210850130702,
      0.966113607256765,
      0.14152773929286366,
      0.6864110737296917,
      0.8136470071682644,
      0.6496913523967113,
      0.8044161094802286,
      0.6584368982773874,
      0.7552418973233255,
      0.616923263713886,
      0.3417038976597814,
      0.3231289351313176,
      0.1544216935411289,
      0.7029083784993677,
      0.5724367368870931,
      0.2916010291694956,
      0.02198318626477036,
      0.1818806884802623,
      0.9196557994989446,
      0.6893228355088742,
      0.8528493442801934,
      0.33072324176447354,
      0.4919088973308279,
      0.9279620406010517,
      0.28301492112311355,
      0.076863264671996,
      0.21435225530737068,
      0.47425321392117226,
      0.3668784589614873,
      0.8654826015894379,
      0.22710319324722184,
      0.7957563775459994,
      0.5848636850024898,
      0.9513743724371871,
      0.09511916040574064,
      0.46089376742698995,
      0.027475684173515202
    ],