{
  "step": 42,
  "insect_id": "Honeybee",
  "timestamp": 1753377453.6525612,
  "sensory_input": {
    "visual": [
      -0.21333628586314873,
      -1.885083566614562,
      -0.36690730564488117,
      0.36298573053080085,
      1.7384593383647948,
      1.0097911002358204,
      1.9326635188152295,
      -1.5893610569660834,
      -0.16015765054488662,
      -0.05596245936659022
    ],
    "olfactory": [
      -0.2471579612869238,
      -0.5657640829519647,
      -0.9256531769517893,
      2.1577933105127793,
      -1.7723530106595993
    ],
    "pheromonal": [
      -0.7853631687960467,
      0.16957342381888935,
      -0.6567500042531002
    ],
    "mechanosensory": [
      -1.4318167145234135,
      -0.15985813070631658,
      -0.3424221179099143,
      -0.8124496387599975
    ]
  },
  "processed_output": {
    "visual": "[-0.40040401  0.73560865 -0.15133106 -0.15908514 -0.59682576  0.42632837\n  0.19469092  0.1699503  -0.48083331 -0.025383   -0.17284655 -0.52788188\n  0.41746061  0.42338549 -0.40662806 -0.08618767  0.32865452  0.11696739\n -0.07192415  0.69314963 -0.3179566   0.20467991 -0.20838775  0.30367655\n  0.65559789 -0.05951341  0.17992057  0.04904176 -0.57249421  0.21064353\n -0.4070695  -0.0298962   0.17208706 -0.08709416  0.04576956  0.1051239\n -0.28065492 -0.45312758 -0.47430965  0.0448489   0.39610263 -0.6704569\n  0.10311594 -0.45485271  0.4722803   0.08302997  0.54476363  0.07838178\n  0.18691289  0.45810138  0.09974823 -0.08500991 -0.33454497 -0.15114423\n -0.29300593  0.41568952  0.27418798 -0.20377551  0.16103929 -0.23142269\n -0.2482765   0.34482105 -0.12087773  0.04640735  0.13979533 -0.43474641\n  0.54782704  0.22304322  0.34930059  0.56143345  0.01090612  0.45843308\n -0.04644457  0.01476401 -0.00706541 -0.26274474  0.08115884  0.29307019\n  0.32707711 -0.05183964  0.22190585  0.19279893 -0.27277109 -0.69294957\n -0.45559546 -0.04835839  0.29477072  0.6516294  -0.13564055 -0.39929425\n  0.06378628 -0.49379607 -0.27338713  0.19870878 -0.14703847  0.28815805\n  0.0695964   0.49157554 -0.0729724   0.59113465 -0.24443861  0.29969877\n -0.03047401 -0.19652894 -0.55362035  0.14305232  0.06011669 -0.09805222\n  0.54776096 -0.14990692  0.0149254  -0.29384021 -0.51490102  0.38772503\n  0.33919511  0.29515278  0.03757817 -0.32419356  0.31919899  0.38909779\n -0.35212452  0.37461884  0.59568453 -0.2795709   0.23588901  0.09410715\n  0.03037982  0.39388761 -0.20286467 -0.01448906  0.24304357  0.06120878\n  0.29228584  0.29324359  0.08297567 -0.05522141  0.28325995 -0.15129516\n -0.22619375  0.25518642 -0.37539551 -0.5538924   0.01445499 -0.23706742\n -0.69434295 -0.18488403 -0.31442895 -0.10107168  0.03215085  0.08891553\n  0.01864175  0.59248389 -0.42323997  0.07536132 -0.48775004 -0.34415244\n -0.02038497 -0.43111066 -0.44157588  0.04302095  0.03996139 -0.24699199\n  0.53149415 -0.4785068  -0.59358624 -0.22358745  0.42608729 -0.49414397\n -0.23076571  0.65439672 -0.78339508 -0.2714003  -0.11031463 -0.14602181\n -0.13316847 -0.05129767 -0.08638606  0.36157212 -0.13725617  0.29310061\n  0.71125771 -0.7620543   0.04065055 -0.44719245 -0.23140335 -0.21149679\n  0.1167187  -0.24954653 -0.37585529  0.19308432 -0.57750095  0.15624958\n  0.10060328 -0.13283729 -0.45750997  0.22433375 -0.29862599 -0.10318257\n  0.10614536  0.21097089]",
    "olfactory": "[ 0.62174155  0.32618744 -0.10687061  0.03925435 -0.35706749 -0.217072\n -0.00675168 -0.46906137 -0.03120016  0.08597551  0.36136532 -0.21593071\n -0.12055004 -0.15237572  0.19816535 -0.01188032  0.28751884 -0.29834501\n -0.3102958   0.13213824 -0.08702478  0.09187334  0.04004959  0.26197677\n -0.25666582  0.12407983 -0.23494396  0.44680091 -0.10638519 -0.17438841]",
    "pheromonal": "[ 0.06524917  0.00100145 -0.04700214  0.01026062  0.22050189  0.03349776\n -0.06238943 -0.00760152 -0.08019768 -0.101442    0.17477636 -0.10730691\n  0.128343   -0.12195638  0.11264889 -0.21051972 -0.03076476 -0.03225979\n  0.01256402 -0.0391089  -0.01734278 -0.23188106  0.06680686 -0.00314353\n  0.12780089  0.02482138 -0.04755088  0.11666683 -0.23540617  0.10104554]",
    "mechanosensory": "[ 0.19941873  0.05196674 -0.01442952  0.20202956  0.03582509  0.11984615\n -0.0853816   0.0361886   0.37311345 -0.09784225 -0.05013355  0.2489008\n -0.3211954   0.04174702  0.06383988 -0.02135871 -0.2354268   0.01848204\n  0.22628676  0.17726796 -0.14956044 -0.27362495 -0.15414093  0.19339724\n  0.17440215  0.01048611 -0.10052884  0.10438519  0.26677387  0.15088505\n  0.15600289 -0.39897729 -0.21655651 -0.10427655 -0.29067694  0.176043\n  0.0780822   0.07948709  0.09893973 -0.18884542  0.14664222 -0.18630889\n  0.02934484  0.24172244 -0.00728527  0.07685795 -0.34716582 -0.18664792\n -0.06031071 -0.22016947 -0.07246891  0.02884521  0.00571955  0.20236662\n  0.00467743 -0.10796462  0.06285883 -0.17818272 -0.09221154  0.13113899]"
  },
  "neural_activity": {
    "mushroom_body": [
      0.12635954055289922,
      0.6510662603041527,
      0.6627929837081565,
      0.9059514415899972,
      0.694024905970108,
      0.13032535785611132,
      0.6785700910874193,
      0.25181423548906845,
      0.9354434499568303,
      0.9820695225306735,
      0.35894562736900226,
      0.09852715118231181,
      0.294853150261539,
      0.7462912346894797,
      0.7870932401371551,
      0.07062982415768515,
      0.48313936540704683,
      0.6622209359526908,
      0.115399259873879,
      0.6872873456110286,
      0.6981114122053442,
      0.504124699964496,
      0.8683273200191458,
      0.7166708401294236,
      0.6182749276751418,
      0.6232014757378306,
      0.39529436063508416,
      0.38233751371397573,
      0.7167883560053652,
      0.44552297638641014,
      0.9047130954552666,
      0.021405918043153394,
      0.7727889117003455,
      0.6159269939967781,
      0.06738501744015668,
      0.32597272676736,
      0.3087168672643883,
      0.9038271378155378,
      0.23784856178197233,
      0.18904989841550568,
      0.2210457214133057,
      0.848521080227047,
      0.3413897391223164,
      0.9617188178997028,
      0.787246394196182,
      0.10829421222201396,
      0.6481604816985572,
      0.7469217894494218,
      0.03391105392878513,
      0.15653537504224724,
      0.9992419020899515,
      0.6853055751030905,
      0.25484180859629757,
      0.9989993979407218,
      0.6524217395054385,
      0.6347337365749102,
      0.744143846619154,
      0.5150140806392638,
      0.7356517947329767,
      0.6376489951475847,
      0.45323207581238756,
      0.37210842438874125,
      0.7037428860280608,
      0.23895712561486693,
      0.5940955300660384,
      0.9945112193658604,
      0.707620198578572,
      0.9534313058612712,
      0.7114461577312933,
      0.4395467057289705,
      0.49249444180522495,
      0.06731022572559242,
      0.27550073951848686,
      0.8881137570119427,
      0.8104454683630198,
      0.58025781616706,
      0.5300344472969072,
      0.07180701688387292,
      0.3757757212457067,
      0.300809054944117,
      0.8118121304991793,
      0.8542922211831256,
      0.9187886496881005,
      0.9817062663157549,
      0.5612733835334486,
      0.2686584688003274,
      0.5043663782398784,
      0.18781304522437448,
      0.71123547918031,
      0.2222548857108344,
      0.5264317813777212,
      0.9750138797195244,
      0.07515074344946227,
      0.2914045013201676,
      0.7958427234065533,
      0.45715523003574077,
      0.5492189810560055,
      0.28384337953527417,
      0.4591770410905638,
      0.27511237675800737
    ],