{
  "step": 63,
  "insect_id": "Fruit_Fly",
  "timestamp": 1753377473.6733992,
  "sensory_input": {
    "visual": [
      0.7038933473303263,
      1.2621549323440473,
      -1.569432481800655,
      -0.9650034872364713,
      0.06363375475775135,
      -0.9408293361431326,
      0.7073967550885686,
      -0.9247606989245295,
      -1.2099016843923418,
      0.6190043963773264
    ],
    "olfactory": [
      0.36892168612460147,
      -0.4244467396853749,
      -0.5715571961282375,
      0.0797133149850452,
      0.36245173937695985
    ],
    "pheromonal": [
      1.26970603563888,
      0.09411337187981483,
      0.1062046474786845
    ],
    "mechanosensory": [
      0.1319823975973456,
      -0.8476042794325355,
      -0.2522556677169668,
      -1.1077583775344668
    ]
  },
  "processed_output": {
    "visual": "[ 0.15120544 -0.03366117  0.20414637  0.11685569 -0.49190937  0.36262146\n -0.01349842  0.26511693 -0.01653723  0.31753805 -0.32468131  0.2586883\n -0.22427517  0.59966711 -0.14751319 -0.2888967  -0.51386627  0.20740962\n -0.18449117 -0.04967595 -0.11673744  0.08156351 -0.27071253  0.149936\n  0.38444428 -0.35889547  0.33818175  0.11238892  0.2693912  -0.30769514\n -0.2144525  -0.24785577 -0.62544686 -0.13596009  0.48335685  0.20099589\n  0.38183331 -0.12410528  0.21702513 -0.41030516  0.1584     -0.37556223\n  0.18230554  0.03120008 -0.31712005  0.10713521 -0.432174   -0.10068718\n  0.13677616  0.55314428 -0.37700143 -0.09321313 -0.49322446  0.08283271\n -0.39413719 -0.23090401  0.62102809  0.23843703  0.08395344 -0.22532384\n -0.15147738 -0.02593514  0.27684773 -0.28074143 -0.58188316 -0.1605856\n  0.51896678 -0.07302663 -0.24685657 -0.17604828 -0.37540758  0.14613578\n -0.35850276  0.24448701 -0.03241871 -0.34287398  0.4233092   0.32023228\n  0.65968924  0.67777551 -0.62714521 -0.1635439   0.08108936  0.38920158\n  0.09777434 -0.38847158  0.57317188  0.08871142 -0.0956325   0.19583318\n -0.33672085 -0.38155077  0.46599957  0.31360133  0.26323323  0.53724615\n -0.00975126  0.0971852  -0.33798156 -0.29864469  0.10868342  0.15216407\n  0.06419848  0.28904141  0.37852146 -0.06041727 -0.10370404  0.49055224\n  0.10809717  0.19817322  0.38918397  0.18241461 -0.01853564  0.04822715\n -0.01729097  0.09493067  0.13730157  0.26957078  0.03243392 -0.31292875\n  0.21318156  0.11456957  0.24313015  0.25611623  0.10203839  0.57874522\n  0.228851    0.0886448  -0.31108404 -0.32304199  0.19601601  0.42765618\n  0.12336296 -0.06450739  0.19068825  0.23935945 -0.0133008  -0.35598177\n  0.42324168 -0.03688442 -0.13666811  0.48767269 -0.07550551  0.13778107\n  0.46401317 -0.29605807 -0.11796422  0.09488922 -0.0542801   0.17257347\n  0.45853024 -0.53310241 -0.04581067 -0.16609616  0.29631063 -0.11021386\n -0.25990895  0.06048791  0.05820756  0.2830172   0.1729922   0.01869131\n -0.0768643  -0.27291357 -0.23321875  0.02594484  0.02120269  0.08303455\n -0.33391049  0.34925406 -0.01957547 -0.0007808  -0.24304585 -0.08665\n  0.04316137 -0.269333    0.10758922 -0.27286435 -0.13042275 -0.34222545\n  0.50715898  0.22063397 -0.08619886 -0.38893832  0.15059943  0.10502343\n -0.1582078   0.31346775 -0.00454561  0.19010046 -0.3642464  -0.22814541\n -0.30023686 -0.06666298  0.26193112 -0.48487268 -0.37789695  0.37430253\n  0.06106554 -0.00309969]",
    "olfactory": "[-0.15984822  0.16291895  0.00202261 -0.08123219  0.07675968  0.0756427\n -0.0769232  -0.02774561  0.02739747  0.17048539  0.06003166  0.02246024\n -0.15195352 -0.02391604  0.07658719 -0.10024247 -0.10345967 -0.14172956\n -0.08463934 -0.12958408  0.10061218 -0.02547061 -0.11218463  0.07518804\n -0.15452551  0.00787033 -0.02409947  0.13135731  0.01930183  0.02326227]",
    "pheromonal": "[-1.24188145e-01  1.35987664e-04 -3.29534757e-02 -1.84639456e-02\n  3.72156972e-02  8.19613058e-02  1.46978528e-01  1.50018933e-01\n  1.14060830e-01  3.11207592e-01 -3.69693058e-03 -1.58162295e-01\n  9.54278505e-02 -7.62006315e-02  1.09115068e-01 -5.32530212e-02\n  7.08731720e-02 -2.02397326e-01  4.27642347e-02 -8.32682663e-02\n -2.56251368e-02 -1.16687841e-01  5.65502608e-02  2.03271948e-02\n -1.44962756e-01 -5.04585812e-02 -6.05380422e-02  9.64822389e-02\n  2.21563326e-01  2.09711560e-01]",
    "mechanosensory": "[ 0.02868514  0.03871452  0.05649766  0.17521281 -0.22677083 -0.05080573\n -0.02145014 -0.10744433 -0.0108847  -0.04375288  0.04576996  0.00754997\n -0.00867462  0.14128905 -0.2658484   0.10166599  0.00775438  0.10666623\n -0.12323532 -0.05938082 -0.07789567  0.15308236  0.05044848 -0.18303471\n -0.00648158  0.04373672  0.04235486 -0.34095191 -0.00965076 -0.00433576\n -0.24838469  0.00107164  0.15583154 -0.10003774  0.01552994  0.05644964\n -0.0633772   0.03789399  0.03694933 -0.0711644  -0.00930414  0.08954742\n -0.02894203 -0.09804055  0.30924015 -0.11969897 -0.03861924 -0.08740448\n -0.13293214 -0.09934036  0.14732603 -0.03572587 -0.22033333  0.20762001\n  0.26396209  0.11372714 -0.1043621  -0.137809    0.18266214 -0.18468636]"
  },
  "neural_activity": {
    "mushroom_body": [
      0.9573342550431373,
      0.5685218001748344,
      0.1532728767834156,
      0.440756085521535,
      0.4259028932173351,
      0.8065279792960456,
      0.735175839227128,
      0.5075710583125029,
      0.3182408848813949,
      0.1857101658658754,
      0.147293821091668,
      0.5144536606534947,
      0.45121488345427196,
      0.4906687440412314,
      0.9154397942576439,
      0.03221105435352989,
      0.5357325732152792,
      0.1382546922159048,
      0.36067250393003913,
      0.5332526610283069,
      0.8730295292421824,
      0.04063562036991242,
      0.7485949842136878,
      0.3405914174807766,
      0.18318381682710538,
      0.5600384713303344,
      0.1937550886838283,
      0.5397260475592325,
      0.5783223468361413,
      0.9653669883642755,
      0.4658507608321515,
      0.041218211917091296,
      0.9430155978024163,
      0.2674308460540551,
      0.7293295369440447,
      0.57561750059022,
      0.8256796537657,
      0.8151716530122752,
      0.5281132367497178,
      0.8266383224215215,
      0.7639307513444167,
      0.2648371836316852,
      0.5252438849384159,
      0.5541905466888357,
      0.37818191129782974,
      0.7450469935471635,
      0.2806576625628212,
      0.970184082071879,
      0.823677363336939,
      0.978073118620327,
      0.49119614886596097,
      0.6255023153178355,
      0.3681622586961123,
      0.27170809027288534,
      0.7049624491081308,
      0.9090151895400193,
      0.41775828586490404,
      0.6095412889618553,
      0.585938072687339,
      0.8930936343998793,
      0.9166908334120343,
      0.8584724743974405,
      0.4721485132611529,
      0.4807210850130702,
      0.966113607256765,
      0.14152773929286366,
      0.6864110737296917,
      0.8136470071682644,
      0.6496913523967113,
      0.8044161094802286,
      0.6584368982773874,
      0.7552418973233255,
      0.616923263713886,
      0.3417038976597814,
      0.3231289351313176,
      0.1544216935411289,
      0.7029083784993677,
      0.5724367368870931,
      0.2916010291694956,
      0.02198318626477036,
      0.1818806884802623,
      0.9196557994989446,
      0.6893228355088742,
      0.8528493442801934,
      0.33072324176447354,
      0.4919088973308279,
      0.9279620406010517,
      0.28301492112311355,
      0.076863264671996,
      0.21435225530737068,
      0.47425321392117226,
      0.3668784589614873,
      0.8654826015894379,
      0.22710319324722184,
      0.7957563775459994,
      0.5848636850024898,
      0.9513743724371871,
      0.09511916040574064,
      0.46089376742698995,
      0.027475684173515202
    ],