{
  "step": 44,
  "insect_id": "Ant",
  "timestamp": 1753377453.6809602,
  "sensory_input": {
    "visual": [
      0.09156361828944902,
      1.2509797713537825,
      0.174686154623164,
      0.6207403508116157,
      0.33545121714713305,
      0.08947083266763328,
      0.3970959335361942,
      0.5810363242271209,
      -0.12445752459088986,
      0.6084260809719862
    ],
    "olfactory": [
      -0.07168661131783224,
      1.3856581660669653,
      -2.273723581683034,
      -0.4204973712226673,
      0.22485873128703282
    ],
    "pheromonal": [
      -0.4589664747779125,
      -1.0818082504941537,
      0.4180321288799051
    ],
    "mechanosensory": [
      -1.7825035709806303,
      -0.225712597055075,
      0.5048202870149634,
      0.276976014456985
    ]
  },
  "processed_output": {
    "visual": "[ 2.98528248e-02  2.69602914e-01  8.50745518e-02  1.79064170e-01\n -8.62745874e-02  1.57639694e-01  1.30817996e-01 -1.47370748e-01\n -8.72919413e-02  1.92394867e-01 -1.23413994e-01  2.29048203e-01\n -1.29563666e-01 -1.80960483e-01  1.64587123e-01  5.76195513e-02\n  4.53438804e-02  2.95791286e-01  3.54626621e-01 -7.01880138e-02\n -2.58907513e-01  3.05511430e-02  7.39968676e-02  2.08031358e-01\n -8.67862594e-02 -1.59794863e-01  2.03189179e-01 -6.26030198e-02\n  3.03516023e-01  1.67796041e-01 -5.35011776e-02  1.02362571e-01\n -1.76867908e-01  1.36865994e-01  1.53432553e-01  1.53783473e-01\n  2.09228927e-02 -1.56944259e-01  2.24057632e-01  1.74780042e-01\n -2.12778268e-01  1.38046628e-01 -1.62175784e-01 -1.51463478e-01\n  3.03511402e-01 -7.56641950e-02  1.00804700e-02  5.01292476e-03\n  6.18813633e-02  5.59726947e-02 -3.51940880e-02 -8.46876107e-03\n  1.30516779e-01 -1.62217964e-01  3.35709056e-02  3.71734167e-02\n  8.33053045e-03 -1.01444872e-01  1.98226033e-01  1.35363994e-01\n -2.10375895e-01  1.58306206e-01 -9.27354544e-02  9.92317533e-02\n -1.09602747e-01 -2.38135565e-01 -7.28999166e-02 -6.48787282e-02\n  1.07414901e-01  1.63407542e-01  4.00899330e-01 -1.87187474e-01\n -2.62809940e-01  1.88789804e-01 -2.40319217e-01  7.81095279e-02\n -1.45464179e-01 -1.45489416e-02 -1.98037027e-01 -3.26421370e-01\n -3.89257082e-02 -1.96815765e-02 -2.38610898e-01 -2.02214172e-02\n  1.47091357e-01  9.83500306e-03 -1.03599426e-01  9.42718546e-02\n  5.87892197e-02 -3.13062415e-01 -2.35292832e-01  9.14815378e-02\n -7.15952494e-03  1.18882449e-01 -1.55616239e-01 -2.95096218e-01\n -4.54856002e-02  1.74303314e-01  1.54197407e-01 -3.97011077e-02\n -1.50279372e-01 -6.23834101e-02  1.15576053e-01  2.33592243e-01\n  2.25677081e-01  2.64457003e-01 -6.02322534e-02  1.95220756e-01\n  5.74959400e-02  3.92672131e-01  7.23194330e-02 -1.16370508e-01\n  1.25153625e-01  3.53941392e-01  2.42573743e-01 -8.58601342e-02\n -1.67321419e-01  1.42763905e-01 -2.87424933e-01  3.04661737e-02\n  1.40230230e-02  9.50231644e-02  1.72771308e-01 -3.57619102e-01\n -5.30585403e-02  2.12442357e-01  2.42527491e-01  6.52309695e-02\n  2.58530796e-01  3.66417102e-04  1.85621113e-01  3.45640520e-01\n -2.07982623e-01  3.10648135e-01  1.61873113e-01  1.02684582e-01\n  8.23309497e-02 -6.24137997e-02  8.23881015e-02  9.06026043e-02\n  2.26930604e-02  1.46939850e-01 -2.59965507e-01  2.52743474e-01\n  2.93686977e-01 -1.26264471e-01 -1.29151110e-01 -7.37867172e-02\n -2.93957812e-01 -3.48900055e-02 -8.28064889e-03  4.24172566e-02\n  2.19442038e-01  3.57063365e-01 -1.42651425e-01 -5.62759319e-02\n  8.52031371e-02  1.11063731e-01 -2.02058476e-01 -9.61959084e-03\n -2.23409526e-01 -1.20082104e-01 -1.64217575e-01  8.26351239e-02\n  7.18411678e-02  1.12031549e-01 -1.48087027e-01  2.16915798e-02\n -6.31230452e-02  1.58161076e-01  3.82263557e-02 -1.48883435e-01\n -2.31819870e-01  1.30437719e-01 -8.69998932e-02 -5.07873718e-02\n -3.42420093e-01 -1.25919815e-01 -1.49259818e-01  2.19185685e-01\n -9.01082169e-02  3.45428451e-01 -2.88352565e-02 -2.47654354e-01\n  2.56561507e-01 -5.31920624e-02  7.22342730e-02  1.91784606e-01\n  5.60828626e-02  3.94841360e-02  1.79467211e-01  4.22753080e-02\n -8.75032969e-02  8.21088498e-02 -3.05810096e-01  4.96966870e-02\n -7.77290784e-02 -1.10181137e-01  1.02744340e-01  8.35408549e-02]",
    "olfactory": "[-0.55959286  0.10302106  0.25468061 -0.25002702  0.46947842  0.10448521\n  0.05740891  0.08845411  0.16563737 -0.286142    0.2074045   0.21871936\n -0.25953401 -0.19086786  0.03703082 -0.41284676  0.25024507 -0.22089417\n -0.06815459  0.02994981  0.18299613 -0.00104754  0.28189164 -0.26786106\n -0.29303277 -0.03277134 -0.15061516 -0.42862131  0.17582599  0.10290578]",
    "pheromonal": "[ 0.37090507 -0.10350649 -0.18756787  0.15853265 -0.29780526  0.05184759\n -0.02500604  0.11199439  0.0280773   0.19573715 -0.00245483 -0.26587678\n  0.03485397  0.03640165 -0.03767898  0.14579376 -0.1252806   0.01928163\n  0.10126609 -0.01792388  0.07307925 -0.1453043  -0.18529387 -0.07341256\n  0.13925352 -0.10841313  0.12926343  0.18152359  0.00062687 -0.10395058]",
    "mechanosensory": "[ 0.07663817 -0.33604611 -0.01180044  0.17458658  0.001731   -0.04187182\n -0.09555919  0.03478468  0.06610658  0.3990405  -0.39984689  0.23713307\n -0.05278188 -0.07405989 -0.12198159 -0.11048129 -0.07425677 -0.19719596\n -0.06326521  0.03501678 -0.2425428   0.01111704 -0.24920366 -0.08179433\n  0.00103041  0.0679974  -0.20913132  0.04368742  0.10203512  0.07548813\n -0.01060791 -0.13463078  0.1697731  -0.05849894  0.37962032 -0.14054107\n -0.09841443  0.20815495  0.08716254 -0.06501448  0.14791768 -0.4164436\n  0.0404572   0.20374108  0.12323739 -0.23224176  0.18529089 -0.08806821\n -0.18681412 -0.20251343 -0.22702499 -0.02908494 -0.13833908  0.06885451\n -0.09058409  0.12499704  0.22678557  0.18871631 -0.20605173  0.15905647]"
  },