{
  "step": 94,
  "insect_id": "Ant",
  "timestamp": 1753377493.5329387,
  "sensory_input": {
    "visual": [
      -0.46465865768945247,
      -0.7256108292065984,
      3.169762129494937,
      -1.2369319540130284,
      -0.12723589247125083,
      1.0160647311062887,
      0.7514606194421407,
      -0.8230651590608872,
      0.9720167621044875,
      -2.044865625505239
    ],
    "olfactory": [
      -0.41972576849291077,
      1.1507359551610066,
      -1.7527798440500402,
      -0.27234052550949944,
      -2.271448010086857
    ],
    "pheromonal": [
      0.4350969327292074,
      1.2120716314296482,
      -0.4369755162831224
    ],
    "mechanosensory": [
      -0.27029884539246446,
      -0.9280937422682419,
      1.3884615946637844,
      -0.3539699894827546
    ]
  },
  "processed_output": {
    "visual": "[ 3.12031743e-01 -2.43973325e-01  9.40089130e-02  1.05996177e-01\n  3.29897500e-01 -5.09974937e-01 -2.22952644e-02  4.50099951e-01\n -1.52138661e-01 -2.17964947e-01 -6.96776136e-02  3.98237791e-01\n -2.49523336e-01  2.46897809e-01 -1.21011469e-01  1.40358681e-01\n  6.08877702e-02 -6.94952848e-02 -8.11103350e-02 -2.37180301e-01\n  4.65500526e-02 -4.39384854e-01  1.18791172e-01 -1.22707711e-01\n  5.16682974e-01  4.02508109e-01  1.99897743e-01 -6.09365374e-01\n  9.74200857e-02  2.02527355e-01 -6.98669879e-01 -1.12818060e-01\n  8.75364243e-02 -4.83800928e-01 -2.42435145e-01 -5.61405524e-01\n -3.93364155e-01  1.51523029e-01 -9.00233489e-01 -3.94414901e-01\n  1.69316680e-01  4.30120632e-01  6.78603623e-01  2.36022040e-01\n  1.23676377e-01 -3.63615498e-01 -5.64686696e-01  5.49806811e-01\n  1.55107750e-01 -6.30188198e-01 -3.74927277e-01  2.71278283e-02\n -6.82202323e-01  2.22828975e-01 -1.11533248e-01 -3.45276198e-01\n  5.23055006e-02  4.55221400e-01  1.18906364e-01  3.73728246e-01\n  3.39146254e-01 -1.80920884e-01  4.45309958e-01 -2.16596878e-01\n  2.53448051e-01  2.25130590e-01  4.91314899e-01  3.38710507e-01\n -4.49636604e-01 -4.05919227e-01 -4.97236842e-01  9.78797294e-03\n  7.92255409e-01 -6.57729138e-01  4.02243172e-01  2.41180109e-02\n  2.14195284e-01  4.11300647e-01 -4.33885954e-02 -4.74298142e-01\n -6.49021771e-02 -7.40539085e-01  6.37167207e-01  5.50028981e-02\n -2.00132129e-01 -3.15198094e-02 -7.81058441e-01  1.48064440e-01\n -5.84277911e-01  2.01032852e-01  1.82071394e-01  4.83848985e-01\n -5.85833841e-01 -1.80663545e-01 -4.15939673e-01  5.04296808e-01\n  2.42467734e-01 -4.33652098e-01  6.63769237e-01 -7.38024352e-01\n -3.69025887e-01 -8.95943887e-02 -5.03270105e-01 -3.85756897e-01\n -2.68419921e-01  1.46360609e-02  5.05704979e-01  5.79526208e-01\n -4.75445796e-01 -1.85970589e-01  3.33617804e-01  2.46265617e-01\n  3.82160777e-02 -7.13859647e-01  4.83476116e-01  2.72754577e-02\n  1.78512484e-01  1.07455064e-01  1.49411557e-01 -5.55994086e-01\n  3.87149338e-01  4.90402190e-01 -3.56507258e-01  7.87811058e-01\n -4.07585454e-01 -3.60819851e-01 -4.94042015e-01 -5.15377019e-01\n -8.20359347e-01  1.33508900e-01 -1.13374044e-01 -1.61086791e-01\n -4.34501480e-01 -2.83537515e-02 -5.77230964e-01 -5.33762022e-01\n  5.31898901e-02  4.67970095e-01 -2.27657411e-01  4.28417598e-01\n  6.17620820e-02  4.98546248e-01  1.58759978e-01 -7.27431678e-01\n -4.62067105e-01 -1.24690328e-01 -1.54032921e-01 -4.15075229e-01\n -2.33975608e-01  4.86402893e-01 -4.49835201e-01  3.43663055e-01\n -2.03680069e-01 -4.96152329e-01  2.96027168e-01  3.55313147e-01\n -2.34359285e-01 -1.21723750e-01  4.11073464e-01 -1.03663850e-01\n  4.50257349e-01  2.42786872e-01  9.15423026e-02 -2.55425760e-01\n  4.69009101e-01 -5.44299632e-01 -2.48727294e-01 -6.36935249e-01\n  2.70199585e-01 -1.23651062e-01  2.66988532e-01  5.24584355e-02\n -8.68623825e-02 -3.88360356e-01 -1.54360542e-01  1.07078188e-01\n  1.78945743e-01  1.99716771e-01 -3.04935032e-01 -4.45884642e-01\n  7.42497189e-01 -7.51830995e-01 -1.62694962e-01 -5.27343481e-02\n -5.81711392e-01 -3.88584167e-01  5.53754063e-01  3.71018129e-01\n -4.23638350e-01 -4.92962054e-02  2.68099505e-04 -4.19041440e-01\n  2.37646345e-01  1.73407587e-01  8.01825861e-01  2.07650569e-01\n  3.84694475e-01  5.46375630e-01 -1.79066687e-01 -4.70384517e-01]",
    "olfactory": "[-0.73095836 -0.12176788  0.55532172  0.39711719  0.22350468  0.53928545\n  0.24494184 -0.03503888 -0.3149276  -0.27972925  0.19226193  0.17976151\n -0.09249738 -0.58219703 -0.03043479  0.10167512  0.32885731 -0.15404012\n  0.25926681 -0.45702292  0.09147504  0.04510059 -0.20880095 -0.13156051\n -0.21454548 -0.05572331  0.13006323 -0.38546229  0.38273477 -0.04548909]",
    "pheromonal": "[-0.39971151  0.12810436  0.20443985 -0.18434096  0.32584723 -0.05921569\n  0.02830825 -0.13723845 -0.03030535 -0.20279572 -0.00369973  0.27351435\n -0.03087336 -0.0485715   0.04538758 -0.16500441  0.15210641 -0.01788015\n -0.11308855  0.02100246 -0.06691622  0.15533018  0.19881673  0.0849531\n -0.15607201  0.10674375 -0.14360213 -0.18332177  0.00197876  0.11026402]",
    "mechanosensory": "[-0.19052319 -0.00540681 -0.09442347 -0.12711679  0.08196871  0.14189195\n -0.09321126 -0.05972742 -0.06458878  0.10760371 -0.02757776  0.33987024\n  0.07117238  0.19962129 -0.01843849 -0.36536249  0.07861879  0.15546227\n -0.17258462 -0.07887558 -0.07826455 -0.03114423 -0.18006483 -0.00831332\n -0.10301689  0.08766698 -0.18811229 -0.24886798 -0.16678063 -0.36616157\n  0.12146048 -0.15947925  0.28793585 -0.31895663  0.20503804  0.28531614\n  0.02208314  0.22233997 -0.12030572  0.18050777  0.08803617  0.04434503\n  0.10490092  0.064858   -0.2013066  -0.09288745 -0.17570872 -0.11177582\n -0.03609545 -0.10130862 -0.28563243  0.09155229  0.02608681  0.02111997\n  0.20332082  0.04802703  0.32529355 -0.05018954 -0.20301131 -0.03885005]"
  },