{
  "step": 39,
  "insect_id": "Fruit_Fly",
  "timestamp": 1753377453.6230512,
  "sensory_input": {
    "visual": [
      2.0671300741801675,
      1.4230832999946128,
      -2.068064387188404,
      1.2172420481018265,
      -0.1543229969668488,
      -1.0509910696478675,
      0.44695821963328825,
      -1.1213578859265503,
      -0.4183431809419197,
      -0.25848028700329273
    ],
    "olfactory": [
      2.195192108724393,
      1.165568440167395,
      1.1853522349200523,
      0.2870648471933439,
      1.3718479357709334
    ],
    "pheromonal": [
      -0.34370965056729236,
      0.11922210658839552,
      -2.7506386018631366
    ],
    "mechanosensory": [
      -0.8178284946122528,
      -0.536785323244447,
      2.288049974132866,
      0.14670004592605035
    ]
  },
  "processed_output": {
    "visual": "[ 0.2721033  -0.4856126  -0.10419235  0.02372059  0.02244573  0.30314845\n  0.07922838  0.12784284  0.28034755  0.11576259 -0.28493747  0.11284065\n -0.57102888 -0.31320192  0.01749006  0.15818818 -0.34849271  0.54567479\n -0.6137714  -0.28555665 -0.07982048  0.44075526  0.01083139  0.11729517\n  0.46300359 -0.06240479  0.20007175  0.10160923  0.2401637  -0.33041562\n -0.437111    0.39194923 -0.91015115 -0.26810792  0.28410047  0.02955958\n  0.49806413  0.37023608  0.43268824 -0.29661839 -0.07023642 -0.68678323\n  0.14646537  0.07775882 -0.08654934  0.62505028 -0.32539352  0.06212808\n  0.02408275  0.4334936  -0.3753664  -0.52474824 -0.43611734 -0.13170603\n  0.20308725 -0.26606037  0.47314292  0.22325463  0.2413941  -0.07841509\n -0.3042761   0.51304047 -0.18694259 -0.50791821 -0.30102121  0.13846532\n -0.07894269 -0.21990446 -0.43752103 -0.13285724 -0.29162584  0.26487848\n -0.20946828  0.26193556  0.22158571 -0.26198601  0.49080297 -0.13338735\n  0.11624186  0.8666455  -0.62745973 -0.05395219  0.07104197  0.25887216\n  0.03678045 -0.55475111  0.27295566  0.02975232 -0.25370631  0.63558906\n -0.15332759 -0.41839569  0.54593078  0.42986638  0.23208694  0.36704812\n -0.21288868 -0.01814155 -0.02693924  0.00367973 -0.31364677 -0.02952554\n -0.07070874  0.12599206  0.32735162  0.31473784  0.14063337  0.29155018\n  0.20477873 -0.47421955  0.52502534  0.09588624  0.4796139  -0.13198066\n  0.20847456  0.58294567  0.37879254  0.48307554  0.01967993 -0.35422642\n -0.03557023 -0.07300307 -0.06040578 -0.4190369  -0.10126736  0.69121215\n  0.30054447  0.26734461 -0.0486541  -0.07077763 -0.05793092  0.35573977\n -0.16875734 -0.15653754 -0.02215416  0.40395288 -0.10309477 -0.14871535\n  0.21484089  0.55275754 -0.28210047  0.85035827 -0.24836686  0.60277101\n  0.43143564 -0.48652478 -0.29740287 -0.3001703  -0.03170438  0.08927366\n  0.46509298 -0.42714952 -0.08460193  0.0259962   0.10732622  0.04395969\n -0.56920021  0.25359121  0.24548018  0.53540272  0.40036681 -0.16995136\n -0.36036326 -0.41923043 -0.2299805  -0.11528058 -0.3531163   0.12605764\n -0.73269258  0.32441811 -0.25784133 -0.42709761 -0.05859562 -0.00179527\n  0.32005087  0.48048209 -0.00443321 -0.41892011  0.00184896 -0.47621469\n  0.12263343  0.54951551  0.00446083 -0.3615431   0.38020485  0.17025063\n -0.23661044  0.63406927  0.1821386   0.55620657 -0.27280579 -0.27797227\n -0.54982039 -0.25510069  0.19778473 -0.23687211 -0.07657384  0.26880732\n  0.11711314 -0.07360479]",
    "olfactory": "[-0.27926865  0.1608274   0.08343759  0.00253915 -0.22731486  0.2459316\n  0.50076898  0.30106205  0.38690566  0.46445238 -0.07831375 -0.35893862\n  0.13969831 -0.22796893  0.33507801 -0.19347534  0.03096904 -0.43328589\n -0.01143017  0.02486527  0.04348144 -0.31865902  0.49882683  0.09641423\n -0.41260376 -0.25425093  0.24397936 -0.05383639 -0.06158034  0.35886277]",
    "pheromonal": "[ 0.00253392  0.5781238   0.13622592  0.02437665  0.61395405 -0.19008567\n -0.11942486 -0.16970762 -0.15622276 -0.06612268  0.13535282  0.35650275\n -0.4387033  -0.04240034  0.22517345 -0.44670907 -0.22536791 -0.18161837\n -0.17438095 -0.33748631  0.15127967 -0.20440111 -0.16539294 -0.21473639\n -0.12370917 -0.00930864 -0.27125891  0.19607476  0.09312114 -0.35003356]",
    "mechanosensory": "[ 0.40328859 -0.54062649 -0.27103974 -0.12752002 -0.05521436  0.03738634\n  0.44382152  0.15096489 -0.58855042 -0.34900734  0.25219196 -0.44140294\n  0.10080388  0.27332442  0.35340018  0.04621474  0.24908255  0.34091411\n -0.12853161 -0.12351622  0.10681357  0.31268916  0.04661532  0.06003716\n -0.20697672  0.38054538  0.24375387 -0.14880887  0.3178455  -0.2953039\n  0.0477364  -0.18803287  0.18460624  0.10281269 -0.09376555 -0.00487619\n  0.49646059  0.18487258  0.08346094  0.00850751 -0.36719768 -0.14545224\n  0.31933635 -0.45179914  0.14794151 -0.25058123  0.19709817 -0.00083729\n  0.0665151  -0.50529496  0.02148514 -0.32570433  0.25047673 -0.17468588\n -0.40824826  0.18595887  0.09668563  0.03634777  0.22759847 -0.30933544]"
  },
  "neural_activity": {
    "mushroom_body": [
      0.9573342550431373,
      0.5685218001748344,
      0.1532728767834156,
      0.440756085521535,
      0.4259028932173351,
      0.8065279792960456,
      0.735175839227128,
      0.5075710583125029,
      0.3182408848813949,
      0.1857101658658754,
      0.147293821091668,
      0.5144536606534947,
      0.45121488345427196,
      0.4906687440412314,
      0.9154397942576439,
      0.03221105435352989,
      0.5357325732152792,
      0.1382546922159048,
      0.36067250393003913,
      0.5332526610283069,
      0.8730295292421824,
      0.04063562036991242,
      0.7485949842136878,
      0.3405914174807766,
      0.18318381682710538,
      0.5600384713303344,
      0.1937550886838283,
      0.5397260475592325,
      0.5783223468361413,
      0.9653669883642755,
      0.4658507608321515,
      0.041218211917091296,
      0.9430155978024163,
      0.2674308460540551,
      0.7293295369440447,
      0.57561750059022,
      0.8256796537657,
      0.8151716530122752,
      0.5281132367497178,
      0.8266383224215215,
      0.7639307513444167,
      0.2648371836316852,
      0.5252438849384159,
      0.5541905466888357,
      0.37818191129782974,
      0.7450469935471635,
      0.2806576625628212,
      0.970184082071879,
      0.823677363336939,
      0.978073118620327,
      0.49119614886596097,
      0.6255023153178355,
      0.3681622586961123,
      0.27170809027288534,
      0.7049624491081308,
      0.9090151895400193,
      0.41775828586490404,
      0.6095412889618553,
      0.585938072687339,
      0.8930936343998793,
      0.9166908334120343,
      0.8584724743974405,
      0.4721485132611529,
      0.4807210850130702,
      0.966113607256765,
      0.14152773929286366,
      0.6864110737296917,
      0.8136470071682644,
      0.6496913523967113,
      0.8044161094802286,
      0.6584368982773874,
      0.7552418973233255,
      0.616923263713886,
      0.3417038976597814,
      0.3231289351313176,
      0.1544216935411289,
      0.7029083784993677,
      0.5724367368870931,
      0.2916010291694956,
      0.02198318626477036,
      0.1818806884802623,
      0.9196557994989446,
      0.6893228355088742,
      0.8528493442801934,
      0.33072324176447354,
      0.4919088973308279,
      0.9279620406010517,
      0.28301492112311355,
      0.076863264671996,
      0.21435225530737068,
      0.47425321392117226,
      0.3668784589614873,
      0.8654826015894379,
      0.22710319324722184,
      0.7957563775459994,
      0.5848636850024898,
      0.9513743724371871,
      0.09511916040574064,
      0.46089376742698995,
      0.027475684173515202
    ],