{
  "step": 75,
  "insect_id": "Ant",
  "timestamp": 1753377480.4337256,
  "sensory_input": {
    "visual": [
      -0.7417169498277625,
      0.002511618257336381,
      0.24337754501873896,
      -2.1339257403374523,
      0.15533748746983048,
      0.542130775293132,
      -0.17447657208686942,
      0.25727862167282173,
      -0.3042981719243753,
      -1.4579253706406792
    ],
    "olfactory": [
      -0.5341005932733482,
      2.687224576622594,
      0.1591380898059522,
      1.4998372175880303,
      -0.7526988538767452
    ],
    "pheromonal": [
      -0.780814061276458,
      1.96564339481123,
      1.065506644349053
    ],
    "mechanosensory": [
      -0.6010774911817527,
      -0.08386451719698734,
      0.29300150935451236,
      -0.30167649767875426
    ]
  },
  "processed_output": {
    "visual": "[-0.29102721 -0.05790224 -0.0207769   0.11811702  0.09851056 -0.07407316\n  0.15057924  0.35822911 -0.04168216  0.09626318 -0.06921966  0.16911576\n -0.0504987   0.16773574 -0.12007411  0.00972437  0.17643187 -0.06448011\n -0.41801226 -0.04272868  0.17345007 -0.14307663  0.24118138 -0.108722\n -0.43067158  0.10442362 -0.37009329 -0.23652423 -0.43549695  0.39802479\n  0.04070943 -0.01578622  0.2121092   0.07127133 -0.50298095 -0.24679972\n -0.12663203  0.36712083 -0.13768499 -0.12460635 -0.12787252  0.0830201\n  0.5338688   0.18162731 -0.01502789  0.12625351 -0.1926598   0.29376009\n  0.39715002 -0.4258721  -0.25869887  0.06631549 -0.36114119  0.23680215\n  0.0394477  -0.18857054 -0.08542532  0.34995971  0.0435386  -0.01391655\n  0.33527278  0.03945725  0.11909571 -0.06882414  0.37479138  0.45695527\n  0.04699416  0.11192886  0.38489098  0.1772201  -0.38964433  0.0586117\n  0.65277669 -0.11904921  0.38412089 -0.14328313  0.46446487  0.2741942\n  0.21094084  0.14075356 -0.29622055  0.16182745  0.29083333  0.11785918\n  0.03778704  0.22994296 -0.28580315  0.0196217  -0.24477273  0.35495803\n -0.11353247  0.45397127 -0.19826485 -0.06566005 -0.28415913  0.54485451\n  0.33359431  0.18201141  0.35263139 -0.22586161 -0.23689468 -0.07215013\n  0.1240093  -0.24589952 -0.50697518  0.2773142   0.22871922 -0.13237043\n -0.21678569 -0.09735149  0.09908526 -0.12881442  0.12768606 -0.41271835\n  0.11511801 -0.31628807  0.06475606  0.16881124  0.12428787 -0.50393268\n -0.14979666  0.48123238 -0.38003486  0.15461829 -0.1705518  -0.50834616\n  0.47928958 -0.45216656 -0.46282964  0.08392198 -0.49308727 -0.29709347\n -0.25034052 -0.11970094 -0.13792325 -0.24082412  0.07292539  0.35314973\n -0.0260385   0.12325213  0.20418305  0.59079726 -0.02606203 -0.17153426\n -0.13906506 -0.41129135  0.0320204  -0.15508317 -0.23884376  0.13375122\n -0.00128342  0.46621944 -0.32736731 -0.65378293  0.27961879  0.18216856\n -0.01153032  0.13964783  0.08180296 -0.11193912  0.05330397 -0.13880461\n  0.10095577 -0.01699633  0.27098704 -0.45265946  0.14423482 -0.52308252\n  0.25209705 -0.1176908   0.18342642  0.25836108  0.23080684 -0.20448426\n  0.01798357  0.13276213  0.16003605  0.55318193 -0.05461277 -0.23785584\n  0.48578267 -0.54091869 -0.25851206  0.20885742 -0.60363006  0.05048173\n -0.07399926  0.22229007 -0.39855544  0.00527164 -0.15680692 -0.45164458\n  0.06261946 -0.28537215  0.13449607 -0.17979675  0.37207955 -0.16586183\n  0.14853672 -0.07603371]",
    "olfactory": "[-0.69797907  0.59612542  0.4765678  -0.51110265  0.46794109 -0.10904528\n  0.26788926 -0.60513949 -0.27485547  0.09385135 -0.23343278  0.14911353\n  0.34982624 -0.38844514  0.28891051 -0.07615021  0.50797176  0.23264137\n -0.00723041 -0.14346901 -0.24753716  0.35958146  0.00836917  0.3525324\n -0.30089799  0.20771341 -0.14546833  0.06617508 -0.03353877 -0.0292134 ]",
    "pheromonal": "[-0.24816076  0.46112118  0.16547332 -0.41970058  0.34123775 -0.23840287\n -0.00100687 -0.56140595 -0.10684912  0.04883151 -0.26843565 -0.05542629\n  0.23399286 -0.14291828  0.13265061 -0.21542428  0.44930393  0.15060985\n -0.25544914  0.09083935  0.14392379  0.16496268  0.13946898  0.39483913\n -0.19023851 -0.11785441 -0.24247724  0.30397647 -0.03134045  0.07852398]",
    "mechanosensory": "[ 0.00079087 -0.0364474  -0.01794354  0.0568111  -0.01644457 -0.0465556\n -0.04419253  0.02605208  0.01617702  0.12139115 -0.14610963  0.08837935\n  0.01331837  0.04101338 -0.01271468 -0.02170204 -0.0002653   0.0318716\n -0.12245995 -0.01583826 -0.09233983  0.01170594 -0.11038762 -0.04923762\n -0.02063256  0.01230044 -0.10142513  0.03214725  0.03108973  0.00804381\n -0.02044259 -0.10812993  0.09238512 -0.09428593  0.12254044  0.01942008\n -0.02101646  0.08841843 -0.06324544 -0.0528251   0.02951946 -0.15017919\n  0.01650302  0.02360917 -0.02709064 -0.10837325  0.05166662 -0.03577986\n -0.06547384 -0.07278034 -0.13450199 -0.04120367 -0.04084007  0.04752373\n  0.0028052   0.02933482  0.16725198  0.01945889 -0.07587495  0.05009341]"
  },
  "neural_activity": {
    "mushroom_body": [
      0.4924007237947772,
      0.14693464607642892,
      0.767210702383254,
      0.6248820631260946,
      0.9864482839136465,
      0.33642038262559837,
      0.4422341246408278,
      0.9350583906263176,
      0.8758108280827299,
      0.364067756289724,
      0.02099672115939233,
      0.3653858631904884,
      0.8151629850456615,
      0.6140212660019688,
      0.32891618603502437,
      0.18893806693942827,
      0.7905736907455317,
      0.49916065962944123,
      0.19717420637235406,
      0.9213049964468009,
      0.447226947943287,
      0.7632966728025157,
      0.8032316000008118,
      0.5535376916288629,
      0.07895300729288246,
      0.37207011325454553,
      0.17281634483101527,
      0.9955464920855303,
      0.7331206509221954,
      0.5386381999688542,
      0.39924139702265893,
      0.2069417262349741,
      0.18638278300294076,
      0.5276332937882693,
      0.6015984856107799,
      0.738477463568368,
      0.012070075146157544,
      0.39691921306107414,
      0.9742478701988332,
      0.24929524690375904,
      0.2769088846934247,
      0.5292959918493957,
      0.07966113583142909,
      0.21578219897423678,
      0.7698762304225306,
      0.28290490199427065,
      0.9405319902264295,
      0.6002708120426894,
      0.45739250176265134,
      0.4463890668275149,
      0.9356395009266144,
      0.2565397437437217,
      0.45391089141763574,
      0.6693230026315135,
      0.02617703582476605,
      0.02531896787827681,
      0.5251034861530219,
      0.7031803637078137,
      0.058529304862222964,
      0.01939748304062039,
      0.5974268143442467,
      0.12381889677257696,
      0.6523379317512753,
      0.9321946265931902,
      0.591086092657511,
      0.1240378689225623,
      0.9362653987395712,
      0.5070649457786084,
      0.0919345703443104,
      0.7666644812076299,
      0.08779127460972835,
      0.33673866917057105,
      0.5896370886961854,
      0.2909284330490943,
      0.7323145070044182,
      0.7236888826592979,
      0.5710198786593059,
      0.7176901664961559,
      0.24203636076752333,
      0.41260492944946736,
      0.8738631246179162,
      0.4024116122514887,
      0.24035654060282785,
      0.3736574116109701,
      0.03336379466983419,
      0.6106387280493265,
      0.9364508555576203,
      0.22944403673237168,
      0.4365801853721185,
      0.8738519447485829,
      0.5050267126920194,
      0.453349231079773,
      0.993777465048396,
      0.3051647484911183,
      0.5080186252800102,
      0.5197698326970429,
      0.18403870897738006,
      0.28479427375720423,
      0.10024162543381976,
      0.18808052763581162
    ],