{
  "step": 44,
  "insect_id": "Fruit_Fly",
  "timestamp": 1753377453.6846218,
  "sensory_input": {
    "visual": [
      -0.2611649035513858,
      -1.5523808567738733,
      0.09733178587419451,
      0.01602172380314699,
      0.3567946672968626,
      1.2953354817080485,
      -0.45983800533621133,
      -0.23526794547968172,
      1.0120771902466494,
      -1.5496825903538858
    ],
    "olfactory": [
      0.2834479259517694,
      -1.7498478998768199,
      -0.23078686942632218,
      1.1920807342106488,
      -2.3912852649934417
    ],
    "pheromonal": [
      -0.2030119250048771,
      -0.11240827173968418,
      -0.07270731706662535
    ],
    "mechanosensory": [
      1.1781039751283249,
      -0.2809674065415705,
      -0.4016565000310085,
      -0.6313695896252521
    ]
  },
  "processed_output": {
    "visual": "[ 0.01498753 -0.02751322 -0.24001782 -0.14637799  0.08915313  0.10487749\n -0.2574833  -0.29629554  0.31259851  0.00186442  0.16412959 -0.3507867\n  0.13993186 -0.13132355  0.48433405  0.31143395  0.33893566  0.06211593\n  0.29069551  0.0208063  -0.24829336  0.17346725  0.23399732 -0.48620493\n -0.23979428  0.35511197  0.17810427 -0.10858669 -0.0356589   0.22402902\n  0.34511201  0.12810577  0.41261146 -0.22451335 -0.35603308  0.04720641\n -0.32933897  0.19776622 -0.17987115  0.64047272 -0.29411409  0.39424411\n -0.02174954  0.27151164  0.37633757 -0.31686397  0.29502646  0.29040454\n -0.17324111 -0.47388146 -0.01304649  0.28205932  0.03944381 -0.04638008\n  0.26789254  0.10378535 -0.43542847 -0.05652261 -0.13355669  0.18371251\n  0.13551671  0.11258947  0.05620192  0.24878855  0.52265547  0.22385382\n -0.66736452  0.18009889  0.53621964 -0.23452033  0.25711456  0.08913771\n  0.25617083 -0.20075304  0.19600431  0.5023118  -0.23432432 -0.48384076\n -0.42449166 -0.57284578  0.42743331  0.00693103 -0.28011208 -0.6078152\n -0.33603723  0.49438742 -0.44067953  0.16787422  0.10456733 -0.04236182\n  0.39784276  0.09064507 -0.07202035 -0.38104252  0.16484967 -0.48784271\n -0.06032995 -0.02898103  0.57269967  0.38591586 -0.38930033 -0.28159167\n -0.40547423 -0.43641795 -0.4669763   0.21147923 -0.07167014 -0.41749765\n -0.30076898  0.08489199 -0.04832923 -0.3219606  -0.31667827  0.1237036\n  0.24166503  0.24510304 -0.00637543 -0.69768684  0.11090216  0.08861024\n  0.28066452 -0.01865615 -0.11922389 -0.44924512 -0.17215627 -0.49640882\n  0.21034657 -0.0118186   0.11695604  0.0211691  -0.03298755 -0.52872784\n  0.06534016 -0.17981664 -0.2211765  -0.62038138 -0.11813491  0.3466013\n  0.09919975 -0.25964292  0.30325791 -0.39804249  0.20911792 -0.20170225\n -0.21320014  0.14916006  0.15796575 -0.3216436  -0.29100388 -0.21601589\n -0.20869727  0.34613466  0.16317407  0.05144296 -0.09370251  0.35853618\n -0.42275128  0.20792746 -0.06984109 -0.44893651  0.25853021 -0.00598584\n  0.26842367 -0.02992787  0.34658977 -0.08657078 -0.17976576  0.19493825\n  0.24084194 -0.0429453  -0.37353674 -0.02909763  0.16891594  0.09908957\n -0.07549019  0.16652128  0.28457351  0.44563134 -0.10734635  0.29486506\n -0.29286119  0.10466128 -0.14010419  0.08488676  0.18184935  0.07472357\n -0.0063497  -0.56200717  0.4172949  -0.14030675  0.50019533  0.15543171\n  0.15999268 -0.33181292 -0.05173723  0.27616188  0.16717058 -0.32366062\n -0.24472028 -0.25213324]",
    "olfactory": "[ 0.05948207 -0.43705915 -0.28328533  0.09971961  0.05044541  0.03282351\n -0.42911596  0.32079831  0.00719983  0.04474615 -0.08559583 -0.1205153\n  0.22443217 -0.02280094 -0.34382352  0.44331665  0.53631474  0.40732127\n  0.01497685  0.01614586 -0.20535144  0.21727442 -0.52522341 -0.06360657\n  0.56210695  0.13939401 -0.41006714  0.27807752  0.64191223  0.24812202]",
    "pheromonal": "[ 0.0066827   0.00178108 -0.00084287 -0.00871142 -0.00249788 -0.00648501\n -0.04793402 -0.03259665 -0.02375929 -0.0396596   0.00828552  0.03097461\n -0.0286787   0.01686856 -0.02268755  0.01152811 -0.02011921  0.03074891\n -0.01306954  0.00148895  0.01217503  0.02944251 -0.03842247  0.0083152\n  0.01834162  0.01757543  0.00284571  0.00107013 -0.02971797 -0.03278225]",
    "mechanosensory": "[-1.23510352e-01  3.13133896e-01  6.54417488e-02  2.39656224e-01\n -3.29055605e-02 -8.68761122e-02 -4.25122741e-02 -1.48488955e-01\n  2.72649028e-01 -1.14413179e-01 -3.43525851e-04  1.50963918e-01\n  2.48188845e-03 -2.99178782e-02 -3.71843252e-01 -4.18972202e-02\n -1.19266491e-01 -5.39206180e-02 -9.49691927e-02  3.02062886e-02\n -8.38579844e-03  1.01605030e-01  5.80965287e-02 -9.39605190e-02\n  3.85642089e-03  6.43233131e-03 -1.66847288e-01  2.24804202e-02\n -1.25550790e-01 -2.24022475e-02 -1.13571658e-01  1.23302294e-03\n  3.37989839e-02 -1.97552268e-01 -5.39707371e-02  1.97024318e-02\n -1.51513988e-01  3.04313422e-02 -6.76818247e-02 -1.95507672e-01\n  6.67128093e-02  2.38858466e-01 -1.06550407e-01  1.38377237e-01\n  1.94282787e-01  2.34258304e-02 -1.48893761e-01  4.45345608e-02\n -5.64640274e-02  2.59101626e-01  1.39059410e-01  8.66621445e-03\n -7.15947346e-03  1.61790919e-01  2.36751232e-01 -1.22515361e-03\n -6.50921444e-02 -8.67347155e-02 -6.56965855e-02  7.37510550e-03]"
  },
  "neural_activity": {
    "mushroom_body": [
      0.9573342550431373,
      0.5685218001748344,
      0.1532728767834156,
      0.440756085521535,
      0.4259028932173351,
      0.8065279792960456,
      0.735175839227128,
      0.5075710583125029,
      0.3182408848813949,
      0.1857101658658754,
      0.147293821091668,
      0.5144536606534947,
      0.45121488345427196,
      0.4906687440412314,
      0.9154397942576439,
      0.03221105435352989,
      0.5357325732152792,
      0.1382546922159048,
      0.36067250393003913,
      0.5332526610283069,
      0.8730295292421824,
      0.04063562036991242,
      0.7485949842136878,
      0.3405914174807766,
      0.18318381682710538,
      0.5600384713303344,
      0.1937550886838283,
      0.5397260475592325,
      0.5783223468361413,
      0.9653669883642755,
      0.4658507608321515,
      0.041218211917091296,
      0.9430155978024163,
      0.2674308460540551,
      0.7293295369440447,
      0.57561750059022,
      0.8256796537657,
      0.8151716530122752,
      0.5281132367497178,
      0.8266383224215215,
      0.7639307513444167,
      0.2648371836316852,
      0.5252438849384159,
      0.5541905466888357,
      0.37818191129782974,
      0.7450469935471635,
      0.2806576625628212,
      0.970184082071879,
      0.823677363336939,
      0.978073118620327,
      0.49119614886596097,
      0.6255023153178355,
      0.3681622586961123,
      0.27170809027288534,
      0.7049624491081308,
      0.9090151895400193,
      0.41775828586490404,
      0.6095412889618553,
      0.585938072687339,
      0.8930936343998793,
      0.9166908334120343,
      0.8584724743974405,
      0.4721485132611529,
      0.4807210850130702,
      0.966113607256765,
      0.14152773929286366,
      0.6864110737296917,
      0.8136470071682644,
      0.6496913523967113,
      0.8044161094802286,
      0.6584368982773874,
      0.7552418973233255,
      0.616923263713886,
      0.3417038976597814,
      0.3231289351313176,
      0.1544216935411289,
      0.7029083784993677,
      0.5724367368870931,
      0.2916010291694956,
      0.02198318626477036,
      0.1818806884802623,
      0.9196557994989446,
      0.6893228355088742,
      0.8528493442801934,
      0.33072324176447354,
      0.4919088973308279,
      0.9279620406010517,
      0.28301492112311355,
      0.076863264671996,
      0.21435225530737068,
      0.47425321392117226,
      0.3668784589614873,
      0.8654826015894379,
      0.22710319324722184,
      0.7957563775459994,
      0.5848636850024898,
      0.9513743724371871,
      0.09511916040574064,
      0.46089376742698995,
      0.027475684173515202
    ],