{
  "step": 11,
  "insect_id": "Honeybee",
  "timestamp": 1753377433.8355021,
  "sensory_input": {
    "visual": [
      -1.5729481287185625,
      -0.4150882929380675,
      0.04294741184222791,
      2.455836239528408,
      -0.4917749422298758,
      -1.1025439165228403,
      0.8452063404564546,
      0.6137382490764991,
      -1.3892174194867972,
      -0.6029462251832943
    ],
    "olfactory": [
      -0.44606112664885444,
      0.8005118442429735,
      0.5511795146990188,
      -1.3845093684940881,
      -1.068402079572307
    ],
    "pheromonal": [
      -0.645616044432332,
      -1.7697331915932477,
      -1.2046659414733734
    ],
    "mechanosensory": [
      0.9203647835940146,
      -0.047429747585163294,
      0.3057056896173949,
      -0.3950515072696887
    ]
  },
  "processed_output": {
    "visual": "[ 0.12769898 -0.24938303  0.00265723  0.11624837 -0.0985936   0.17395197\n -0.20719241  0.1689646   0.22708529  0.14446992  0.10368354 -0.21344578\n  0.01829088 -0.55463189  0.29093286  0.33627183  0.17571133 -0.01180639\n  0.21413173  0.13820392 -0.08904014 -0.20932235 -0.69904732 -0.09726329\n -0.09040716  0.08732578  0.08810672  0.2904787  -0.64695705  0.69408641\n  0.12376833 -0.41650849 -0.09891197  0.16040238  0.06719395 -0.46659695\n -0.12747785 -0.32037854 -0.47073313 -0.39470095 -0.40222717  0.15865798\n -0.32376175 -0.04154534  0.40949192  0.68214036  0.36019955 -0.34655302\n -0.53014564  0.01713317 -0.15523449 -0.51912224  0.14230062  0.54629512\n -0.24737448  0.65556529 -0.43034374 -0.2827185  -0.09275088  0.35878603\n -0.62773995  0.33002157  0.20788757 -0.41389476 -0.29219207  0.3059862\n  0.70838662  0.6866085  -0.62872259 -0.50398315  0.15003748 -0.7270257\n  0.00653918 -0.24000129 -0.16015209  0.08193714 -0.51583247 -0.21716193\n -0.32663095  0.18710557 -0.30380134 -0.26284178 -0.3891953  -0.03954696\n  0.06708093  0.34926787  0.32462619  0.20909814 -0.46068195  0.40288433\n  0.19914137 -0.1410177   0.14940589  0.08565674 -0.15847991 -0.40165788\n  0.5131244  -0.37541465  0.03086195 -0.27933077  0.28127085  0.08466126\n -0.50089639  0.01112162 -0.31062033 -0.39302147  0.2909201   0.19476078\n  0.09536234  0.01979811  0.32992694 -0.27506424  0.31579599  0.17495215\n  0.30407619  0.04200131  0.3091656   0.14822342 -0.08873959 -0.13304142\n  0.24296316 -0.31538509 -0.01909434 -0.22635463  0.23730189 -0.00423797\n  0.56567943  0.01162214  0.17007976 -0.19536803 -0.38135768  0.10977118\n -0.46008664  0.62952839  0.35165252  0.39997349  0.19102579 -0.34132185\n  0.45062413 -0.39446979  0.34151077  0.24132873  0.33922259 -0.50070161\n  0.06453071 -0.11220857  0.14769984  0.71095289  0.51253387  0.43135904\n -0.05545663 -0.01373187  0.42738267  0.03198366 -0.02800274  0.38548425\n -0.222742    0.55509195  0.29386976 -0.27354332  0.20332287  0.43206989\n  0.02426498  0.02816365 -0.08126912  0.12753495  0.27457341 -0.20986285\n  0.54830991  0.19750703 -0.25384854  0.1097915   0.23881449  0.0583134\n  0.03026183  0.09055669 -0.16908474  0.28908349  0.30569312 -0.49086203\n  0.04907589  0.26297039 -0.19199848  0.01683883 -0.03993019 -0.83043588\n  0.35341109 -0.41213782 -0.61623835  0.02709237 -0.30429092  0.34489661\n -0.0630474  -0.19155563 -0.15676072 -0.63230121  0.22391478 -0.08658816\n -0.07524654 -0.20241181]",
    "olfactory": "[-0.12424476 -0.22506782  0.13209212  0.26469391  0.31068998  0.12676153\n -0.3496375   0.10937221  0.09053044 -0.21956601  0.13860358  0.48920344\n -0.178245   -0.12125647 -0.26377358 -0.1671741   0.19296213  0.22787849\n  0.44060913 -0.04629172  0.09823068 -0.19212261  0.06625302 -0.03355793\n  0.45557357 -0.03649495  0.05181685 -0.2876768   0.02106435 -0.18899985]",
    "pheromonal": "[ 0.11666128 -0.03052337 -0.31329783  0.29560323  0.23823759  0.12257703\n -0.05335547 -0.07101949 -0.43507667  0.28350627 -0.14571785 -0.36642368\n  0.20286067 -0.22251614  0.34436637  0.10761386  0.05861632  0.02072961\n -0.30324535 -0.34109027  0.06235461 -0.13210998  0.37927655 -0.04124521\n -0.13232716 -0.19535235 -0.03045309  0.35863051  0.09471149  0.17966453]",
    "mechanosensory": "[-0.16652559  0.0705068   0.0257924   0.02050712 -0.05519956 -0.07639069\n  0.07227675 -0.11631406 -0.2553784   0.04494724 -0.00209976  0.07150335\n  0.13608777 -0.01549387  0.06253584  0.022445    0.29382952 -0.14117065\n -0.07468959 -0.06918119  0.05882673  0.16758693 -0.07343942 -0.22598774\n -0.11252583  0.09065817 -0.04918986 -0.05703048 -0.19583443 -0.00671728\n -0.03075029  0.26646423  0.05822931  0.01434421  0.1925921  -0.14436912\n  0.00946163 -0.01204239 -0.01019     0.10641692 -0.10582274 -0.17914572\n -0.01901269 -0.13069585 -0.02300281  0.04464957  0.16146171 -0.04461011\n  0.05790297 -0.00383997  0.19451249 -0.0823233  -0.04093146 -0.09830477\n -0.08689099  0.09287602  0.05371184  0.19839823  0.11550248  0.06329816]"
  },
  "neural_activity": {
    "mushroom_body": [
      0.12635954055289922,
      0.6510662603041527,
      0.6627929837081565,
      0.9059514415899972,
      0.694024905970108,
      0.13032535785611132,
      0.6785700910874193,
      0.25181423548906845,
      0.9354434499568303,
      0.9820695225306735,
      0.35894562736900226,
      0.09852715118231181,
      0.294853150261539,
      0.7462912346894797,
      0.7870932401371551,
      0.07062982415768515,
      0.48313936540704683,
      0.6622209359526908,
      0.115399259873879,
      0.6872873456110286,
      0.6981114122053442,
      0.504124699964496,
      0.8683273200191458,
      0.7166708401294236,
      0.6182749276751418,
      0.6232014757378306,
      0.39529436063508416,
      0.38233751371397573,
      0.7167883560053652,
      0.44552297638641014,
      0.9047130954552666,
      0.021405918043153394,
      0.7727889117003455,
      0.6159269939967781,
      0.06738501744015668,
      0.32597272676736,
      0.3087168672643883,
      0.9038271378155378,
      0.23784856178197233,
      0.18904989841550568,
      0.2210457214133057,
      0.848521080227047,
      0.3413897391223164,
      0.9617188178997028,
      0.787246394196182,
      0.10829421222201396,
      0.6481604816985572,
      0.7469217894494218,
      0.03391105392878513,
      0.15653537504224724,
      0.9992419020899515,
      0.6853055751030905,
      0.25484180859629757,
      0.9989993979407218,
      0.6524217395054385,
      0.6347337365749102,
      0.744143846619154,
      0.5150140806392638,
      0.7356517947329767,
      0.6376489951475847,
      0.45323207581238756,
      0.37210842438874125,
      0.7037428860280608,
      0.23895712561486693,
      0.5940955300660384,
      0.9945112193658604,
      0.707620198578572,
      0.9534313058612712,
      0.7114461577312933,
      0.4395467057289705,
      0.49249444180522495,
      0.06731022572559242,
      0.27550073951848686,
      0.8881137570119427,
      0.8104454683630198,
      0.58025781616706,
      0.5300344472969072,
      0.07180701688387292,
      0.3757757212457067,
      0.300809054944117,
      0.8118121304991793,
      0.8542922211831256,
      0.9187886496881005,
      0.9817062663157549,
      0.5612733835334486,
      0.2686584688003274,
      0.5043663782398784,
      0.18781304522437448,
      0.71123547918031,
      0.2222548857108344,
      0.5264317813777212,
      0.9750138797195244,
      0.07515074344946227,
      0.2914045013201676,
      0.7958427234065533,
      0.45715523003574077,
      0.5492189810560055,
      0.28384337953527417,
      0.4591770410905638,
      0.27511237675800737
    ],