{
  "step": 83,
  "insect_id": "Ant",
  "timestamp": 1753377493.404133,
  "sensory_input": {
    "visual": [
      0.922862973596591,
      -1.6762935013435485,
      -0.4796876552414637,
      -1.3600508840371284,
      0.115982321558992,
      0.20193766359346582,
      -0.9350227204099959,
      -0.0499777356499617,
      0.5898667483895665,
      0.020967053099972665
    ],
    "olfactory": [
      -0.8609223522578842,
      -0.28285292728472305,
      0.6053482920779518,
      0.7049928247203711,
      -1.3438244940863528
    ],
    "pheromonal": [
      -0.20396830115711115,
      1.3554440459768162,
      1.3739207211824138
    ],
    "mechanosensory": [
      0.5706801081194123,
      -0.9302399680797774,
      -0.7149029533696649,
      0.3511826177599566
    ]
  },
  "processed_output": {
    "visual": "[-0.3125226  -0.09920564  0.12582262 -0.22533403 -0.06905043 -0.25338722\n -0.23279901  0.30914858  0.19766227 -0.35847469  0.28094477 -0.43656928\n  0.29170075  0.10129157 -0.01018065  0.07146098 -0.02802193 -0.35480378\n -0.67589959 -0.30518639  0.08981503  0.00450081 -0.17398288 -0.08936951\n -0.05125638  0.180172   -0.350467    0.39527316 -0.53087473 -0.28102404\n  0.20484226  0.07772863  0.30303892  0.09559119 -0.2447613  -0.07457693\n  0.1870403   0.19572535 -0.28440876 -0.25520183  0.28737621 -0.24625652\n -0.26901118  0.04909893 -0.27115297 -0.05458729  0.15671915  0.23132275\n -0.18097069 -0.22348939  0.22583188  0.38493177 -0.0793137   0.33001245\n -0.05077375 -0.16167289 -0.13278707  0.23050833 -0.37160742 -0.14884246\n  0.52321857 -0.2254277   0.29456013 -0.19962673  0.10710513  0.27941154\n  0.20674042  0.13745627 -0.02758182 -0.07516516 -0.3878906   0.12224666\n  0.24839521 -0.5003657   0.31457238 -0.29370603  0.2866434   0.11920966\n  0.19622461  0.46759053  0.28413734  0.1144054   0.29209565  0.03815221\n -0.02397513  0.04325338  0.13919143  0.02663936 -0.00943649  0.31571291\n  0.31957409  0.0710047  -0.06884461 -0.35190458  0.17040493  0.36240996\n -0.16431866  0.03273254 -0.56492047  0.21012077  0.21901445  0.19203305\n  0.12282176 -0.31070596 -0.52588233 -0.39383307 -0.07809835 -0.33436247\n  0.18960202 -0.59928114 -0.10935933 -0.00180235 -0.12185883  0.05934292\n -0.32305036 -0.21313212  0.04967104 -0.24405303  0.12743921  0.32504374\n  0.08733422 -0.24206488 -0.04463414  0.25991305  0.16987263 -0.08123777\n -0.14205714 -0.02369183 -0.10587436  0.32537095 -0.13348925 -0.54735335\n  0.26512966 -0.61846713  0.14824081 -0.01367614 -0.13416646  0.1754688\n  0.04092279 -0.36546303  0.53921489 -0.13093165  0.24921481 -0.16402512\n -0.32784843  0.23462796  0.15278685  0.03961178  0.03516956  0.04281578\n  0.40094198 -0.24845244 -0.34037324 -0.51277666  0.1896316   0.21923436\n  0.26261257 -0.23595411  0.04642098  0.16280821  0.11839395  0.12682713\n  0.17833828 -0.13754261 -0.20640392  0.00562732  0.00188776 -0.11107653\n  0.03570033 -0.28290647 -0.06197564  0.13755367  0.39083616 -0.29120644\n  0.35884743  0.05110272  0.38204417  0.2246027   0.24847144 -0.14977731\n  0.10931393 -0.33537974 -0.06676891  0.42739134 -0.18724637  0.21494171\n -0.37219164  0.20291338 -0.2436548  -0.01468341 -0.04138213  0.09592881\n -0.13085646  0.26156789  0.40939758 -0.11401792  0.30899694  0.01488912\n  0.24189627  0.09468024]",
    "olfactory": "[-4.89647478e-02  5.37825625e-02  1.50642528e-01  2.35872419e-01\n -2.55112701e-01  2.34901336e-01  1.70886242e-01 -1.73216890e-01\n -2.71242035e-01  2.56731508e-01 -8.46327711e-02 -2.52671280e-01\n  2.39320792e-01 -3.16240172e-01  5.01834864e-02  3.45472960e-01\n  1.05969427e-01  1.34278877e-01  2.63869612e-01 -2.95585094e-01\n -6.71689580e-02 -3.95630933e-04 -3.98365589e-01  9.09179388e-02\n  6.55191299e-02 -3.68737659e-02  2.13800622e-01  2.20909446e-01\n  8.73018341e-02 -1.96012013e-01]",
    "pheromonal": "[-0.10729348  0.31688494  0.09202688 -0.27479205  0.21346665 -0.23979939\n -0.03608102 -0.46705162 -0.13004524  0.01072952 -0.25331191  0.03349737\n  0.21426815 -0.01308336  0.07839882 -0.08432378  0.2786421   0.15974388\n -0.23065841  0.08460027  0.01806042  0.17716029  0.11530984  0.40077909\n -0.08657811 -0.02841746 -0.19368182  0.2762533  -0.08805835  0.08997988]",
    "mechanosensory": "[-0.11931693 -0.01924039 -0.05549545 -0.1506631   0.1770758   0.27513564\n  0.17059482  0.04147105 -0.00164644 -0.13908415  0.09245719 -0.14749743\n  0.03955418 -0.23038275 -0.03819226  0.02555888  0.0566202  -0.00441126\n  0.08739871  0.05312717 -0.00960655 -0.19171396 -0.04842797  0.08125145\n  0.02895257  0.01831096  0.08656098 -0.06881267 -0.21579167  0.12429782\n  0.05370097  0.11519599 -0.0579189   0.06556721  0.00519028  0.0529834\n  0.10972902 -0.10449779  0.1221339   0.28662536 -0.04382176  0.15033502\n  0.09541406  0.14913148  0.125376    0.04959664 -0.10182648 -0.01642333\n  0.05102775 -0.02742672  0.33021156  0.17372674  0.06023091 -0.1048258\n  0.07497521  0.0991424  -0.25828283 -0.0411971   0.04785054 -0.16244349]"
  },
  "neural_activity": {
    "mushroom_body": [
      0.4924007237947772,
      0.14693464607642892,
      0.767210702383254,
      0.6248820631260946,
      0.9864482839136465,
      0.33642038262559837,
      0.4422341246408278,
      0.9350583906263176,
      0.8758108280827299,
      0.364067756289724,
      0.02099672115939233,
      0.3653858631904884,
      0.8151629850456615,
      0.6140212660019688,
      0.32891618603502437,
      0.18893806693942827,
      0.7905736907455317,
      0.49916065962944123,
      0.19717420637235406,
      0.9213049964468009,
      0.447226947943287,
      0.7632966728025157,
      0.8032316000008118,
      0.5535376916288629,
      0.07895300729288246,
      0.37207011325454553,
      0.17281634483101527,
      0.9955464920855303,
      0.7331206509221954,
      0.5386381999688542,
      0.39924139702265893,
      0.2069417262349741,
      0.18638278300294076,
      0.5276332937882693,
      0.6015984856107799,
      0.738477463568368,
      0.012070075146157544,
      0.39691921306107414,
      0.9742478701988332,
      0.24929524690375904,
      0.2769088846934247,
      0.5292959918493957,
      0.07966113583142909,
      0.21578219897423678,
      0.7698762304225306,
      0.28290490199427065,
      0.9405319902264295,
      0.6002708120426894,
      0.45739250176265134,
      0.4463890668275149,
      0.9356395009266144,
      0.2565397437437217,
      0.45391089141763574,
      0.6693230026315135,
      0.02617703582476605,
      0.02531896787827681,
      0.5251034861530219,
      0.7031803637078137,
      0.058529304862222964,
      0.01939748304062039,
      0.5974268143442467,
      0.12381889677257696,
      0.6523379317512753,
      0.9321946265931902,
      0.591086092657511,
      0.1240378689225623,
      0.9362653987395712,
      0.5070649457786084,
      0.0919345703443104,
      0.7666644812076299,
      0.08779127460972835,
      0.33673866917057105,
      0.5896370886961854,
      0.2909284330490943,
      0.7323145070044182,
      0.7236888826592979,
      0.5710198786593059,
      0.7176901664961559,
      0.24203636076752333,
      0.41260492944946736,
      0.8738631246179162,
      0.4024116122514887,
      0.24035654060282785,
      0.3736574116109701,
      0.03336379466983419,
      0.6106387280493265,
      0.9364508555576203,
      0.22944403673237168,
      0.4365801853721185,
      0.8738519447485829,
      0.5050267126920194,
      0.453349231079773,
      0.993777465048396,
      0.3051647484911183,
      0.5080186252800102,
      0.5197698326970429,
      0.18403870897738006,
      0.28479427375720423,
      0.10024162543381976,
      0.18808052763581162
    ],