{
  "step": 46,
  "insect_id": "Fruit_Fly",
  "timestamp": 1753377453.707611,
  "sensory_input": {
    "visual": [
      -0.9347507800899931,
      -0.3354685968505951,
      1.5163440361534861,
      0.3180375610551626,
      0.6064365365852961,
      -0.8387871635385135,
      -0.17540366433593704,
      0.3950266826605611,
      -0.2603602067771632,
      1.2339640639032023
    ],
    "olfactory": [
      0.96023709006881,
      1.0255679026846782,
      -0.5972042638609061,
      1.6349233917192894,
      2.0698782912409928
    ],
    "pheromonal": [
      0.44521446627520694,
      -0.838097612884666,
      0.6012463668156636
    ],
    "mechanosensory": [
      1.1826646589193974,
      -1.4571926082044482,
      3.357164132959556,
      0.6237382334109489
    ]
  },
  "processed_output": {
    "visual": "[-1.56480696e-01  5.13543311e-02  2.20893332e-01  1.24011654e-01\n  8.41713521e-02 -5.11246183e-01  1.15817534e-02  3.89971576e-02\n -3.59442764e-01 -1.17104998e-01 -3.52418289e-02  2.02175777e-01\n  1.52468833e-01 -1.60182371e-01 -3.27412485e-01 -2.85482261e-01\n  3.28311042e-02 -3.28233138e-01  1.09684178e-01  7.49372142e-02\n  2.53072250e-01 -2.95568078e-01 -3.31713106e-01  2.37991964e-01\n -2.45600830e-01  4.32572501e-02 -3.66771331e-01  9.86058958e-02\n -3.10305707e-01  5.30710313e-02  5.65095832e-02 -2.31988762e-01\n  2.81659472e-01  5.42142173e-01  1.91130978e-01 -1.87234999e-01\n -4.74929907e-02 -3.49878316e-01  9.22539660e-03 -3.72073985e-01\n  1.32065272e-01  2.59191872e-01  7.41322572e-02 -4.14303588e-01\n -2.47941860e-01 -1.36728258e-01 -7.42793882e-02 -3.08014144e-01\n -1.64630216e-01  1.20030152e-01  4.59431428e-01  2.09057527e-01\n  4.48004583e-01  3.53062520e-01  7.50818717e-02  1.28866920e-01\n -3.60944032e-01 -1.41715242e-02 -2.04614234e-01  7.46804510e-02\n -7.81606892e-02 -2.78955334e-01 -1.65793154e-01  1.93729470e-01\n -1.30237685e-02 -6.62851574e-02  4.42222846e-01 -2.66633054e-01\n -4.37786381e-01  3.80782282e-01 -1.74402889e-02 -1.26314421e-01\n -1.95857756e-02  7.10916456e-02 -3.61498396e-01 -1.47177288e-01\n -4.82853615e-02  3.37145201e-01 -1.34160763e-01 -2.57123698e-01\n  1.13117932e-01 -1.99314217e-01  1.41309086e-01  3.15889761e-01\n  9.22403180e-02 -1.53083963e-01  5.40052585e-03 -9.32781899e-02\n  2.19044448e-02 -3.59288928e-01 -5.60805098e-02  2.23665572e-01\n -3.48420385e-01 -2.05959630e-01 -3.33366308e-01 -1.66765208e-02\n  1.24823509e-01  2.30368634e-01 -3.88441760e-01 -3.51431312e-01\n  4.68861609e-01  1.57664813e-02  1.99415320e-01  1.05996503e-01\n  1.50045749e-01 -2.81216606e-01 -7.47265370e-02 -1.69468158e-01\n  7.26729806e-03 -1.66983903e-04 -3.42134570e-01  1.99169133e-01\n -1.15735739e-01  6.69308188e-02 -3.52499412e-01 -3.91804085e-01\n -3.08933501e-01  4.04052323e-01 -1.05939871e-01  2.31166371e-01\n -1.30500734e-01 -1.56340412e-01 -4.10371015e-02  4.71721321e-01\n  2.33128192e-01  4.75629411e-02 -4.80115543e-01 -2.68900148e-01\n -8.17764491e-03  1.73543912e-01 -2.40439857e-01  1.66698351e-01\n -7.95933793e-02  1.08291455e-01 -1.62875149e-01  1.72679494e-01\n  1.11292986e-01 -7.49832520e-02 -3.18716000e-01  7.83753076e-02\n -1.07704407e-01 -4.24186771e-01 -1.67463647e-01 -1.72576521e-01\n  8.20552831e-03  1.04195632e-01  1.19364517e-01  3.56664052e-01\n  3.97589662e-01  1.30779412e-01 -3.65634199e-01 -5.20568615e-02\n -3.71474968e-02  2.56793929e-01 -1.69426631e-01 -4.68838086e-01\n  6.91862151e-01 -1.67203529e-01  1.38744189e-01  1.51709672e-02\n -4.67537761e-01  7.59223419e-02 -9.32112314e-02  2.83988828e-01\n -1.08652283e-01  1.88949597e-01  9.66420104e-02 -1.47936935e-01\n  3.32394884e-01 -1.20857200e-01  4.13356237e-01  1.45929880e-01\n -1.37268175e-02 -7.61910670e-03 -2.03397398e-01 -1.18961229e-01\n -1.62867054e-01 -1.14272266e-01  4.08269455e-01  2.52498284e-01\n -5.92192298e-02 -5.11349277e-01  3.12178015e-01  3.51842632e-01\n -2.93322677e-01 -1.83944825e-01  1.55186873e-01  1.51784116e-01\n -3.41621710e-01 -4.40625698e-02 -1.48667315e-01 -9.88787579e-02\n  2.78413498e-01  2.40743426e-01 -2.04812955e-01  5.53326557e-02\n  1.83779572e-01 -9.61939604e-02  1.42308626e-01  1.55427968e-01]",
    "olfactory": "[-0.34072604  0.67292977  0.24525921  0.0915531   0.03017981  0.23653638\n  0.30430629  0.25917569  0.44568435  0.1810877  -0.06457854 -0.07121127\n -0.38860835 -0.35351665  0.44797807 -0.44280257 -0.06674603 -0.36316282\n -0.3928601  -0.04983533  0.28025984 -0.41155392  0.45164787 -0.00422217\n -0.3406148  -0.34613663  0.26243173  0.00651481 -0.34280705  0.01432748]",
    "pheromonal": "[-0.14226882 -0.23054374 -0.11091115 -0.11115022 -0.22865734  0.14793463\n -0.12093843  0.03165723  0.04240274  0.20097462  0.01199771 -0.1340639\n  0.08961023  0.03621032 -0.10264708  0.19165284  0.03093972  0.00143127\n  0.025138    0.01297174  0.00360673  0.13835311 -0.16752692  0.18258423\n -0.03100776  0.07055117  0.03296572  0.08724029  0.07316757  0.19899495]",
    "mechanosensory": "[ 0.40923963 -0.32376    -0.45601992  0.25386149 -0.00556411 -0.08271986\n  0.66801046 -0.17219651 -0.44319646 -0.79477592  0.27111039 -0.54213088\n  0.15462806  0.31942554 -0.03174597 -0.02982695  0.25710353  0.33973758\n -0.28975173 -0.13743258  0.21656411  0.57566152  0.2001957   0.39866896\n -0.30803999  0.63001132  0.04386011  0.22378948  0.31319469 -0.58494117\n  0.01606992 -0.43676717  0.26232865 -0.19292676 -0.29657462 -0.00251107\n  0.54635738  0.36561216 -0.08767412 -0.26918657 -0.55971251  0.27983582\n  0.40816216 -0.51570264  0.41741161 -0.06634574  0.02665951  0.27815328\n  0.17795898 -0.44961377  0.0835044  -0.64313313  0.5849292  -0.13037269\n -0.44688848  0.19491218  0.14070697  0.11225946  0.04643806 -0.36664737]"
  },