{
  "step": 13,
  "insect_id": "Fruit_Fly",
  "timestamp": 1753377433.8697906,
  "sensory_input": {
    "visual": [
      -0.06363415545829496,
      0.04992484254621151,
      0.10116562527224832,
      -1.1695293161961786,
      -0.6544907166963417,
      2.092539561225581,
      1.5006454393211097,
      -0.429028970380524,
      -0.07768342142884992,
      1.131783087053777
    ],
    "olfactory": [
      1.008138464723808,
      -0.8383558107723811,
      0.05140776271344377,
      -0.7656827027268609,
      1.422193702792475
    ],
    "pheromonal": [
      -1.8673055363549267,
      -1.3222385053886958,
      0.205174725978035
    ],
    "mechanosensory": [
      -1.4823903655017798,
      -0.38676795261295466,
      -0.046390302073592425,
      0.9073093546281725
    ]
  },
  "processed_output": {
    "visual": "[ 0.03108871  0.49116758  0.02337895 -0.2650244  -0.19627124  0.16838127\n  0.08823674  0.30818419  0.17835024  0.18870833 -0.19161503  0.21982413\n  0.06997044  0.25538058  0.02897348 -0.28156093 -0.10415727 -0.29551228\n  0.56189953 -0.14758273 -0.12239779  0.08971638 -0.12633784 -0.28227169\n  0.13188691 -0.00962538 -0.20655851 -0.28236854  0.42156854 -0.09306659\n  0.1047149  -0.31148159  0.0519076  -0.52458246  0.05453834  0.40886269\n  0.33999415 -0.30051061 -0.4060151   0.06779308  0.48283064  0.27268598\n -0.28108773  0.13759482  0.3910707  -0.12981266 -0.04085028  0.19724953\n  0.38279555  0.28720556 -0.21622073 -0.07064161  0.01257561 -0.05730396\n -0.06370126 -0.14314847  0.35452179  0.0376406   0.12695322  0.04317082\n  0.3734782  -0.2125827   0.32034918  0.14521092  0.07297741 -0.02350425\n  0.62471742  0.10778472  0.82270596  0.05580353 -0.04028171 -0.05557834\n  0.09426051 -0.16008703  0.27052113  0.11660059  0.19552239  0.35574344\n  0.28899016 -0.55898201  0.30901813 -0.07345976 -0.16261207 -0.00682163\n  0.05717133  0.41805516  0.2969472   0.03705829  0.35160464  0.12383426\n  0.17615714  0.26955367 -0.47358345  0.40735044  0.40078701 -0.00767996\n -0.17245904 -0.05917355 -0.01896135 -0.15765901 -0.3926096   0.24199958\n  0.24809859  0.17168123  0.21468565 -0.25700662 -0.17630281  0.15436678\n  0.13033118  0.434013    0.03223126  0.04395164 -0.20269738  0.14779858\n  0.10816191 -0.46319446 -0.09354689 -0.24756155  0.13781104 -0.3525485\n -0.17906429  0.42195775  0.33024856  0.1522624   0.00900701 -0.34434604\n  0.19971902  0.2408248  -0.25792951 -0.30259612  0.33210903 -0.03720694\n -0.35221983 -0.23553559  0.32296429 -0.25315103 -0.1424525  -0.32539936\n  0.39396202 -0.52836631  0.14078672 -0.35590369  0.23932052 -0.0347718\n -0.222853   -0.14172133  0.17504593  0.08179073 -0.10783155 -0.44087317\n  0.27375318  0.36103512  0.03256291 -0.56072828  0.48404278 -0.0063518\n -0.0756634  -0.25418289 -0.0736193   0.06511871  0.29507135 -0.34610625\n  0.15364747  0.00558172  0.0506811  -0.26229606  0.0293077  -0.02993873\n  0.27485456 -0.36792923 -0.00727293  0.12562653  0.29841259 -0.21854908\n -0.2147377  -0.35315105 -0.35043579  0.25104183 -0.19300507 -0.08358732\n  0.46886501 -0.33816206 -0.26404508 -0.18474387 -0.48064561  0.47534234\n  0.06138292 -0.57523006  0.39046096 -0.5113147  -0.25636183  0.02769505\n -0.14333089  0.20856579 -0.09628364  0.12053009 -0.6134167  -0.00959992\n -0.14838587 -0.05292553]",
    "olfactory": "[-0.38003041  0.08708782 -0.02164482 -0.30815423 -0.1665351   0.23621072\n -0.0405165  -0.18825891  0.02776205  0.4622939   0.15697637 -0.07563473\n -0.15735759  0.06282189  0.12426133 -0.10841521 -0.38246225 -0.39092558\n -0.02881285 -0.19653493  0.20630178  0.0544064  -0.13078117  0.34361188\n -0.51200737  0.06976009  0.16438344  0.16837378 -0.17052326  0.17080698]",
    "pheromonal": "[ 0.04101905 -0.21998199 -0.06984942 -0.11491835 -0.2759831   0.01941989\n -0.43836735 -0.26544178 -0.182773   -0.33132718  0.04465364  0.17428357\n -0.13063262  0.18753812 -0.30683127  0.28824829 -0.12770199  0.35099174\n -0.07412698  0.12297437  0.07740667  0.36726557 -0.35248275  0.18111102\n  0.21401596  0.1907311   0.11825712 -0.03355069 -0.30537444 -0.18253715]",
    "mechanosensory": "[ 0.09805327 -0.30129152 -0.07850572 -0.17654663 -0.09474696  0.09791043\n -0.0243316  -0.01405449 -0.2217523   0.07138532 -0.13167956 -0.19743053\n -0.05818412  0.08364963  0.31754229  0.16390029  0.19486768  0.02047812\n  0.13082281 -0.08085927 -0.06972422 -0.14823902 -0.04614636  0.28738628\n  0.06611935 -0.03332838  0.23723468 -0.10612979  0.12650691  0.03770935\n -0.00513578 -0.05693811 -0.00454074  0.2126547   0.1094748   0.01134677\n  0.03014189 -0.05446122  0.06872556  0.31847234 -0.10190252 -0.22911637\n  0.11969097 -0.23628122 -0.13940839  0.12098623  0.14569485 -0.03696063\n  0.04884979 -0.44227548 -0.23377686 -0.11688594 -0.14581619 -0.0920551\n -0.13343019  0.00064807  0.0371155   0.13605599  0.11440164 -0.04522029]"
  },
  "neural_activity": {
    "mushroom_body": [
      0.9573342550431373,
      0.5685218001748344,
      0.1532728767834156,
      0.440756085521535,
      0.4259028932173351,
      0.8065279792960456,
      0.735175839227128,
      0.5075710583125029,
      0.3182408848813949,
      0.1857101658658754,
      0.147293821091668,
      0.5144536606534947,
      0.45121488345427196,
      0.4906687440412314,
      0.9154397942576439,
      0.03221105435352989,
      0.5357325732152792,
      0.1382546922159048,
      0.36067250393003913,
      0.5332526610283069,
      0.8730295292421824,
      0.04063562036991242,
      0.7485949842136878,
      0.3405914174807766,
      0.18318381682710538,
      0.5600384713303344,
      0.1937550886838283,
      0.5397260475592325,
      0.5783223468361413,
      0.9653669883642755,
      0.4658507608321515,
      0.041218211917091296,
      0.9430155978024163,
      0.2674308460540551,
      0.7293295369440447,
      0.57561750059022,
      0.8256796537657,
      0.8151716530122752,
      0.5281132367497178,
      0.8266383224215215,
      0.7639307513444167,
      0.2648371836316852,
      0.5252438849384159,
      0.5541905466888357,
      0.37818191129782974,
      0.7450469935471635,
      0.2806576625628212,
      0.970184082071879,
      0.823677363336939,
      0.978073118620327,
      0.49119614886596097,
      0.6255023153178355,
      0.3681622586961123,
      0.27170809027288534,
      0.7049624491081308,
      0.9090151895400193,
      0.41775828586490404,
      0.6095412889618553,
      0.585938072687339,
      0.8930936343998793,
      0.9166908334120343,
      0.8584724743974405,
      0.4721485132611529,
      0.4807210850130702,
      0.966113607256765,
      0.14152773929286366,
      0.6864110737296917,
      0.8136470071682644,
      0.6496913523967113,
      0.8044161094802286,
      0.6584368982773874,
      0.7552418973233255,
      0.616923263713886,
      0.3417038976597814,
      0.3231289351313176,
      0.1544216935411289,
      0.7029083784993677,
      0.5724367368870931,
      0.2916010291694956,
      0.02198318626477036,
      0.1818806884802623,
      0.9196557994989446,
      0.6893228355088742,
      0.8528493442801934,
      0.33072324176447354,
      0.4919088973308279,
      0.9279620406010517,
      0.28301492112311355,
      0.076863264671996,
      0.21435225530737068,
      0.47425321392117226,
      0.3668784589614873,
      0.8654826015894379,
      0.22710319324722184,
      0.7957563775459994,
      0.5848636850024898,
      0.9513743724371871,
      0.09511916040574064,
      0.46089376742698995,
      0.027475684173515202
    ],