{
  "step": 73,
  "insect_id": "Fruit_Fly",
  "timestamp": 1753377473.8017745,
  "sensory_input": {
    "visual": [
      -1.1779147946322348,
      -0.14875971321684092,
      -0.8747570234186177,
      0.9691128088440236,
      1.430023599448354,
      1.1645373055725485,
      -0.7293846712311491,
      1.2678600768503048,
      0.6390103861832123,
      1.2910992987283838
    ],
    "olfactory": [
      -0.15546743361032742,
      -0.2881654972455093,
      0.21997415405699217,
      -0.4584194669264301,
      -0.8748977290111644
    ],
    "pheromonal": [
      -0.5745544955445399,
      0.009785433555040293,
      -1.3516581242163594
    ],
    "mechanosensory": [
      0.6936436818832,
      -0.4225637549680409,
      1.0261052917246856,
      0.4418348864697233
    ]
  },
  "processed_output": {
    "visual": "[-0.22890559 -0.27529552  0.01700815 -0.03364937  0.08660659 -0.60932262\n  0.14788049 -0.08895239 -0.60506232 -0.39916982 -0.10905466 -0.30966973\n  0.17110707 -0.37217005 -0.33318464  0.31437485  0.72804694 -0.22552364\n  0.19147884  0.39782929  0.27408597 -0.23351387 -0.07503954  0.1926514\n  0.09906083  0.67479824 -0.55375709 -0.20840366 -0.44793654  0.16163674\n -0.54377775 -0.14918862  0.13271996  0.13218781 -0.04110814  0.11912737\n  0.37862674 -0.20221066  0.01215354  0.44600433 -0.01605526 -0.01110488\n  0.12438787 -0.28230017 -0.06408798 -0.15985796  0.48137258 -0.13907329\n  0.13433291 -0.24512459 -0.13119284  0.24204351  0.50999695 -0.49616637\n -0.07060033  0.46457048  0.22122054 -0.15805826  0.38582111  0.74973567\n -0.06680022 -0.55929262  0.01893244  0.01549586  0.23105218  0.02551666\n  0.28179004  0.07613709  0.23955751 -0.44786742  0.64978638 -0.02697712\n -0.24680468  0.38138965  0.37226656  0.33783871 -0.25834035  0.41497524\n -0.3343413   0.29749038 -0.50812     0.10570684  0.36931561 -0.27307572\n -0.13385943 -0.33298234  0.40205908  0.31445785  0.33944114  0.13843096\n  0.16258232  0.4743808   0.00673728 -0.33118792 -0.17138437  0.18558175\n -0.00552451 -0.21796652  0.52417295  0.47528495  0.22058453  0.16605837\n -0.05267393 -0.11597619  0.13438526 -0.33194663 -0.1222787   0.05872122\n -0.41664398 -0.11227911 -0.6791471   0.34013429 -0.51769877  0.00986368\n -0.48631905  0.46875331  0.23521596 -0.07769884 -0.03071536 -0.0060893\n -0.67647416  0.28588076 -0.10443545  0.44680375 -0.01648802 -0.21563818\n -0.27438193 -0.23839681  0.49827192 -0.22837979 -0.58461116 -0.01977889\n -0.36625213 -0.24517178 -0.05396141  0.31191474 -0.29577192 -0.24778924\n -0.60765043  0.05390924 -0.08178822  0.04013866 -0.0799997  -0.45686883\n -0.20930465 -0.26572767  0.40944606  0.1696538  -0.2237145   0.10729912\n -0.22229382 -0.31181834 -0.29601555 -0.40670537  0.66697887 -0.10114288\n -0.04562579  0.37270496  0.50577317 -0.22145647 -0.3513703   0.04195944\n  0.0726916   0.00863076  0.67732436  0.01364762  0.17421305  0.26357646\n  0.26234063 -0.45264683  0.24943976  0.45422746 -0.308702   -0.07546382\n -0.23891468 -0.40910752 -0.58780748 -0.04045648 -0.07906021  0.09953113\n -0.01413982 -0.23463531 -0.18435385  0.43596873 -0.65384594  0.15838553\n  0.44246784 -0.06558269 -0.1794585  -0.11295471  0.17510438 -0.12359636\n -0.13991962  0.3709092  -0.06656936  0.45465961  0.35180828  0.60497749\n -0.24348308 -0.3158408 ]",
    "olfactory": "[ 0.13128583 -0.28611559 -0.09508128 -0.00406741  0.0115821  -0.0852701\n -0.08187738 -0.03509337 -0.13996499 -0.04160165  0.00478481 -0.0042232\n  0.1756207   0.10309083 -0.15865311  0.16895751  0.08544059  0.1331564\n  0.15073336  0.01930156 -0.12500683  0.12379678 -0.15152504 -0.02744533\n  0.15353153  0.10796894 -0.12516746  0.00713947  0.19364044  0.02806234]",
    "pheromonal": "[ 0.03936478  0.30398455  0.07468076  0.01560268  0.31727025 -0.11644029\n -0.10866405 -0.13109097 -0.11242953 -0.13293059  0.06714881  0.22589949\n -0.25150867  0.00533579  0.07245853 -0.2076735  -0.13270862 -0.0212144\n -0.09835768 -0.14104206  0.0819643  -0.05874573 -0.10230011 -0.10792578\n -0.01269487  0.01352871 -0.11332839  0.06581037 -0.0274766  -0.23785164]",
    "mechanosensory": "[ 0.09339135 -0.01942649 -0.16803522  0.12004998  0.04374234 -0.0375264\n  0.25287352 -0.10162601 -0.05739317 -0.38291952  0.05494058 -0.16830964\n  0.0470708   0.06433074 -0.05661978 -0.03672224  0.06237072  0.0602976\n -0.08404154 -0.02628376  0.08532695  0.19426934  0.07350621  0.21225619\n -0.09268879  0.23246658 -0.04169388  0.19120361  0.07309934 -0.22919998\n  0.03396277 -0.16956736  0.0542515  -0.0952077  -0.11746967 -0.00825276\n  0.15837786  0.12356494 -0.06517285 -0.11068964 -0.19605479  0.14888188\n  0.12549483 -0.13385539  0.11661108  0.0534656  -0.02756554  0.1437784\n  0.08799196 -0.08281162  0.00527609 -0.26107417  0.27039784 -0.05121314\n -0.15835927  0.0276474   0.05830529  0.06735923 -0.06081796 -0.07168604]"
  },
  "neural_activity": {
    "mushroom_body": [
      0.9573342550431373,
      0.5685218001748344,
      0.1532728767834156,
      0.440756085521535,
      0.4259028932173351,
      0.8065279792960456,
      0.735175839227128,
      0.5075710583125029,
      0.3182408848813949,
      0.1857101658658754,
      0.147293821091668,
      0.5144536606534947,
      0.45121488345427196,
      0.4906687440412314,
      0.9154397942576439,
      0.03221105435352989,
      0.5357325732152792,
      0.1382546922159048,
      0.36067250393003913,
      0.5332526610283069,
      0.8730295292421824,
      0.04063562036991242,
      0.7485949842136878,
      0.3405914174807766,
      0.18318381682710538,
      0.5600384713303344,
      0.1937550886838283,
      0.5397260475592325,
      0.5783223468361413,
      0.9653669883642755,
      0.4658507608321515,
      0.041218211917091296,
      0.9430155978024163,
      0.2674308460540551,
      0.7293295369440447,
      0.57561750059022,
      0.8256796537657,
      0.8151716530122752,
      0.5281132367497178,
      0.8266383224215215,
      0.7639307513444167,
      0.2648371836316852,
      0.5252438849384159,
      0.5541905466888357,
      0.37818191129782974,
      0.7450469935471635,
      0.2806576625628212,
      0.970184082071879,
      0.823677363336939,
      0.978073118620327,
      0.49119614886596097,
      0.6255023153178355,
      0.3681622586961123,
      0.27170809027288534,
      0.7049624491081308,
      0.9090151895400193,
      0.41775828586490404,
      0.6095412889618553,
      0.585938072687339,
      0.8930936343998793,
      0.9166908334120343,
      0.8584724743974405,
      0.4721485132611529,
      0.4807210850130702,
      0.966113607256765,
      0.14152773929286366,
      0.6864110737296917,
      0.8136470071682644,
      0.6496913523967113,
      0.8044161094802286,
      0.6584368982773874,
      0.7552418973233255,
      0.616923263713886,
      0.3417038976597814,
      0.3231289351313176,
      0.1544216935411289,
      0.7029083784993677,
      0.5724367368870931,
      0.2916010291694956,
      0.02198318626477036,
      0.1818806884802623,
      0.9196557994989446,
      0.6893228355088742,
      0.8528493442801934,
      0.33072324176447354,
      0.4919088973308279,
      0.9279620406010517,
      0.28301492112311355,
      0.076863264671996,
      0.21435225530737068,
      0.47425321392117226,
      0.3668784589614873,
      0.8654826015894379,
      0.22710319324722184,
      0.7957563775459994,
      0.5848636850024898,
      0.9513743724371871,
      0.09511916040574064,
      0.46089376742698995,
      0.027475684173515202
    ],