{
  "step": 14,
  "insect_id": "Fruit_Fly",
  "timestamp": 1753377433.886653,
  "sensory_input": {
    "visual": [
      -0.4545603399197707,
      -1.295063338211887,
      -0.5241738086205074,
      -0.2983883888380215,
      -0.12999917824107207,
      0.71793698344705,
      -0.4419877437202695,
      -0.10781569305463534,
      1.706751699961741,
      0.9250429235285712
    ],
    "olfactory": [
      1.074554216920144,
      -1.2732596599860877,
      -0.8998230330547905,
      1.210170334824437,
      -0.1962633001605026
    ],
    "pheromonal": [
      0.4756240928920265,
      -2.1339843141452843,
      -0.6673613390624833
    ],
    "mechanosensory": [
      0.16874571811003508,
      -1.3084701635550264,
      0.8434578579228139,
      0.5873929818455591
    ]
  },
  "processed_output": {
    "visual": "[-0.20425007  0.0724846  -0.30087868 -0.1691454   0.16461438  0.05485705\n -0.00233122  0.09814007 -0.5008739   0.09193478  0.11384828 -0.41606806\n  0.1910455   0.02623841  0.05036429  0.14606027  0.49889854 -0.36434252\n  0.18008124  0.03032844 -0.02757178 -0.15844861 -0.08976294 -0.49855705\n -0.00568926  0.30965102 -0.27920662 -0.2166444  -0.30250227 -0.0049072\n  0.15764524 -0.03532969  0.32568923 -0.22347313 -0.10887651  0.4557726\n -0.14600012  0.05788736 -0.23785184  0.48352232  0.07880079  0.19485399\n -0.19248582 -0.23049421  0.49570879 -0.07481234 -0.05239071 -0.1257718\n  0.34575047 -0.29440284  0.19119587  0.05036364  0.23315689 -0.37886748\n -0.17216538  0.28280137  0.07306036  0.19172639  0.07775173  0.50755185\n -0.06497994 -0.27313991  0.18174924  0.09492312  0.1979971  -0.03520033\n -0.20222542  0.33169113  0.51097324 -0.14362079  0.41656643 -0.31171774\n  0.0466433  -0.11815532  0.31249447  0.53766296 -0.33473246 -0.10174818\n -0.43342529 -0.27746176  0.32924972 -0.08993053 -0.12860089 -0.36687592\n -0.32321888  0.21479058 -0.00342205  0.28373527  0.0785704  -0.01915682\n  0.13257225  0.44909376 -0.29984201 -0.05900423  0.31232471 -0.25040498\n -0.5023061   0.05047247  0.20114336  0.17821729 -0.42395833  0.13386406\n -0.12275577 -0.31473041 -0.17269246  0.13566685 -0.1221677  -0.4691359\n -0.05898602  0.25619376 -0.16740064  0.06838114 -0.58046097  0.14792657\n  0.05089389  0.08244673 -0.08557164 -0.19573357  0.38298637 -0.02241929\n -0.23546776  0.50178485  0.15723145  0.07431851 -0.40576082 -0.41224374\n -0.10154679  0.12838492  0.17608191  0.03902315 -0.09018722 -0.35683443\n -0.26499018  0.21139214 -0.38710688 -0.45010813 -0.07952322  0.0399666\n -0.33175756 -0.24114291  0.13541806 -0.31203691 -0.2394458  -0.26301185\n -0.44754244  0.05820472  0.34395845 -0.21322153 -0.19230731 -0.27193333\n -0.17416413  0.35676567 -0.13636614 -0.1632749   0.29170644  0.32453631\n -0.28119058 -0.30832952  0.35025609 -0.20755963  0.35867809 -0.04433187\n -0.13014879  0.13568145  0.05592762  0.01296354 -0.06047181  0.29058525\n  0.32725866  0.04223956 -0.12261894 -0.01524067 -0.40553836  0.23759885\n -0.34919392 -0.34943687  0.01915289 -0.01303929  0.22899469  0.21069939\n  0.00764128 -0.05348665  0.0438195   0.40337974  0.05223436  0.12520749\n -0.34759131 -0.13672504  0.28333644 -0.33304803  0.05056429 -0.20481233\n  0.13963883 -0.07849151 -0.05876094  0.52202593  0.22808246  0.50046622\n -0.37910622 -0.33916739]",
    "olfactory": "[-0.29869465  0.15908249 -0.09748514 -0.04105864  0.09578945  0.21101166\n -0.246002    0.23304598  0.1940596   0.33883697  0.01193158 -0.09266616\n -0.16664486 -0.15057997  0.04191396  0.01225184  0.17601045 -0.07955978\n -0.20929006 -0.17141348  0.09889481 -0.03226061 -0.3146058   0.09046443\n  0.01860629 -0.01605259 -0.17767792  0.32653815  0.3369002   0.21464338]",
    "pheromonal": "[-0.32108135 -0.08578817 -0.16959892 -0.26100835 -0.04822643  0.20645297\n -0.43319627 -0.10378767 -0.05275044  0.35907706  0.14116503 -0.0019853\n -0.1720421   0.08578194 -0.12151256  0.13956836 -0.12564449 -0.07636199\n -0.08937776 -0.21729499  0.13944     0.23285105 -0.53448541  0.29364677\n -0.13263264  0.19207694 -0.11660964  0.34287408  0.19109714  0.16421397]",
    "mechanosensory": "[ 0.13932222 -0.11032521 -0.20970231  0.17729453 -0.13613451 -0.02161857\n  0.24381613 -0.2488774  -0.119764   -0.45161258 -0.03938291 -0.28487868\n  0.0004871   0.18423261 -0.08343339  0.12018825  0.18615513  0.09772672\n -0.0768418  -0.10860333  0.00372557  0.20433115  0.09456522  0.38067408\n -0.04882276  0.26003512  0.0921504   0.01346246  0.1267352  -0.24745902\n -0.1196937  -0.24574913  0.13433102 -0.06329537 -0.06261029  0.03206644\n  0.10594042  0.12579315 -0.03811513  0.03344102 -0.28335861  0.13091932\n  0.18460423 -0.32235606  0.23072064  0.14131975  0.00353462  0.12805344\n  0.0675356  -0.39430226 -0.0781688  -0.40301074  0.10548644  0.02336186\n -0.07631821  0.07353973  0.02775767  0.10411907  0.06338056 -0.18648119]"
  },
  "neural_activity": {
    "mushroom_body": [
      0.9573342550431373,
      0.5685218001748344,
      0.1532728767834156,
      0.440756085521535,
      0.4259028932173351,
      0.8065279792960456,
      0.735175839227128,
      0.5075710583125029,
      0.3182408848813949,
      0.1857101658658754,
      0.147293821091668,
      0.5144536606534947,
      0.45121488345427196,
      0.4906687440412314,
      0.9154397942576439,
      0.03221105435352989,
      0.5357325732152792,
      0.1382546922159048,
      0.36067250393003913,
      0.5332526610283069,
      0.8730295292421824,
      0.04063562036991242,
      0.7485949842136878,
      0.3405914174807766,
      0.18318381682710538,
      0.5600384713303344,
      0.1937550886838283,
      0.5397260475592325,
      0.5783223468361413,
      0.9653669883642755,
      0.4658507608321515,
      0.041218211917091296,
      0.9430155978024163,
      0.2674308460540551,
      0.7293295369440447,
      0.57561750059022,
      0.8256796537657,
      0.8151716530122752,
      0.5281132367497178,
      0.8266383224215215,
      0.7639307513444167,
      0.2648371836316852,
      0.5252438849384159,
      0.5541905466888357,
      0.37818191129782974,
      0.7450469935471635,
      0.2806576625628212,
      0.970184082071879,
      0.823677363336939,
      0.978073118620327,
      0.49119614886596097,
      0.6255023153178355,
      0.3681622586961123,
      0.27170809027288534,
      0.7049624491081308,
      0.9090151895400193,
      0.41775828586490404,
      0.6095412889618553,
      0.585938072687339,
      0.8930936343998793,
      0.9166908334120343,
      0.8584724743974405,
      0.4721485132611529,
      0.4807210850130702,
      0.966113607256765,
      0.14152773929286366,
      0.6864110737296917,
      0.8136470071682644,
      0.6496913523967113,
      0.8044161094802286,
      0.6584368982773874,
      0.7552418973233255,
      0.616923263713886,
      0.3417038976597814,
      0.3231289351313176,
      0.1544216935411289,
      0.7029083784993677,
      0.5724367368870931,
      0.2916010291694956,
      0.02198318626477036,
      0.1818806884802623,
      0.9196557994989446,
      0.6893228355088742,
      0.8528493442801934,
      0.33072324176447354,
      0.4919088973308279,
      0.9279620406010517,
      0.28301492112311355,
      0.076863264671996,
      0.21435225530737068,
      0.47425321392117226,
      0.3668784589614873,
      0.8654826015894379,
      0.22710319324722184,
      0.7957563775459994,
      0.5848636850024898,
      0.9513743724371871,
      0.09511916040574064,
      0.46089376742698995,
      0.027475684173515202
    ],