{
  "step": 12,
  "insect_id": "Honeybee",
  "timestamp": 1753377433.8492808,
  "sensory_input": {
    "visual": [
      0.12703481833765876,
      -0.08449787061554712,
      0.282952373906801,
      0.5348426381946977,
      -0.8520631566421895,
      0.2080122132430549,
      0.2906513244228076,
      0.7159538120508259,
      -0.3474689526191473,
      2.2550129091281947
    ],
    "olfactory": [
      0.5524779389412742,
      0.26796408523509196,
      -0.6634708969146885,
      0.33959573527434955,
      1.0766387566936337
    ],
    "pheromonal": [
      -0.636775879735681,
      -0.11524712834262624,
      -0.96637028412537
    ],
    "mechanosensory": [
      -0.44436637248006344,
      1.108936611047846,
      -0.7768845402887875,
      -0.37818906347947623
    ]
  },
  "processed_output": {
    "visual": "[ 1.93386054e-02 -2.10226617e-01  3.08459328e-01 -9.19994602e-02\n  4.63300032e-02 -2.52343112e-02 -7.12802645e-03 -1.66312066e-01\n -2.88089230e-01  1.46571616e-01  2.22276580e-01  2.91793539e-01\n -2.57221321e-01 -3.64893863e-01 -7.05348631e-02  5.66755752e-01\n -3.46960255e-02  1.68190477e-01 -3.27124740e-01 -1.93245219e-01\n  1.99271739e-01  7.42025742e-02 -4.89584319e-01 -3.39271785e-01\n -2.89389851e-01 -4.83286592e-03 -2.81555237e-01  1.15303719e-01\n  1.85810211e-01  1.08847569e-01 -3.42039031e-01 -1.12676235e-01\n -1.49767005e-01  1.85086142e-01  4.17249763e-01  1.98903217e-01\n  4.67143864e-02 -3.86124071e-01  1.03713244e-01  3.81661377e-01\n  7.06801164e-02  3.25351246e-01 -2.59300581e-01 -2.64550803e-01\n -4.20912671e-01  8.26592950e-02 -7.80415763e-02  2.15641137e-01\n -4.61726240e-01  2.22178705e-01 -1.44363244e-01 -2.56085273e-01\n -8.15735862e-02 -3.25575712e-01  5.25991478e-02  4.60432517e-01\n -2.15559586e-01  1.87693261e-01 -2.94230862e-01 -3.32969624e-02\n -1.11746167e-01 -1.23694367e-01  3.67666423e-01 -6.05070559e-01\n -2.42187768e-01 -3.82335431e-02 -3.17875169e-02  2.15815571e-01\n  1.04394449e-01  1.16280337e-01 -1.20500633e-01 -3.92034366e-01\n -3.69730133e-01 -2.41164655e-01 -3.45472069e-01 -1.52261696e-01\n -2.10202931e-01 -2.92652436e-01  1.17918071e-01 -3.22779179e-01\n -5.30253934e-02  1.42434861e-01 -9.99428401e-02  3.49544813e-01\n  2.52424686e-02  2.24708179e-01  1.33571217e-02  9.38712906e-02\n  2.65006651e-02  1.35970268e-01 -5.45674065e-03  1.57396047e-01\n -5.35360411e-01 -3.86245788e-01 -5.51394552e-02 -6.54753541e-01\n  2.35120497e-01  1.46368910e-01 -6.75232740e-02  8.35498338e-02\n -2.11054700e-01  1.71753797e-02 -3.30829896e-01  2.60237543e-01\n  2.60546329e-01 -2.83552635e-01 -1.87077745e-01  2.56419386e-02\n -1.46985224e-01  5.79000923e-02 -2.68842831e-01  2.60090411e-01\n  3.11602072e-01  7.44760639e-03 -1.88004627e-01 -1.93975111e-01\n  2.66119008e-02  3.13210652e-01  3.57921915e-01 -4.62217088e-01\n  7.54921193e-02  6.79083905e-02  2.44016744e-01  6.31365915e-01\n -1.33307420e-02  3.04603521e-01  3.22048537e-01 -2.75389773e-01\n  1.09474934e-01  2.81287983e-01 -4.22598121e-02 -2.00673682e-01\n -1.41925925e-01 -2.05690461e-01 -3.15791978e-01  6.06580690e-02\n -2.12433534e-01  2.02885032e-01 -1.08293524e-01  4.86519453e-01\n  4.57963363e-01  1.92119833e-01 -2.13699569e-01  1.14768534e-01\n  4.69865957e-02  1.75915073e-01 -2.35593496e-01 -4.07861983e-02\n  2.92296506e-01 -7.40200703e-02 -4.91375509e-01 -1.10145785e-02\n  2.17823943e-01 -2.22448821e-01  1.56447071e-01  2.78408487e-01\n -3.20674756e-01 -1.96149517e-01  6.28161713e-03  2.23196167e-01\n  1.72535009e-01  4.32983027e-01  5.33837470e-05  7.04891335e-02\n  2.98011957e-01  4.56267080e-01  1.81059121e-01 -5.52702242e-02\n -1.89599060e-01  4.57598686e-01 -3.73088656e-01 -1.61971757e-01\n  4.61524602e-01  2.00251987e-01  2.60499057e-01 -3.41857585e-01\n  1.22300019e-01 -2.85125731e-02  1.10945883e-02 -2.83946054e-01\n -3.37877859e-01  4.13554800e-01  2.51018971e-01 -5.76531883e-02\n -1.16722917e-01  3.84075615e-01  1.57140573e-01 -4.67826181e-01\n -3.09582038e-01 -5.00103662e-02  5.44944023e-01 -3.50683340e-03\n -6.18106679e-02  3.14674598e-01  3.01094854e-01 -2.84783813e-01\n  3.56113256e-02 -1.19773196e-01 -1.63497096e-01 -9.96409523e-02]",
    "olfactory": "[-0.0301756  -0.04434591 -0.04418612 -0.33382718  0.05945358 -0.17814975\n  0.15778608  0.0744654  -0.07478913  0.02717583  0.030476   -0.31837448\n  0.12188728  0.08462817  0.18978057  0.03822975 -0.20857985 -0.07247993\n -0.20084513 -0.06630976 -0.03972667 -0.00182867 -0.13439123 -0.10716003\n -0.03491889  0.08428132  0.00889172  0.06028469 -0.05626748  0.1699452 ]",
    "pheromonal": "[ 9.92280036e-02 -4.48807139e-02 -1.12068759e-01  2.45994299e-02\n  2.72963453e-01 -2.72070629e-05 -8.13074949e-02 -1.60122995e-02\n -1.84330784e-01 -2.77331047e-02  1.57958727e-01 -1.91471298e-01\n  1.36487914e-01 -1.52546994e-01  1.95953114e-01 -1.44768453e-01\n -1.40009218e-02 -1.82269710e-02 -6.82846677e-02 -1.41237824e-01\n  4.12035754e-03 -2.30912498e-01  1.19084809e-01 -3.61084220e-02\n  1.28237689e-01 -1.02549150e-03 -4.68305609e-02  1.74544010e-01\n -1.66051620e-01  1.21686032e-01]",
    "mechanosensory": "[ 0.06223822  0.10008825 -0.10758633 -0.03637137  0.04904529  0.25906498\n -0.25034822  0.17211495  0.10703619 -0.16604215  0.03464068 -0.01103339\n -0.17153509  0.2509384   0.07664589  0.04654195 -0.25110021  0.01240939\n  0.12555594  0.17563241 -0.05647093  0.02283531  0.02748184  0.23141504\n  0.1397348  -0.12527905 -0.00919313 -0.02941838  0.20898672  0.05473626\n  0.04249018  0.16366806 -0.22933963  0.22121339 -0.10535574  0.22394177\n -0.13911739 -0.25830879 -0.12228923 -0.1437219   0.19125485  0.07195576\n -0.09820368 -0.11603003  0.03408355 -0.02078178 -0.32238002 -0.14800744\n -0.00796813 -0.05109959 -0.24741749  0.00925055 -0.10788122  0.09984695\n  0.18698817 -0.00640799  0.14233694  0.00259845 -0.03664106  0.02355754]"
  },