{
  "step": 56,
  "insect_id": "Honeybee",
  "timestamp": 1753377473.5651565,
  "sensory_input": {
    "visual": [
      -1.434252888226033,
      -0.09464781745964658,
      -0.2523724260920908,
      1.613478768498248,
      0.5073761440263328,
      -1.0785214694863283,
      -0.05897122524773243,
      0.46861457787920374,
      0.8409915307091614,
      -0.006049007225193133
    ],
    "olfactory": [
      1.198219533658314,
      -1.6157474834499597,
      -0.3819185252503806,
      0.3351342050143274,
      -0.552286306027615
    ],
    "pheromonal": [
      0.049479991881637056,
      0.332055931369628,
      0.07599709640882113
    ],
    "mechanosensory": [
      -0.6807688061047326,
      0.23312602370749663,
      -1.7094036796060748,
      0.7111036296339885
    ]
  },
  "processed_output": {
    "visual": "[ 0.00426675  0.04452223 -0.23369602 -0.13780291 -0.17155544  0.20582864\n -0.33812438  0.07736284  0.18271672 -0.04344787  0.33955773 -0.01476954\n  0.00637366  0.11419448  0.25660276 -0.13183405 -0.15116222 -0.21544866\n -0.19922201  0.43461925  0.16065039 -0.3727473  -0.32958372 -0.16278153\n  0.00938353 -0.04600977  0.04023068  0.41354858 -0.3548625   0.47746673\n  0.07340504 -0.17342444  0.0720881  -0.15266506 -0.40431588 -0.52109375\n -0.16743475 -0.08883852 -0.31098213  0.01465231 -0.23775149 -0.08680958\n -0.19953352 -0.11576944  0.21347058  0.35105746  0.0636228   0.15932978\n -0.03968412 -0.02644425 -0.04465795  0.02247533  0.25348933  0.4508076\n -0.10394193  0.17983198 -0.1987809  -0.14276002  0.02517039  0.12875095\n -0.1035673   0.04416682  0.1670478   0.3295847  -0.06785748  0.11699639\n  0.39336762  0.18135134 -0.44672015 -0.16867757  0.08338117 -0.11605627\n  0.01955911 -0.01033143  0.21143448 -0.20600727  0.07543377  0.32758914\n -0.33537129  0.10046131 -0.34702272 -0.3896133  -0.15618582  0.01992604\n -0.02157049 -0.09660455  0.01283611 -0.02134918 -0.34288008 -0.31178375\n -0.0401045  -0.03534929  0.0220177   0.24223938 -0.07717732 -0.09444272\n  0.44734585 -0.40667598  0.48448321 -0.51522647  0.20122452  0.35880192\n -0.23270482  0.03477611 -0.18096053 -0.09824422 -0.04164979  0.50265622\n -0.13206154  0.06292315 -0.12836154 -0.04441309  0.3278636   0.25024948\n -0.07707692  0.19621981  0.13180806 -0.17787673  0.10837958 -0.08421818\n  0.11565724 -0.40712291  0.09049039 -0.39063414  0.24466991  0.24029837\n  0.23946077  0.19137418  0.07483474  0.06794227 -0.26007647  0.12164503\n -0.48399929  0.51863598  0.28380971  0.18221858  0.25196847 -0.07885658\n  0.31298469 -0.13141892  0.09110114 -0.07486671  0.08292337  0.09954795\n  0.0070239  -0.03778227  0.26894868  0.31547649  0.03036056 -0.1436108\n  0.13119344  0.23890358  0.0219335  -0.17557956  0.05313854  0.04415044\n -0.22369695  0.25470793  0.22700928 -0.22446782  0.41956331  0.39579532\n  0.20127386  0.04533482  0.09127578  0.0584651   0.20545859 -0.24051468\n  0.23326557 -0.29103189 -0.14040742  0.23647011  0.15294464  0.44698328\n  0.00429288  0.22460593 -0.3003246  -0.3862855  -0.05520545 -0.14498598\n -0.09598736  0.18327555 -0.05825367 -0.07227939  0.17022494 -0.74702289\n  0.1381574   0.09948925 -0.35192692  0.18517106 -0.19828034 -0.05783982\n  0.00867819 -0.10088805 -0.09002646 -0.14731798  0.27570602  0.26856895\n -0.27922069 -0.00342114]",
    "olfactory": "[ 0.1847604  -0.07727724 -0.21390801  0.16799271 -0.15155483 -0.12741007\n -0.0220086  -0.13998441 -0.29806725  0.40597927 -0.24306608 -0.17500256\n -0.14843449 -0.02795366  0.18497579  0.4626841   0.19978091  0.04687581\n -0.33477365 -0.29206058  0.09309696  0.29341951  0.18832651 -0.03422854\n -0.23017383 -0.14456209  0.01152797  0.18088568  0.49857621 -0.0991022 ]",
    "pheromonal": "[-0.00616214 -0.00461737  0.0452262  -0.05938122 -0.00246898 -0.02903878\n -0.00318299  0.01181927  0.06007524 -0.05961303  0.05464308  0.04334745\n -0.02123134  0.02101026 -0.03733766 -0.03991626 -0.01317841 -0.00603991\n  0.04847187  0.04387323 -0.01070826 -0.00880052 -0.06107534  0.00017272\n  0.04853354  0.03950399 -0.00086534 -0.04655781 -0.04020712 -0.01739951]",
    "mechanosensory": "[ 1.14048166e-01 -2.14945805e-01 -4.09924522e-02 -1.81271997e-01\n  2.81685757e-02  2.49830792e-01 -1.15025910e-01  3.65370940e-01\n  8.15923368e-02 -1.75049306e-01  2.65885091e-01 -3.37130756e-01\n  6.39479229e-02  1.21619548e-01 -4.17702852e-02 -2.26949730e-01\n -4.09651255e-01  2.11485609e-01  1.38933426e-01  4.83749218e-02\n  3.09746947e-02 -1.63441993e-01  1.41398954e-01  2.49934305e-01\n  2.91608496e-01 -1.79547464e-01  1.87961495e-01 -4.24462581e-02\n -4.30128753e-02  1.33804641e-01  1.21535693e-01 -2.40232678e-01\n -4.81674246e-02  2.39697757e-01 -2.97916773e-01  7.10674585e-02\n -1.67491319e-01 -3.61858370e-01 -1.91365436e-01 -2.08255876e-01\n  2.55425415e-01  2.72693494e-01  3.58066424e-02 -1.45506673e-01\n  3.25109508e-02 -1.47178119e-01 -2.13227762e-01  4.97541762e-02\n -1.61884205e-01  1.21917426e-01 -5.45702989e-01  1.06219401e-01\n  2.30322244e-01  2.47450730e-01  1.73075901e-01 -9.32782574e-02\n  1.81089386e-06 -2.56927388e-01 -2.52253059e-01 -3.52036924e-01]"
  },
  "neural_activity": {
    "mushroom_body": [
      0.12635954055289922,
      0.6510662603041527,
      0.6627929837081565,
      0.9059514415899972,
      0.694024905970108,
      0.13032535785611132,
      0.6785700910874193,
      0.25181423548906845,
      0.9354434499568303,
      0.9820695225306735,
      0.35894562736900226,
      0.09852715118231181,
      0.294853150261539,
      0.7462912346894797,
      0.7870932401371551,
      0.07062982415768515,
      0.48313936540704683,
      0.6622209359526908,
      0.115399259873879,
      0.6872873456110286,
      0.6981114122053442,
      0.504124699964496,
      0.8683273200191458,
      0.7166708401294236,
      0.6182749276751418,
      0.6232014757378306,
      0.39529436063508416,
      0.38233751371397573,
      0.7167883560053652,
      0.44552297638641014,
      0.9047130954552666,
      0.021405918043153394,
      0.7727889117003455,
      0.6159269939967781,
      0.06738501744015668,
      0.32597272676736,
      0.3087168672643883,
      0.9038271378155378,
      0.23784856178197233,
      0.18904989841550568,
      0.2210457214133057,
      0.848521080227047,
      0.3413897391223164,
      0.9617188178997028,
      0.787246394196182,
      0.10829421222201396,
      0.6481604816985572,
      0.7469217894494218,
      0.03391105392878513,
      0.15653537504224724,
      0.9992419020899515,
      0.6853055751030905,
      0.25484180859629757,
      0.9989993979407218,
      0.6524217395054385,
      0.6347337365749102,
      0.744143846619154,
      0.5150140806392638,
      0.7356517947329767,
      0.6376489951475847,
      0.45323207581238756,
      0.37210842438874125,
      0.7037428860280608,
      0.23895712561486693,
      0.5940955300660384,
      0.9945112193658604,
      0.707620198578572,
      0.9534313058612712,
      0.7114461577312933,
      0.4395467057289705,
      0.49249444180522495,
      0.06731022572559242,
      0.27550073951848686,
      0.8881137570119427,
      0.8104454683630198,
      0.58025781616706,
      0.5300344472969072,
      0.07180701688387292,
      0.3757757212457067,
      0.300809054944117,
      0.8118121304991793,
      0.8542922211831256,
      0.9187886496881005,
      0.9817062663157549,
      0.5612733835334486,
      0.2686584688003274,
      0.5043663782398784,
      0.18781304522437448,
      0.71123547918031,
      0.2222548857108344,
      0.5264317813777212,
      0.9750138797195244,
      0.07515074344946227,
      0.2914045013201676,
      0.7958427234065533,
      0.45715523003574077,
      0.5492189810560055,
      0.28384337953527417,
      0.4591770410905638,
      0.27511237675800737
    ],