{
  "step": 25,
  "insect_id": "Fruit_Fly",
  "timestamp": 1753377447.1472747,
  "sensory_input": {
    "visual": [
      0.26864881137248203,
      1.1674522959622922,
      -1.8324619273714247,
      -0.05196895023970436,
      1.2462786099998955,
      1.2040807785029295,
      -1.2183424326137644,
      -1.9250937126119372,
      -1.2566854649514037,
      -1.749599044356559
    ],
    "olfactory": [
      -1.1426083605710007,
      1.5519625538510504,
      -1.4179717397106673,
      -0.5284207353829843,
      -0.6173736259351507
    ],
    "pheromonal": [
      -0.23650105682715872,
      -0.9106911136498628,
      0.14877251242559003
    ],
    "mechanosensory": [
      1.1928817349250103,
      -1.3280132437693581,
      -0.9040346941254692,
      0.42298087233096704
    ]
  },
  "processed_output": {
    "visual": "[ 0.06086249 -0.32269384  0.36807274  0.21806639 -0.57310764  0.03556319\n -0.55451509 -0.06396956  0.63112801 -0.01028647 -0.66514265  0.40653478\n -0.3995372   0.30414023  0.43059805 -0.02758973 -0.30515359  0.660055\n -0.26691734  0.05189624 -0.14728799  0.48815671  0.39443039 -0.26252223\n -0.25837555  0.40285248  0.55370208 -0.15264475  0.44202125 -0.20245871\n -0.42920647  0.10620995 -0.58097232  0.06517135  0.4126735  -0.37699184\n  0.0706599   0.01295128  0.33553764  0.22647034 -0.16332471 -0.17479559\n  0.42306433  0.51806224 -0.39519439 -0.32027796  0.16011837  0.12987321\n -0.37090902  0.22690362 -0.6256361   0.48283413 -0.61967771  0.10496996\n  0.05393785 -0.21385503  0.45589506 -0.31885661  0.0083476   0.31779183\n -0.25905955  0.02098248  0.13266161 -0.01419024  0.28775914 -0.08634896\n -0.14482031 -0.09582623 -0.08590762 -0.74626797 -0.46837074  0.66414233\n -0.31501539  0.55457828  0.05100451 -0.1380182   0.28626957 -0.15069006\n  0.29569568  0.38748086 -0.78355653 -0.25512628 -0.09355693 -0.22834717\n -0.11732442 -0.16904301  0.21785355  0.68915281  0.26651539  0.32005997\n -0.13526244 -0.39092708  0.74783763 -0.11024005  0.24874931  0.2189082\n  0.5803877  -0.31577374  0.66974768  0.62864126  0.14444114 -0.3294191\n -0.23198225 -0.11014379  0.03747398  0.25772261  0.14765405  0.48921429\n -0.57875783 -0.05054836 -0.03479936  0.11547635 -0.24636224  0.06837736\n  0.24435414  0.83628592  0.33218284 -0.70444405 -0.09737791 -0.33534767\n  0.473599   -0.08589817 -0.16089127 -0.65245274 -0.15624517  0.20451777\n  0.5567393  -0.10971384 -0.30155501 -0.69943997 -0.1283137   0.28062541\n  0.40383599 -0.62852713  0.1510355   0.0350566   0.08787479  0.22933042\n  0.53983824  0.30910897  0.2265362   0.06598285  0.41134876  0.0301966\n  0.57387365 -0.53918373 -0.24548104 -0.27613025 -0.1979846   0.21188237\n  0.7164017  -0.5492835  -0.07702378 -0.27819355  0.19431896  0.52560197\n -0.81596875  0.67081612 -0.28891017 -0.48282467 -0.06864844  0.24524089\n  0.22489601 -0.5663025   0.6021632  -0.09235759 -0.29878622  0.38166328\n -0.43140023 -0.05426982 -0.46182806  0.27766664 -0.0264163  -0.26430136\n  0.12693679  0.26635174 -0.22644141  0.39681521 -0.344534   -0.20803946\n  0.3894362   0.4765502  -0.30123384 -0.23762441 -0.28942005  0.26258615\n  0.41990025 -0.37851716  0.21776871  0.47428399  0.37359423 -0.03457442\n -0.47942816 -0.64594163  0.51673529 -0.22016893  0.22589787  0.0612039\n -0.18400564 -0.5368642 ]",
    "olfactory": "[ 0.38489343  0.3244232   0.1770809   0.20994628  0.52493354 -0.38959962\n  0.17637326 -0.15450486 -0.24051881 -0.43480626  0.0103446   0.32628833\n -0.11038372  0.02220453  0.11806158 -0.3288199  -0.07084967  0.0618834\n  0.06082192 -0.06401488 -0.08124925 -0.20526051  0.20863011 -0.39853164\n  0.13570487 -0.05025983 -0.18789924 -0.15915676 -0.01667965 -0.43004349]",
    "pheromonal": "[-0.08597257 -0.14303355 -0.07864068 -0.10368664 -0.1511114   0.08434861\n -0.21877322 -0.070802   -0.03866627  0.03882337  0.03572481 -0.00188264\n -0.02798125  0.07049201 -0.12802686  0.15513422 -0.03958825  0.0779296\n -0.02296863  0.00166461  0.04067605  0.17241387 -0.22871257  0.14857641\n  0.02284882  0.09840825  0.02236223  0.07316336 -0.02388619  0.04587489]",
    "mechanosensory": "[-0.19858698  0.41177529 -0.02507067  0.38168956 -0.14458461 -0.08228012\n -0.08368808 -0.45385057  0.43783742 -0.3394022  -0.25263868  0.05354464\n -0.08113332  0.00560658 -0.47646215  0.1078764   0.00109771 -0.17306448\n -0.02187824 -0.03160494 -0.08716201  0.03206349  0.09916947  0.40457318\n  0.10913482  0.01524802 -0.12697976  0.13191754 -0.1385227  -0.07919946\n -0.22627125 -0.16202535  0.03399625 -0.21685228 -0.01673895  0.05177387\n -0.33652624  0.01775551 -0.13219234 -0.01879367 -0.03945273  0.3393207\n -0.06096773  0.00469581  0.2352681   0.37218432 -0.19604554  0.17116251\n  0.01228555 -0.01079813 -0.07501796 -0.26045647 -0.08313212  0.21965872\n  0.31681995 -0.05580918 -0.06424485  0.07541705 -0.11815434  0.01600229]"
  },
  "neural_activity": {
    "mushroom_body": [
      0.9573342550431373,
      0.5685218001748344,
      0.1532728767834156,
      0.440756085521535,
      0.4259028932173351,
      0.8065279792960456,
      0.735175839227128,
      0.5075710583125029,
      0.3182408848813949,
      0.1857101658658754,
      0.147293821091668,
      0.5144536606534947,
      0.45121488345427196,
      0.4906687440412314,
      0.9154397942576439,
      0.03221105435352989,
      0.5357325732152792,
      0.1382546922159048,
      0.36067250393003913,
      0.5332526610283069,
      0.8730295292421824,
      0.04063562036991242,
      0.7485949842136878,
      0.3405914174807766,
      0.18318381682710538,
      0.5600384713303344,
      0.1937550886838283,
      0.5397260475592325,
      0.5783223468361413,
      0.9653669883642755,
      0.4658507608321515,
      0.041218211917091296,
      0.9430155978024163,
      0.2674308460540551,
      0.7293295369440447,
      0.57561750059022,
      0.8256796537657,
      0.8151716530122752,
      0.5281132367497178,
      0.8266383224215215,
      0.7639307513444167,
      0.2648371836316852,
      0.5252438849384159,
      0.5541905466888357,
      0.37818191129782974,
      0.7450469935471635,
      0.2806576625628212,
      0.970184082071879,
      0.823677363336939,
      0.978073118620327,
      0.49119614886596097,
      0.6255023153178355,
      0.3681622586961123,
      0.27170809027288534,
      0.7049624491081308,
      0.9090151895400193,
      0.41775828586490404,
      0.6095412889618553,
      0.585938072687339,
      0.8930936343998793,
      0.9166908334120343,
      0.8584724743974405,
      0.4721485132611529,
      0.4807210850130702,
      0.966113607256765,
      0.14152773929286366,
      0.6864110737296917,
      0.8136470071682644,
      0.6496913523967113,
      0.8044161094802286,
      0.6584368982773874,
      0.7552418973233255,
      0.616923263713886,
      0.3417038976597814,
      0.3231289351313176,
      0.1544216935411289,
      0.7029083784993677,
      0.5724367368870931,
      0.2916010291694956,
      0.02198318626477036,
      0.1818806884802623,
      0.9196557994989446,
      0.6893228355088742,
      0.8528493442801934,
      0.33072324176447354,
      0.4919088973308279,
      0.9279620406010517,
      0.28301492112311355,
      0.076863264671996,
      0.21435225530737068,
      0.47425321392117226,
      0.3668784589614873,
      0.8654826015894379,
      0.22710319324722184,
      0.7957563775459994,
      0.5848636850024898,
      0.9513743724371871,
      0.09511916040574064,
      0.46089376742698995,
      0.027475684173515202
    ],