{
  "step": 89,
  "insect_id": "Fruit_Fly",
  "timestamp": 1753377493.4763224,
  "sensory_input": {
    "visual": [
      1.485251469778135,
      -0.49794136618603063,
      0.2492208703062888,
      0.041137111810518066,
      0.8250684418982906,
      -0.9852290725223646,
      0.2731531012724948,
      -2.154814648437263,
      -1.4566414024311491,
      0.8311289466663478
    ],
    "olfactory": [
      0.6325404585694051,
      1.1129504452269756,
      0.7129542144917155,
      -1.0138710159308666,
      -0.8032174005151415
    ],
    "pheromonal": [
      -0.12700872469696325,
      -0.837590909136117,
      0.8850628649085538
    ],
    "mechanosensory": [
      -0.17134371519863423,
      0.09895467995363946,
      0.6325646882751813,
      -0.5239666278600703
    ]
  },
  "processed_output": {
    "visual": "[ 0.10255123 -0.17912531  0.17599206 -0.04426852 -0.24069006  0.02914742\n -0.21134809  0.20058993  0.51787398  0.37834041 -0.53156276  0.56262293\n -0.27860161  0.10378591  0.07404784 -0.46566082 -0.71212224  0.21891389\n -0.28905489 -0.38988594 -0.11246065  0.26000737 -0.52310217 -0.22217863\n  0.00306624  0.01359254 -0.02124257  0.34911994  0.21538972 -0.40266561\n  0.20799296  0.05916407 -0.82239144  0.45210845  0.61810969 -0.0119251\n  0.31950723 -0.36043618  0.34598    -0.50449234  0.40185938 -0.12207579\n  0.20692701 -0.08518325 -0.13578929  0.09060928 -0.60828663 -0.28376492\n -0.24123588  0.57667387  0.15637289  0.13996325 -0.02249415  0.76764203\n  0.29172392 -0.53792574 -0.25343984  0.29538386 -0.21666208 -0.29960664\n -0.38156651  0.21637882 -0.17748045  0.15975703 -0.05851869  0.27249382\n  0.54927961 -0.59392525 -0.49205111  0.31433174 -0.61295252  0.37173289\n -0.14582751  0.4247115  -0.31682046 -0.30156357  0.70236865  0.205561\n  0.22790502  0.20119628 -0.21265547 -0.64210107 -0.19821409  0.39113023\n -0.24417515 -0.22388631  0.04000865  0.232404   -0.0333354   0.22926046\n  0.00298536 -0.26271147 -0.10336585  0.13694287  0.49110497 -0.02962062\n  0.04082294  0.44796662 -0.47081134 -0.56579633 -0.11436005 -0.20198078\n  0.0069694   0.09903559  0.14540926 -0.11790467 -0.10996176 -0.06705313\n  0.12747467 -0.09416034  0.44600395  0.06148458  0.05569871  0.33012235\n -0.05273674 -0.11768741 -0.2807194   0.35124668 -0.09087512 -0.19669747\n  0.67380242 -0.27238577  0.07022147  0.07691535  0.14622189  0.50599696\n -0.16050358 -0.04946507 -0.55556944 -0.11228864  0.42416892  0.43473668\n  0.07243855 -0.41719547 -0.37744948 -0.10460182 -0.05205186 -0.04286545\n  0.53045246  0.15880151 -0.22222034 -0.234133   -0.09918613  0.16491974\n  0.50892336 -0.25995722 -0.05275832 -0.04914139  0.41459128 -0.29656638\n  0.16382003 -0.32168052  0.01266047  0.24664657 -0.21756558 -0.54198824\n  0.07005992  0.17203632  0.28074142  0.31840257  0.19464914 -0.33823995\n -0.29942319  0.00173234 -0.36945142 -0.155492   -0.44416254  0.06286322\n -0.0968165   0.41667063 -0.04479658 -0.33748835  0.29329652 -0.00353931\n -0.11157297  0.14185574  0.28243286  0.04477931  0.64733541  0.17248817\n  0.31058665 -0.16109374  0.20271364  0.03510419  0.02771857 -0.01700304\n -0.20896709  0.24275774  0.29281197  0.33911749 -0.52134621 -0.4066518\n -0.13275961 -0.42774622  0.07970556 -0.36438942  0.04317308 -0.18307233\n  0.10028873 -0.15334625]",
    "olfactory": "[ 0.23611938 -0.27347251 -0.0209554   0.08427092  0.09562344 -0.17532892\n  0.33112241  0.05003019 -0.09711096  0.03868192 -0.03912586 -0.10996081\n  0.36311336  0.05296079  0.00720497  0.01396999  0.1088041  -0.05667449\n  0.30341603  0.04140375 -0.23054051 -0.09271705  0.23524612 -0.16563349\n  0.01318024 -0.00636774 -0.10438623 -0.13327438  0.2415731   0.08581709]",
    "pheromonal": "[-0.07540208 -0.29875054 -0.10645049 -0.0980552  -0.31947276  0.1259571\n -0.16336121 -0.01707657  0.00793863  0.04924108 -0.00578285 -0.10204674\n  0.10311825  0.07458992 -0.17574762  0.26405634  0.02724692  0.12076542\n  0.02763462  0.09835905 -0.00565098  0.20867684 -0.15893546  0.18947649\n  0.05567936  0.08996497  0.09638738  0.00923804 -0.04890379  0.13782909]",
    "mechanosensory": "[ 0.12561116 -0.16610562 -0.01979518 -0.05360783 -0.0134783  -0.0016201\n  0.11448575  0.13270195 -0.21440619 -0.00334512  0.15262401 -0.06918163\n  0.04954205  0.07415987  0.08024875 -0.02358769  0.01603453  0.13797479\n -0.07453236 -0.01642756  0.03705054  0.12056497  0.00421285 -0.19774244\n -0.08348216  0.0917613   0.04917563 -0.13322257  0.0757401  -0.04713678\n  0.00692869  0.01582944  0.06804221  0.01364009 -0.0301787  -0.00239501\n  0.17569394  0.05156775  0.04801807 -0.07097066 -0.04936677 -0.05640758\n  0.05208569 -0.07807817  0.07217801 -0.20208112  0.05496007 -0.06056689\n -0.03246968 -0.04571661  0.10390413  0.01539645  0.04264798 -0.02360281\n -0.07894737  0.08005537  0.00294042 -0.07206314  0.10185699 -0.10549   ]"
  },
  "neural_activity": {
    "mushroom_body": [
      0.9573342550431373,
      0.5685218001748344,
      0.1532728767834156,
      0.440756085521535,
      0.4259028932173351,
      0.8065279792960456,
      0.735175839227128,
      0.5075710583125029,
      0.3182408848813949,
      0.1857101658658754,
      0.147293821091668,
      0.5144536606534947,
      0.45121488345427196,
      0.4906687440412314,
      0.9154397942576439,
      0.03221105435352989,
      0.5357325732152792,
      0.1382546922159048,
      0.36067250393003913,
      0.5332526610283069,
      0.8730295292421824,
      0.04063562036991242,
      0.7485949842136878,
      0.3405914174807766,
      0.18318381682710538,
      0.5600384713303344,
      0.1937550886838283,
      0.5397260475592325,
      0.5783223468361413,
      0.9653669883642755,
      0.4658507608321515,
      0.041218211917091296,
      0.9430155978024163,
      0.2674308460540551,
      0.7293295369440447,
      0.57561750059022,
      0.8256796537657,
      0.8151716530122752,
      0.5281132367497178,
      0.8266383224215215,
      0.7639307513444167,
      0.2648371836316852,
      0.5252438849384159,
      0.5541905466888357,
      0.37818191129782974,
      0.7450469935471635,
      0.2806576625628212,
      0.970184082071879,
      0.823677363336939,
      0.978073118620327,
      0.49119614886596097,
      0.6255023153178355,
      0.3681622586961123,
      0.27170809027288534,
      0.7049624491081308,
      0.9090151895400193,
      0.41775828586490404,
      0.6095412889618553,
      0.585938072687339,
      0.8930936343998793,
      0.9166908334120343,
      0.8584724743974405,
      0.4721485132611529,
      0.4807210850130702,
      0.966113607256765,
      0.14152773929286366,
      0.6864110737296917,
      0.8136470071682644,
      0.6496913523967113,
      0.8044161094802286,
      0.6584368982773874,
      0.7552418973233255,
      0.616923263713886,
      0.3417038976597814,
      0.3231289351313176,
      0.1544216935411289,
      0.7029083784993677,
      0.5724367368870931,
      0.2916010291694956,
      0.02198318626477036,
      0.1818806884802623,
      0.9196557994989446,
      0.6893228355088742,
      0.8528493442801934,
      0.33072324176447354,
      0.4919088973308279,
      0.9279620406010517,
      0.28301492112311355,
      0.076863264671996,
      0.21435225530737068,
      0.47425321392117226,
      0.3668784589614873,
      0.8654826015894379,
      0.22710319324722184,
      0.7957563775459994,
      0.5848636850024898,
      0.9513743724371871,
      0.09511916040574064,
      0.46089376742698995,
      0.027475684173515202
    ],