{
  "step": 47,
  "insect_id": "Honeybee",
  "timestamp": 1753377453.7117054,
  "sensory_input": {
    "visual": [
      0.6347778061634934,
      0.6131430044672364,
      -0.828554563863959,
      -0.4024409771849851,
      1.6678962304058194,
      -0.6757546811405141,
      -0.21415866050048987,
      -0.7039954255663055,
      -1.2611444221062962,
      1.8010065484391078
    ],
    "olfactory": [
      -1.3557682462993164,
      -1.5662462633644538,
      -2.4258029518828264,
      -1.0097332478748664,
      0.758387291516787
    ],
    "pheromonal": [
      1.5337168321059877,
      0.019198217766728577,
      -1.6670370193658934
    ],
    "mechanosensory": [
      -1.3571941659845412,
      -0.1150153440715262,
      1.0250694670782214,
      -0.8165319137322308
    ]
  },
  "processed_output": {
    "visual": "[ 0.34722548  0.04164626 -0.13068647 -0.41015561  0.20835367 -0.30549341\n  0.09224939 -0.49232679 -0.09458705  0.58456598  0.33391977  0.38305789\n -0.27618362 -0.04432757  0.0993818   0.12428905 -0.14016279  0.25567138\n -0.67514275  0.28869174  0.10226321  0.31957727 -0.26538596  0.06272302\n  0.2078438  -0.34766011 -0.21705617 -0.53742051  0.38313951 -0.45043928\n -0.41342568 -0.08852575 -0.05660354 -0.41066693 -0.09957138  0.05282704\n -0.14555906 -0.54955366  0.28822116  0.37794423  0.07135432 -0.04322754\n  0.34366676  0.1102876  -0.14299378  0.12844505 -0.08938952  0.30780062\n  0.30779681 -0.2895917  -0.29022374 -0.23308678 -0.42297823 -0.00625448\n -0.1992295  -0.02359062  0.14595428  0.08619784  0.14374198 -0.25608561\n -0.33323338  0.32127657 -0.56257275 -0.44237371 -0.53632015 -0.38170146\n -0.24624403 -0.12883579  0.70126376  0.70431297  0.04403513  0.1722313\n  0.2725613  -0.23212087  0.17225791 -0.59278416 -0.02500313  0.07982467\n  0.63978556 -0.16650309 -0.17779755  0.27011093 -0.39427898  0.15395909\n  0.11489406  0.22958177 -0.51330844  0.48214711  0.49808408 -0.5628303\n  0.14692248  0.11520213 -0.09553574  0.18473674  0.46952658 -0.54918991\n  0.10454052  0.19165534 -0.40804121  0.21607363  0.11927104  0.0235577\n  0.16409836  0.15936358  0.20187005 -0.07004869  0.50836204 -0.23877555\n  0.01508396  0.26417483 -0.44953783  0.39902066  0.21271181  0.22249349\n  0.04084741 -0.52568944  0.01006581 -0.18117606  0.08398603  0.03895434\n -0.20891977 -0.02353579  0.11945535  0.38802223  0.04006795  0.08217448\n  0.21226117 -0.19957859  0.43932779  0.34555953  0.53746093  0.13767422\n -0.09808229 -0.21976136 -0.32076461 -0.10988882 -0.29472735 -0.73317248\n  0.07921764  0.19994867 -0.12016524 -0.08299161  0.02246784 -0.07280588\n  0.22293324 -0.22417838 -0.33053141 -0.20502775 -0.10742877 -0.16940598\n -0.44819885  0.11048777 -0.38708658 -0.32335765 -0.02809124  0.39107285\n  0.01723059 -0.62115793 -0.22008828  0.08504389  0.11238976  0.06024467\n  0.13010074 -0.17066094 -0.07576612  0.39957039 -0.38575867 -0.25287539\n -0.306442    0.68054438 -0.83616851 -0.15191005  0.41759799 -0.48500969\n -0.39630291 -0.16413342  0.00885705 -0.235078   -0.10069562 -0.12061979\n -0.49403979 -0.10100131  0.05962785  0.39895509 -0.10137783  0.35531428\n -0.26339594  0.49108087 -0.0263104  -0.51892222  0.2566111   0.15910841\n -0.2160424   0.39055033  0.03763111  0.2662637  -0.38955444 -0.14790534\n -0.03858769  0.26940049]",
    "olfactory": "[-0.03856367 -0.29093874 -0.42347097  0.27841547  0.71217325  0.16847388\n -0.20250767  0.13956138 -0.64121765  0.20071897 -0.02719575 -0.53125109\n  0.42185469 -0.38089542  0.53417847 -0.10007126 -0.08819139  0.14223366\n -0.26911398 -0.58706242  0.11701094 -0.49926187  0.49919927 -0.23924525\n  0.24135419 -0.23353334  0.00626291  0.39862343 -0.09476082  0.4144991 ]",
    "pheromonal": "[ 0.1971311  -0.34995429 -0.17887277 -0.27113556  0.34120881 -0.41113907\n -0.14796745  0.01556415 -0.35965633  0.17369013  0.19259073 -0.32182726\n -0.09666872 -0.07272072  0.35040037  0.26906095  0.04317136  0.06915587\n -0.27548596 -0.43443127  0.09086198 -0.00978302 -0.01766493 -0.23498264\n  0.28526468  0.06028821  0.00762062  0.1136715   0.30074504  0.0243724 ]",
    "mechanosensory": "[ 0.21424711  0.18157166 -0.01402278  0.27550228  0.06593005 -0.05147166\n -0.0601928  -0.19619542  0.45019321  0.03823732 -0.28827678  0.40166208\n -0.42888488 -0.04025499  0.02019106  0.19591435 -0.10575588 -0.03562179\n  0.11006631  0.16939347 -0.19997115 -0.2024564  -0.14901245  0.16885578\n -0.03739215  0.06354634 -0.19511931  0.16896809  0.4442931  -0.02339302\n  0.01863513 -0.30436101 -0.18999404 -0.28585376 -0.12293927  0.23897654\n  0.18458369  0.38386548  0.24499691 -0.05437307 -0.016252   -0.17460734\n -0.00975186  0.41182345 -0.00525336  0.14061551 -0.24491644 -0.1374021\n  0.05669555 -0.26012541  0.29145027  0.00905038 -0.19675504  0.00572591\n -0.04251056 -0.08386631 -0.00213431 -0.08408302  0.05915205  0.36312032]"
  },
  "neural_activity": {
    "mushroom_body": [
      0.12635954055289922,
      0.6510662603041527,
      0.6627929837081565,
      0.9059514415899972,
      0.694024905970108,
      0.13032535785611132,
      0.6785700910874193,
      0.25181423548906845,
      0.9354434499568303,
      0.9820695225306735,
      0.35894562736900226,
      0.09852715118231181,
      0.294853150261539,
      0.7462912346894797,
      0.7870932401371551,
      0.07062982415768515,
      0.48313936540704683,
      0.6622209359526908,
      0.115399259873879,
      0.6872873456110286,
      0.6981114122053442,
      0.504124699964496,
      0.8683273200191458,
      0.7166708401294236,
      0.6182749276751418,
      0.6232014757378306,
      0.39529436063508416,
      0.38233751371397573,
      0.7167883560053652,
      0.44552297638641014,
      0.9047130954552666,
      0.021405918043153394,
      0.7727889117003455,
      0.6159269939967781,
      0.06738501744015668,
      0.32597272676736,
      0.3087168672643883,
      0.9038271378155378,
      0.23784856178197233,
      0.18904989841550568,
      0.2210457214133057,
      0.848521080227047,
      0.3413897391223164,
      0.9617188178997028,
      0.787246394196182,
      0.10829421222201396,
      0.6481604816985572,
      0.7469217894494218,
      0.03391105392878513,
      0.15653537504224724,
      0.9992419020899515,
      0.6853055751030905,
      0.25484180859629757,
      0.9989993979407218,
      0.6524217395054385,
      0.6347337365749102,
      0.744143846619154,
      0.5150140806392638,
      0.7356517947329767,
      0.6376489951475847,
      0.45323207581238756,
      0.37210842438874125,
      0.7037428860280608,
      0.23895712561486693,
      0.5940955300660384,
      0.9945112193658604,
      0.707620198578572,
      0.9534313058612712,
      0.7114461577312933,
      0.4395467057289705,
      0.49249444180522495,
      0.06731022572559242,
      0.27550073951848686,
      0.8881137570119427,
      0.8104454683630198,
      0.58025781616706,
      0.5300344472969072,
      0.07180701688387292,
      0.3757757212457067,
      0.300809054944117,
      0.8118121304991793,
      0.8542922211831256,
      0.9187886496881005,
      0.9817062663157549,
      0.5612733835334486,
      0.2686584688003274,
      0.5043663782398784,
      0.18781304522437448,
      0.71123547918031,
      0.2222548857108344,
      0.5264317813777212,
      0.9750138797195244,
      0.07515074344946227,
      0.2914045013201676,
      0.7958427234065533,
      0.45715523003574077,
      0.5492189810560055,
      0.28384337953527417,
      0.4591770410905638,
      0.27511237675800737
    ],