{
  "step": 39,
  "insect_id": "Honeybee",
  "timestamp": 1753377453.616358,
  "sensory_input": {
    "visual": [
      -0.8134194550426662,
      -1.4365910091376557,
      -0.44331769955933353,
      1.2757035358077404,
      0.16778097617653825,
      -0.29355848971064624,
      1.0824620067906847,
      -0.2008090828854108,
      -0.04893468856892713,
      -0.4458086822660463
    ],
    "olfactory": [
      -1.5754578539841244,
      0.21085386848490573,
      -0.5452135326833004,
      0.04246962849857383,
      0.5394209701130026
    ],
    "pheromonal": [
      0.6846600416964833,
      -0.3933233151263263,
      -0.03433062385310124
    ],
    "mechanosensory": [
      1.21274803326506,
      1.099934315016108,
      -1.0872244134610822,
      1.1824738493535236
    ]
  },
  "processed_output": {
    "visual": "[-0.27087532  0.29827709 -0.17237862  0.06672807 -0.5082255   0.34672426\n -0.06154881  0.22915398 -0.07879103 -0.11942918 -0.04279338 -0.34338854\n  0.15909077 -0.00732766 -0.21826084 -0.06126351  0.03554935 -0.02498146\n  0.04045999  0.50900418 -0.06098217 -0.22256779 -0.33668326  0.05438756\n  0.26756596  0.07083994  0.16692682  0.29962245 -0.48279002  0.51372304\n -0.0530474  -0.20000805  0.10823649  0.20793466 -0.03355315 -0.13487391\n -0.15269244 -0.30817687 -0.34384743 -0.01342006 -0.07466919 -0.35461174\n -0.1532884  -0.24418219  0.49269252  0.31193888  0.34534112 -0.03709738\n  0.0264576   0.28152384  0.03056984 -0.11262752  0.05608344  0.15438939\n -0.15990726  0.37593058 -0.04523208 -0.21154435  0.08860726  0.21437076\n -0.24671474  0.13869757  0.108053    0.02103699  0.15477382 -0.07309729\n  0.58526606  0.36298351 -0.30582489 -0.06338797  0.10557334 -0.14825044\n -0.05563916  0.15111053 -0.08055508 -0.0066463  -0.17895617  0.11594685\n -0.15401762  0.1117072  -0.02082764 -0.19498192 -0.27011785 -0.34075931\n -0.17656316  0.18134027  0.42277218  0.29295098 -0.4074206   0.01289893\n  0.00110457 -0.28790151 -0.02127917  0.12344282 -0.20286677 -0.01836088\n  0.26451215  0.04726935  0.19605264 -0.14414703 -0.09647313  0.093505\n -0.14744973 -0.17555078 -0.41921881 -0.04676664  0.07258078  0.29445575\n  0.28583587 -0.02209393  0.19289891 -0.2869056  -0.08437725  0.09312402\n  0.38706753  0.30173607  0.19494679 -0.1196381   0.15868087  0.05594345\n -0.10479047  0.03151956  0.32204002 -0.37353352  0.20082754  0.13668103\n  0.15574642  0.27236786 -0.01675272  0.00555063 -0.10403034  0.07144771\n -0.12224286  0.52213971  0.30464305  0.15188546  0.15396628  0.1203714\n  0.01410239 -0.07150514  0.06070344 -0.16748321  0.17222727 -0.25820079\n -0.30959787 -0.06339528 -0.00318014  0.26277662  0.16378051  0.13964285\n  0.03822385  0.32449048  0.0471088   0.0863417  -0.18109795 -0.18465362\n -0.14512894  0.1880748  -0.01696661 -0.08265475  0.27382257  0.04260476\n  0.32683312 -0.24487319 -0.28786537 -0.18557889  0.41358253 -0.30293949\n  0.03092421  0.21528456 -0.32695742  0.11188453  0.08655327  0.21213776\n  0.21184602  0.01158961 -0.09300356  0.21890446  0.0150797   0.02264732\n  0.39157817 -0.399017   -0.11529441 -0.25576605 -0.03017294 -0.57098398\n  0.28188981 -0.29003359 -0.43883624  0.311106   -0.44732902  0.10570799\n -0.05600777 -0.04838566 -0.31175518 -0.14990582  0.0295566  -0.05388524\n -0.04029094 -0.09656005]",
    "olfactory": "[-0.03126037  0.1212827  -0.03048203  0.01295692  0.22129304  0.17898538\n  0.03981779  0.03175752 -0.02192616 -0.18280464  0.14410617 -0.168937\n  0.29017474 -0.11683021  0.10410651 -0.37328034 -0.15876484 -0.08935799\n  0.04057202  0.07991449 -0.07070945 -0.33077616  0.07782531  0.03719618\n  0.03883315  0.02089369 -0.05761675  0.15033134 -0.44672932  0.22487649]",
    "pheromonal": "[ 0.0087426  -0.06747059 -0.0508464  -0.00542356 -0.05137738 -0.07684965\n  0.0081215  -0.00361632 -0.08419231  0.14370945 -0.1085076  -0.04564926\n -0.07015742  0.03378761  0.04345742  0.20468008  0.03735752  0.03672611\n -0.10605326 -0.10903557  0.03707104  0.13490083  0.01583578 -0.045097\n -0.05769764 -0.03802091  0.02837917  0.00061947  0.22505394 -0.03492798]",
    "mechanosensory": "[-1.62179849e-01 -1.22673815e-01 -7.74622283e-02 -3.77549241e-01\n -4.27272392e-04  1.70595737e-01 -1.26872282e-01  2.83727212e-01\n -3.84370561e-01 -8.98262925e-02  2.46195106e-01 -4.92719612e-01\n  3.46040099e-01  1.90904887e-01 -4.97376104e-02 -7.68604940e-02\n -1.00804165e-01  1.00992308e-01 -1.32545742e-01 -8.64108936e-02\n  1.77344530e-01  2.85118211e-01  2.89802705e-01  4.20786051e-02\n  3.91752331e-02 -1.98061040e-01  2.29477886e-01 -1.83378849e-01\n -2.44958699e-01 -7.85179594e-02 -1.02940763e-01  4.88432753e-01\n  9.99467937e-02  4.10609950e-01  1.45166356e-01 -4.32759437e-02\n -2.88666833e-01 -4.71014093e-01 -3.17568557e-01  3.00399756e-02\n  8.90913883e-02  4.17683424e-01 -8.51529789e-02 -4.59397396e-01\n  5.02179614e-02 -1.96029832e-01  1.22127263e-01  1.66272078e-01\n -2.04835371e-02  3.15700891e-01 -4.04631278e-01  2.60438404e-02\n  5.55269023e-02 -5.31483772e-02  2.17205076e-01  8.70001390e-02\n  2.12429232e-02  9.32975933e-02 -5.03860852e-02 -3.53087136e-01]"
  },
  "neural_activity": {
    "mushroom_body": [
      0.12635954055289922,
      0.6510662603041527,
      0.6627929837081565,
      0.9059514415899972,
      0.694024905970108,
      0.13032535785611132,
      0.6785700910874193,
      0.25181423548906845,
      0.9354434499568303,
      0.9820695225306735,
      0.35894562736900226,
      0.09852715118231181,
      0.294853150261539,
      0.7462912346894797,
      0.7870932401371551,
      0.07062982415768515,
      0.48313936540704683,
      0.6622209359526908,
      0.115399259873879,
      0.6872873456110286,
      0.6981114122053442,
      0.504124699964496,
      0.8683273200191458,
      0.7166708401294236,
      0.6182749276751418,
      0.6232014757378306,
      0.39529436063508416,
      0.38233751371397573,
      0.7167883560053652,
      0.44552297638641014,
      0.9047130954552666,
      0.021405918043153394,
      0.7727889117003455,
      0.6159269939967781,
      0.06738501744015668,
      0.32597272676736,
      0.3087168672643883,
      0.9038271378155378,
      0.23784856178197233,
      0.18904989841550568,
      0.2210457214133057,
      0.848521080227047,
      0.3413897391223164,
      0.9617188178997028,
      0.787246394196182,
      0.10829421222201396,
      0.6481604816985572,
      0.7469217894494218,
      0.03391105392878513,
      0.15653537504224724,
      0.9992419020899515,
      0.6853055751030905,
      0.25484180859629757,
      0.9989993979407218,
      0.6524217395054385,
      0.6347337365749102,
      0.744143846619154,
      0.5150140806392638,
      0.7356517947329767,
      0.6376489951475847,
      0.45323207581238756,
      0.37210842438874125,
      0.7037428860280608,
      0.23895712561486693,
      0.5940955300660384,
      0.9945112193658604,
      0.707620198578572,
      0.9534313058612712,
      0.7114461577312933,
      0.4395467057289705,
      0.49249444180522495,
      0.06731022572559242,
      0.27550073951848686,
      0.8881137570119427,
      0.8104454683630198,
      0.58025781616706,
      0.5300344472969072,
      0.07180701688387292,
      0.3757757212457067,
      0.300809054944117,
      0.8118121304991793,
      0.8542922211831256,
      0.9187886496881005,
      0.9817062663157549,
      0.5612733835334486,
      0.2686584688003274,
      0.5043663782398784,
      0.18781304522437448,
      0.71123547918031,
      0.2222548857108344,
      0.5264317813777212,
      0.9750138797195244,
      0.07515074344946227,
      0.2914045013201676,
      0.7958427234065533,
      0.45715523003574077,
      0.5492189810560055,
      0.28384337953527417,
      0.4591770410905638,
      0.27511237675800737
    ],