{
  "step": 86,
  "insect_id": "Ant",
  "timestamp": 1753377493.4383023,
  "sensory_input": {
    "visual": [
      0.5763585189394745,
      -0.5380767213033074,
      0.18525115841764742,
      -0.5494251974990544,
      0.9848348753090423,
      0.2883553901059239,
      -0.15056628935398242,
      0.5289580703703575,
      2.7500310839824618,
      -0.7009240096081076
    ],
    "olfactory": [
      0.17894975853707784,
      0.9705732821121217,
      -1.0858232931280727,
      0.11192512517344891,
      0.30809465616542464
    ],
    "pheromonal": [
      -0.8905070910421027,
      0.5951356976020475,
      1.466332730748848
    ],
    "mechanosensory": [
      0.8097208051345737,
      -0.375118976079958,
      0.8912457177781957,
      0.6725404629881012
    ]
  },
  "processed_output": {
    "visual": "[-0.17279073  0.44979097 -0.04619452  0.06056513 -0.19736935 -0.20227182\n  0.1141888   0.57307557  0.17807107 -0.17532304  0.72379367 -0.13710591\n  0.12686837 -0.49934027  0.15864957  0.08495703 -0.49985035 -0.18662114\n -0.30015177 -0.59265669 -0.18041868 -0.12941221 -0.07297924  0.18378051\n  0.16669246 -0.00976391 -0.07326319 -0.07577538 -0.5603335  -0.14169859\n -0.20713418  0.01900658  0.50495031 -0.14164691 -0.09720161  0.01169184\n  0.22125264  0.05576688 -0.71702773  0.03699369  0.28373473  0.1190103\n -0.25926491 -0.19580186  0.20692454 -0.06600416 -0.19489137  0.52509409\n -0.06799922 -0.34825615 -0.18574339  0.55583259 -0.15570494  0.14129238\n -0.33281263 -0.48690678 -0.220979    0.56529516 -0.36415752 -0.10829822\n  0.09894521 -0.23350481  0.59817855  0.31989968  0.35024856  0.3495221\n  0.35644326 -0.14250755 -0.22784559  0.02542808 -0.13829648 -0.43309048\n  0.04245884 -0.72155209  0.0457797  -0.35762062  0.46991833  0.41143037\n -0.16125259  0.26085368  0.09214633 -0.35560238 -0.04893979  0.16227606\n  0.50662484  0.06825848  0.14720897 -0.20003768 -0.32562324  0.27096315\n  0.34605036  0.24293452  0.02187856 -0.281839   -0.0967612   0.38547438\n  0.2554325  -0.36382473 -0.28798091 -0.54373288  0.04831422  0.27843485\n  0.17013103 -0.43551896 -0.39581995  0.20011298  0.02370953  0.41203196\n  0.29741688 -0.19028028 -0.23473342 -0.30593707 -0.07723454 -0.37483636\n  0.30343784 -0.17188928  0.14678909 -0.20890963 -0.56345412  0.38396668\n  0.16024843 -0.08321028 -0.12817699  0.42972988  0.15282737 -0.06963239\n  0.0135314  -0.25649975 -0.07283366  0.52231705  0.22863744 -0.31209919\n -0.3717393  -0.11263847 -0.26837373 -0.21503721 -0.02519002  0.48985744\n -0.34444977 -0.29901737  0.492261   -0.15471093  0.00148748  0.28447886\n -0.11286325  0.47489225  0.02535178  0.29570793 -0.52782746  0.03994191\n  0.31948686 -0.29728295 -0.08040323 -0.4542001   0.00823468  0.25474507\n  0.58071803 -0.32657242  0.23415083 -0.06760727  0.46443705  0.06410641\n -0.35060754 -0.68989217 -0.06890144  0.09026998 -0.65831774 -0.22311919\n  0.07620036 -0.44624518  0.27070342  0.34040393 -0.08414341 -0.23862968\n  0.14408368 -0.21694818  0.35255927  0.33896809  0.32455779  0.01232221\n  0.6033072   0.16980632 -0.14041796  0.20584642 -0.17144618 -0.02538782\n -0.21496829  0.67748596 -0.59927948 -0.19670455  0.57988066 -0.10649993\n -0.06283197  0.40271691  0.34078558  0.10026913  0.02838483  0.255091\n  0.39336833  0.35021717]",
    "olfactory": "[-0.3709366   0.14191827  0.15109931 -0.25540255  0.3197913  -0.03493615\n  0.04753714 -0.0106158   0.08634748 -0.1425128   0.07282411  0.18813806\n -0.09412187 -0.05597688  0.06571977 -0.2408353   0.13160555 -0.07075837\n -0.05998471  0.05181537 -0.01362835  0.07500365  0.19861927 -0.09067508\n -0.17543109  0.0792085  -0.11504505 -0.24250684  0.02416523  0.06703663]",
    "pheromonal": "[ 0.16966975  0.28750454 -0.04520582 -0.19869388 -0.00235055 -0.17489589\n -0.03700605 -0.4047462  -0.08228863  0.20227865 -0.24221959 -0.25109399\n  0.23591188 -0.04717173  0.06660724 -0.01648917  0.24672547  0.15811835\n -0.13732478  0.06475582  0.14576275  0.02748573 -0.04749535  0.30871743\n -0.00975074 -0.16721268 -0.09028634  0.41141668 -0.0506819  -0.01592019]",
    "mechanosensory": "[-0.11594216 -0.0239876  -0.0164002  -0.18716016  0.06962142  0.17387568\n -0.05132051 -0.15126884 -0.09181013 -0.07420743  0.25587039  0.21159664\n -0.01310884  0.1223527  -0.01285039 -0.3546336   0.02545622 -0.03803323\n  0.18689306 -0.03071086  0.13741917  0.01000377  0.10885488  0.09437762\n -0.04386484  0.06852157  0.0339274  -0.31167536 -0.14524193 -0.40791031\n  0.16694629  0.10904149  0.07547072 -0.0571084  -0.04513847  0.14519926\n  0.00832825  0.05457876  0.08709818  0.21890125  0.06916245  0.30662019\n  0.02865875  0.01411323 -0.10780125  0.15952173 -0.23238274 -0.02112938\n  0.08821764  0.07170655 -0.06427849  0.15239003  0.08336146 -0.07181914\n  0.12841111 -0.0380796  -0.0394563  -0.01847427 -0.05434969 -0.07801134]"
  },
  "neural_activity": {
    "mushroom_body": [
      0.4924007237947772,
      0.14693464607642892,
      0.767210702383254,
      0.6248820631260946,
      0.9864482839136465,
      0.33642038262559837,
      0.4422341246408278,
      0.9350583906263176,
      0.8758108280827299,
      0.364067756289724,
      0.02099672115939233,
      0.3653858631904884,
      0.8151629850456615,
      0.6140212660019688,
      0.32891618603502437,
      0.18893806693942827,
      0.7905736907455317,
      0.49916065962944123,
      0.19717420637235406,
      0.9213049964468009,
      0.447226947943287,
      0.7632966728025157,
      0.8032316000008118,
      0.5535376916288629,
      0.07895300729288246,
      0.37207011325454553,
      0.17281634483101527,
      0.9955464920855303,
      0.7331206509221954,
      0.5386381999688542,
      0.39924139702265893,
      0.2069417262349741,
      0.18638278300294076,
      0.5276332937882693,
      0.6015984856107799,
      0.738477463568368,
      0.012070075146157544,
      0.39691921306107414,
      0.9742478701988332,
      0.24929524690375904,
      0.2769088846934247,
      0.5292959918493957,
      0.07966113583142909,
      0.21578219897423678,
      0.7698762304225306,
      0.28290490199427065,
      0.9405319902264295,
      0.6002708120426894,
      0.45739250176265134,
      0.4463890668275149,
      0.9356395009266144,
      0.2565397437437217,
      0.45391089141763574,
      0.6693230026315135,
      0.02617703582476605,
      0.02531896787827681,
      0.5251034861530219,
      0.7031803637078137,
      0.058529304862222964,
      0.01939748304062039,
      0.5974268143442467,
      0.12381889677257696,
      0.6523379317512753,
      0.9321946265931902,
      0.591086092657511,
      0.1240378689225623,
      0.9362653987395712,
      0.5070649457786084,
      0.0919345703443104,
      0.7666644812076299,
      0.08779127460972835,
      0.33673866917057105,
      0.5896370886961854,
      0.2909284330490943,
      0.7323145070044182,
      0.7236888826592979,
      0.5710198786593059,
      0.7176901664961559,
      0.24203636076752333,
      0.41260492944946736,
      0.8738631246179162,
      0.4024116122514887,
      0.24035654060282785,
      0.3736574116109701,
      0.03336379466983419,
      0.6106387280493265,
      0.9364508555576203,
      0.22944403673237168,
      0.4365801853721185,
      0.8738519447485829,
      0.5050267126920194,
      0.453349231079773,
      0.993777465048396,
      0.3051647484911183,
      0.5080186252800102,
      0.5197698326970429,
      0.18403870897738006,
      0.28479427375720423,
      0.10024162543381976,
      0.18808052763581162
    ],